solid OpenSCAD_Model
  facet normal 0 0 -1
    outer loop
      vertex 2.52852 -22.9339 0
      vertex 2.53534 -22.3252 0
      vertex 2.54919 -22.6277 0
    endloop
  endfacet
  facet normal 0 0 -1
    outer loop
      vertex -2.52852 -22.9339 0
      vertex 2.52852 -22.9339 0
      vertex 2.4875 -23.2423 0
    endloop
  endfacet
  facet normal 0 0 -1
    outer loop
      vertex -2.4875 -23.2423 0
      vertex 2.4875 -23.2423 0
      vertex 2.42996 -23.5521 0
    endloop
  endfacet
  facet normal 0 0 -1
    outer loop
      vertex -2.42996 -23.5521 0
      vertex 2.42996 -23.5521 0
      vertex 2.35797 -23.8626 0
    endloop
  endfacet
  facet normal 0 0 -1
    outer loop
      vertex 2.4875 -23.2423 0
      vertex -2.4875 -23.2423 0
      vertex -2.52852 -22.9339 0
    endloop
  endfacet
  facet normal 0 0 -1
    outer loop
      vertex 2.53534 -22.3252 0
      vertex -2.53534 -22.3252 0
      vertex 2.35103 -20.7024 0
    endloop
  endfacet
  facet normal 0 -0 -1
    outer loop
      vertex -2.35103 -20.7024 0
      vertex 2.35103 -20.7024 0
      vertex -2.53534 -22.3252 0
    endloop
  endfacet
  facet normal 0 0 -1
    outer loop
      vertex -2.35797 -23.8626 0
      vertex 2.35797 -23.8626 0
      vertex 2.27245 -24.1748 0
    endloop
  endfacet
  facet normal 0 0 -1
    outer loop
      vertex 7.81407 -23.9449 0
      vertex 11.4062 -22.4569 0
      vertex 11.404 -22.7965 0
    endloop
  endfacet
  facet normal 0 0 -1
    outer loop
      vertex 8.05544 -24.1832 0
      vertex 11.404 -22.7965 0
      vertex 11.392 -23.1393 0
    endloop
  endfacet
  facet normal 0 0 -1
    outer loop
      vertex 7.81407 -23.9449 0
      vertex 11.404 -22.7965 0
      vertex 8.05544 -24.1832 0
    endloop
  endfacet
  facet normal 0 0 -1
    outer loop
      vertex 8.3069 -24.4176 0
      vertex 11.392 -23.1393 0
      vertex 11.3702 -23.4859 0
    endloop
  endfacet
  facet normal -0 0 -1
    outer loop
      vertex 11.4062 -22.4569 0
      vertex 7.81407 -23.9449 0
      vertex 11.3982 -22.1213 0
    endloop
  endfacet
  facet normal 0 0 -1
    outer loop
      vertex 8.56714 -24.6471 0
      vertex 11.3702 -23.4859 0
      vertex 11.3388 -23.8366 0
    endloop
  endfacet
  facet normal 0 0 -1
    outer loop
      vertex 7.58221 -23.7018 0
      vertex 11.3982 -22.1213 0
      vertex 7.81407 -23.9449 0
    endloop
  endfacet
  facet normal 0 0 -1
    outer loop
      vertex 8.83717 -24.8727 0
      vertex 11.3388 -23.8366 0
      vertex 11.298 -24.1894 0
    endloop
  endfacet
  facet normal -0 0 -1
    outer loop
      vertex 11.3982 -22.1213 0
      vertex 7.58221 -23.7018 0
      vertex 11.3799 -21.7906 0
    endloop
  endfacet
  facet normal 0 0 -1
    outer loop
      vertex 9.11551 -25.0933 0
      vertex 11.298 -24.1894 0
      vertex 11.2477 -24.5456 0
    endloop
  endfacet
  facet normal 0 0 -1
    outer loop
      vertex 11.392 -23.1393 0
      vertex 8.3069 -24.4176 0
      vertex 8.05544 -24.1832 0
    endloop
  endfacet
  facet normal 0 0 -1
    outer loop
      vertex 7.36171 -23.4553 0
      vertex 11.3799 -21.7906 0
      vertex 7.58221 -23.7018 0
    endloop
  endfacet
  facet normal 0 0 -1
    outer loop
      vertex 7.15176 -23.2042 0
      vertex 11.3507 -21.4648 0
      vertex 7.36171 -23.4553 0
    endloop
  endfacet
  facet normal -0 0 -1
    outer loop
      vertex 11.3507 -21.4648 0
      vertex 7.15176 -23.2042 0
      vertex 11.3103 -21.1442 0
    endloop
  endfacet
  facet normal 0 0 -1
    outer loop
      vertex 6.9536 -22.9489 0
      vertex 11.3103 -21.1442 0
      vertex 7.15176 -23.2042 0
    endloop
  endfacet
  facet normal -0 0 -1
    outer loop
      vertex 11.258 -20.8295 0
      vertex 6.76797 -22.6891 0
      vertex 11.1926 -20.521 0
    endloop
  endfacet
  facet normal 0 0 -1
    outer loop
      vertex 6.59621 -22.4249 0
      vertex 11.1926 -20.521 0
      vertex 6.76797 -22.6891 0
    endloop
  endfacet
  facet normal -0 0 -1
    outer loop
      vertex 11.1926 -20.521 0
      vertex 6.59621 -22.4249 0
      vertex 11.1125 -20.2206 0
    endloop
  endfacet
  facet normal 0 0 -1
    outer loop
      vertex 6.44044 -22.1559 0
      vertex 11.1125 -20.2206 0
      vertex 6.59621 -22.4249 0
    endloop
  endfacet
  facet normal -0 0 -1
    outer loop
      vertex 11.1125 -20.2206 0
      vertex 6.44044 -22.1559 0
      vertex 11.0144 -19.9297 0
    endloop
  endfacet
  facet normal 0 0 -1
    outer loop
      vertex 11.3702 -23.4859 0
      vertex 8.56714 -24.6471 0
      vertex 8.3069 -24.4176 0
    endloop
  endfacet
  facet normal 0 0 -1
    outer loop
      vertex 11.3388 -23.8366 0
      vertex 8.83717 -24.8727 0
      vertex 8.56714 -24.6471 0
    endloop
  endfacet
  facet normal 0 0 -1
    outer loop
      vertex 11.298 -24.1894 0
      vertex 9.11551 -25.0933 0
      vertex 8.83717 -24.8727 0
    endloop
  endfacet
  facet normal 0 0 -1
    outer loop
      vertex 9.11551 -25.0933 0
      vertex 11.2477 -24.5456 0
      vertex 9.40305 -25.3097 0
    endloop
  endfacet
  facet normal 0 0 -1
    outer loop
      vertex 18.0249 -19.6949 0
      vertex 19.6949 -18.0249 0
      vertex 19.7847 -18.3729 0
    endloop
  endfacet
  facet normal -0 0 -1
    outer loop
      vertex 19.6949 -18.0249 0
      vertex 18.0249 -19.6949 0
      vertex 19.5975 -17.6828 0
    endloop
  endfacet
  facet normal 0 0 -1
    outer loop
      vertex 17.6828 -19.5975 0
      vertex 19.5975 -17.6828 0
      vertex 18.0249 -19.6949 0
    endloop
  endfacet
  facet normal 0 0 -1
    outer loop
      vertex 17.3472 -19.4925 0
      vertex 19.4925 -17.3472 0
      vertex 17.6828 -19.5975 0
    endloop
  endfacet
  facet normal -0 0 -1
    outer loop
      vertex 19.4925 -17.3472 0
      vertex 17.3472 -19.4925 0
      vertex 19.3799 -17.0186 0
    endloop
  endfacet
  facet normal -0 0 -1
    outer loop
      vertex 19.3799 -17.0186 0
      vertex 17.0186 -19.3799 0
      vertex 19.2596 -16.6967 0
    endloop
  endfacet
  facet normal 0 0 -1
    outer loop
      vertex 16.6967 -19.2596 0
      vertex 19.2596 -16.6967 0
      vertex 17.0186 -19.3799 0
    endloop
  endfacet
  facet normal -0 0 -1
    outer loop
      vertex 19.2596 -16.6967 0
      vertex 16.6967 -19.2596 0
      vertex 19.1318 -16.3824 0
    endloop
  endfacet
  facet normal -0 0 -1
    outer loop
      vertex 19.1318 -16.3824 0
      vertex 16.3824 -19.1318 0
      vertex 18.9961 -16.0756 0
    endloop
  endfacet
  facet normal 0 0 -1
    outer loop
      vertex 18.0249 -19.6949 0
      vertex 19.7847 -18.3729 0
      vertex 18.3729 -19.7847 0
    endloop
  endfacet
  facet normal -0 0 -1
    outer loop
      vertex 19.5975 -17.6828 0
      vertex 17.6828 -19.5975 0
      vertex 19.4925 -17.3472 0
    endloop
  endfacet
  facet normal 0 0 -1
    outer loop
      vertex 17.0186 -19.3799 0
      vertex 19.3799 -17.0186 0
      vertex 17.3472 -19.4925 0
    endloop
  endfacet
  facet normal 0 0 -1
    outer loop
      vertex 16.3824 -19.1318 0
      vertex 19.1318 -16.3824 0
      vertex 16.6967 -19.2596 0
    endloop
  endfacet
  facet normal 0 0 -1
    outer loop
      vertex 16.0756 -18.9961 0
      vertex 18.9961 -16.0756 0
      vertex 16.3824 -19.1318 0
    endloop
  endfacet
  facet normal -0 0 -1
    outer loop
      vertex 18.9961 -16.0756 0
      vertex 16.0756 -18.9961 0
      vertex 18.8526 -15.7772 0
    endloop
  endfacet
  facet normal 0 0 -1
    outer loop
      vertex 15.7772 -18.8526 0
      vertex 18.8526 -15.7772 0
      vertex 16.0756 -18.9961 0
    endloop
  endfacet
  facet normal -0 0 -1
    outer loop
      vertex 18.8526 -15.7772 0
      vertex 15.7772 -18.8526 0
      vertex 18.7009 -15.4871 0
    endloop
  endfacet
  facet normal 0 0 -1
    outer loop
      vertex 15.4871 -18.7009 0
      vertex 18.7009 -15.4871 0
      vertex 15.7772 -18.8526 0
    endloop
  endfacet
  facet normal -0 0 -1
    outer loop
      vertex 18.7009 -15.4871 0
      vertex 15.4871 -18.7009 0
      vertex 18.541 -15.2066 0
    endloop
  endfacet
  facet normal 0 0 -1
    outer loop
      vertex 15.2066 -18.541 0
      vertex 18.541 -15.2066 0
      vertex 15.4871 -18.7009 0
    endloop
  endfacet
  facet normal -0 0 -1
    outer loop
      vertex 18.541 -15.2066 0
      vertex 15.2066 -18.541 0
      vertex 18.3719 -14.9354 0
    endloop
  endfacet
  facet normal 0 0 -1
    outer loop
      vertex 14.9354 -18.3719 0
      vertex 18.3719 -14.9354 0
      vertex 15.2066 -18.541 0
    endloop
  endfacet
  facet normal -0 0 -1
    outer loop
      vertex 18.3719 -14.9354 0
      vertex 14.9354 -18.3719 0
      vertex 18.1938 -14.676 0
    endloop
  endfacet
  facet normal 0 0 -1
    outer loop
      vertex 14.676 -18.1938 0
      vertex 18.1938 -14.676 0
      vertex 14.9354 -18.3719 0
    endloop
  endfacet
  facet normal -0 0 -1
    outer loop
      vertex 18.1938 -14.676 0
      vertex 14.676 -18.1938 0
      vertex 18.0046 -14.4287 0
    endloop
  endfacet
  facet normal 0 0 -1
    outer loop
      vertex 14.4287 -18.0046 0
      vertex 18.0046 -14.4287 0
      vertex 14.676 -18.1938 0
    endloop
  endfacet
  facet normal -0 0 -1
    outer loop
      vertex 18.0046 -14.4287 0
      vertex 14.4287 -18.0046 0
      vertex 17.8027 -14.1976 0
    endloop
  endfacet
  facet normal -0 0 -1
    outer loop
      vertex 17.8027 -14.1976 0
      vertex 14.4287 -18.0046 0
      vertex 17.579 -13.9935 0
    endloop
  endfacet
  facet normal 0 0 -1
    outer loop
      vertex 13.9935 -17.579 0
      vertex 17.579 -13.9935 0
      vertex 14.4287 -18.0046 0
    endloop
  endfacet
  facet normal -0 0 -1
    outer loop
      vertex 17.579 -13.9935 0
      vertex 13.9935 -17.579 0
      vertex 16.3012 -12.9763 0
    endloop
  endfacet
  facet normal 0 0 -1
    outer loop
      vertex 12.9763 -16.3012 0
      vertex 16.3012 -12.9763 0
      vertex 13.9935 -17.579 0
    endloop
  endfacet
  facet normal -0 0 -1
    outer loop
      vertex 16.3012 -12.9763 0
      vertex 12.9763 -16.3012 0
      vertex 16.2713 -12.9509 0
    endloop
  endfacet
  facet normal 0 0 -1
    outer loop
      vertex 12.9448 -16.2647 0
      vertex 16.2713 -12.9509 0
      vertex 12.9763 -16.3012 0
    endloop
  endfacet
  facet normal -0 0 -1
    outer loop
      vertex 16.2713 -12.9509 0
      vertex 12.9448 -16.2647 0
      vertex 16.2431 -12.9236 0
    endloop
  endfacet
  facet normal 0 0 -1
    outer loop
      vertex 12.9171 -16.237 0
      vertex 16.2431 -12.9236 0
      vertex 12.9448 -16.2647 0
    endloop
  endfacet
  facet normal -0 0 -1
    outer loop
      vertex 16.2431 -12.9236 0
      vertex 12.9171 -16.237 0
      vertex 16.2168 -12.8944 0
    endloop
  endfacet
  facet normal 0 0 -1
    outer loop
      vertex 12.8876 -16.2111 0
      vertex 16.2168 -12.8944 0
      vertex 12.9171 -16.237 0
    endloop
  endfacet
  facet normal -0 0 -1
    outer loop
      vertex 16.2168 -12.8944 0
      vertex 12.8876 -16.2111 0
      vertex 16.1924 -12.8636 0
    endloop
  endfacet
  facet normal 0 0 -1
    outer loop
      vertex 24.1894 -11.298 0
      vertex 25.0933 -9.11551 0
      vertex 25.3097 -9.40305 0
    endloop
  endfacet
  facet normal -0 0 -1
    outer loop
      vertex 25.0933 -9.11551 0
      vertex 24.1894 -11.298 0
      vertex 24.8727 -8.83717 0
    endloop
  endfacet
  facet normal 0 0 -1
    outer loop
      vertex 24.1894 -11.298 0
      vertex 25.3097 -9.40305 0
      vertex 24.5456 -11.2477 0
    endloop
  endfacet
  facet normal 0 0 -1
    outer loop
      vertex 23.8366 -11.3388 0
      vertex 24.8727 -8.83717 0
      vertex 24.1894 -11.298 0
    endloop
  endfacet
  facet normal -0 0 -1
    outer loop
      vertex 24.8727 -8.83717 0
      vertex 23.8366 -11.3388 0
      vertex 24.6471 -8.56714 0
    endloop
  endfacet
  facet normal 0 0 -1
    outer loop
      vertex 23.4859 -11.3702 0
      vertex 24.6471 -8.56714 0
      vertex 23.8366 -11.3388 0
    endloop
  endfacet
  facet normal -0 0 -1
    outer loop
      vertex 24.6471 -8.56714 0
      vertex 23.4859 -11.3702 0
      vertex 24.4176 -8.3069 0
    endloop
  endfacet
  facet normal 0 0 -1
    outer loop
      vertex 23.1393 -11.392 0
      vertex 24.4176 -8.3069 0
      vertex 23.4859 -11.3702 0
    endloop
  endfacet
  facet normal -0 0 -1
    outer loop
      vertex 24.4176 -8.3069 0
      vertex 23.1393 -11.392 0
      vertex 24.1832 -8.05544 0
    endloop
  endfacet
  facet normal 0 0 -1
    outer loop
      vertex 22.7965 -11.404 0
      vertex 24.1832 -8.05544 0
      vertex 23.1393 -11.392 0
    endloop
  endfacet
  facet normal -0 0 -1
    outer loop
      vertex 24.1832 -8.05544 0
      vertex 22.7965 -11.404 0
      vertex 23.9449 -7.81407 0
    endloop
  endfacet
  facet normal 0 0 -1
    outer loop
      vertex 22.4569 -11.4062 0
      vertex 23.9449 -7.81407 0
      vertex 22.7965 -11.404 0
    endloop
  endfacet
  facet normal -0 0 -1
    outer loop
      vertex 23.9449 -7.81407 0
      vertex 22.4569 -11.4062 0
      vertex 23.7018 -7.58221 0
    endloop
  endfacet
  facet normal 0 0 -1
    outer loop
      vertex 22.1213 -11.3982 0
      vertex 23.7018 -7.58221 0
      vertex 22.4569 -11.4062 0
    endloop
  endfacet
  facet normal -0 0 -1
    outer loop
      vertex 23.7018 -7.58221 0
      vertex 22.1213 -11.3982 0
      vertex 23.4553 -7.36171 0
    endloop
  endfacet
  facet normal 0 0 -1
    outer loop
      vertex 21.7906 -11.3799 0
      vertex 23.4553 -7.36171 0
      vertex 22.1213 -11.3982 0
    endloop
  endfacet
  facet normal -0 0 -1
    outer loop
      vertex 23.4553 -7.36171 0
      vertex 21.7906 -11.3799 0
      vertex 23.2042 -7.15176 0
    endloop
  endfacet
  facet normal 0 0 -1
    outer loop
      vertex 21.4648 -11.3507 0
      vertex 23.2042 -7.15176 0
      vertex 21.7906 -11.3799 0
    endloop
  endfacet
  facet normal -0 0 -1
    outer loop
      vertex 23.2042 -7.15176 0
      vertex 21.4648 -11.3507 0
      vertex 22.9489 -6.9536 0
    endloop
  endfacet
  facet normal 0 0 -1
    outer loop
      vertex 21.1442 -11.3103 0
      vertex 22.9489 -6.9536 0
      vertex 21.4648 -11.3507 0
    endloop
  endfacet
  facet normal -0 0 -1
    outer loop
      vertex 22.9489 -6.9536 0
      vertex 21.1442 -11.3103 0
      vertex 22.6891 -6.76797 0
    endloop
  endfacet
  facet normal 0 0 -1
    outer loop
      vertex 20.8295 -11.258 0
      vertex 22.6891 -6.76797 0
      vertex 21.1442 -11.3103 0
    endloop
  endfacet
  facet normal -0 0 -1
    outer loop
      vertex 22.6891 -6.76797 0
      vertex 20.8295 -11.258 0
      vertex 22.4249 -6.59621 0
    endloop
  endfacet
  facet normal 0 0 -1
    outer loop
      vertex 20.521 -11.1926 0
      vertex 22.4249 -6.59621 0
      vertex 20.8295 -11.258 0
    endloop
  endfacet
  facet normal -0 0 -1
    outer loop
      vertex 22.4249 -6.59621 0
      vertex 20.521 -11.1926 0
      vertex 22.1559 -6.44044 0
    endloop
  endfacet
  facet normal 0 0 -1
    outer loop
      vertex 20.2206 -11.1125 0
      vertex 22.1559 -6.44044 0
      vertex 20.521 -11.1926 0
    endloop
  endfacet
  facet normal -0 0 -1
    outer loop
      vertex 22.1559 -6.44044 0
      vertex 20.2206 -11.1125 0
      vertex 21.8808 -6.30408 0
    endloop
  endfacet
  facet normal -0 0 -1
    outer loop
      vertex 21.8808 -6.30408 0
      vertex 20.2206 -11.1125 0
      vertex 21.5959 -6.20113 0
    endloop
  endfacet
  facet normal 0 0 -1
    outer loop
      vertex 19.9297 -11.0144 0
      vertex 21.5959 -6.20113 0
      vertex 20.2206 -11.1125 0
    endloop
  endfacet
  facet normal 0 0 -1
    outer loop
      vertex 19.6556 -10.8858 0
      vertex 21.5959 -6.20113 0
      vertex 19.9297 -11.0144 0
    endloop
  endfacet
  facet normal -0 0 -1
    outer loop
      vertex 21.5959 -6.20113 0
      vertex 19.6556 -10.8858 0
      vertex 20.0262 -5.7504 0
    endloop
  endfacet
  facet normal 0 0 -1
    outer loop
      vertex 18.2268 -10.0945 0
      vertex 20.0262 -5.7504 0
      vertex 19.6556 -10.8858 0
    endloop
  endfacet
  facet normal -0 0 -1
    outer loop
      vertex 20.0262 -5.7504 0
      vertex 18.2268 -10.0945 0
      vertex 19.9888 -5.73834 0
    endloop
  endfacet
  facet normal 0 0 -1
    outer loop
      vertex 18.1837 -10.0729 0
      vertex 19.9888 -5.73834 0
      vertex 18.2268 -10.0945 0
    endloop
  endfacet
  facet normal -0 0 -1
    outer loop
      vertex 19.9888 -5.73834 0
      vertex 18.1837 -10.0729 0
      vertex 19.9523 -5.72386 0
    endloop
  endfacet
  facet normal 0 0 -1
    outer loop
      vertex 18.1475 -10.0579 0
      vertex 19.9523 -5.72386 0
      vertex 18.1837 -10.0729 0
    endloop
  endfacet
  facet normal -0 0 -1
    outer loop
      vertex 19.9523 -5.72386 0
      vertex 18.1475 -10.0579 0
      vertex 19.9169 -5.70702 0
    endloop
  endfacet
  facet normal 0 0 -1
    outer loop
      vertex 18.1103 -10.0452 0
      vertex 19.9169 -5.70702 0
      vertex 18.1475 -10.0579 0
    endloop
  endfacet
  facet normal -0 0 -1
    outer loop
      vertex 19.9169 -5.70702 0
      vertex 18.1103 -10.0452 0
      vertex 19.8826 -5.6879 0
    endloop
  endfacet
  facet normal 0 0 -1
    outer loop
      vertex 18.0724 -10.0351 0
      vertex 19.8826 -5.6879 0
      vertex 18.1103 -10.0452 0
    endloop
  endfacet
  facet normal -0 0 -1
    outer loop
      vertex 19.8826 -5.6879 0
      vertex 18.0724 -10.0351 0
      vertex 19.8496 -5.66656 0
    endloop
  endfacet
  facet normal 0 0 -1
    outer loop
      vertex 18.0338 -10.0274 0
      vertex 19.8496 -5.66656 0
      vertex 18.0724 -10.0351 0
    endloop
  endfacet
  facet normal -0 0 -1
    outer loop
      vertex 19.8496 -5.66656 0
      vertex 18.0338 -10.0274 0
      vertex 19.8181 -5.64314 0
    endloop
  endfacet
  facet normal 0 0 -1
    outer loop
      vertex 17.9949 -10.0223 0
      vertex 19.8181 -5.64314 0
      vertex 18.0338 -10.0274 0
    endloop
  endfacet
  facet normal -0 0 -1
    outer loop
      vertex 19.8181 -5.64314 0
      vertex 17.9949 -10.0223 0
      vertex 19.7882 -5.61769 0
    endloop
  endfacet
  facet normal 0 0 -1
    outer loop
      vertex 17.9557 -10.0197 0
      vertex 19.7882 -5.61769 0
      vertex 17.9949 -10.0223 0
    endloop
  endfacet
  facet normal -0 0 -1
    outer loop
      vertex 19.7882 -5.61769 0
      vertex 17.9557 -10.0197 0
      vertex 19.7601 -5.59035 0
    endloop
  endfacet
  facet normal 0 0 -1
    outer loop
      vertex 17.9165 -10.0197 0
      vertex 19.7601 -5.59035 0
      vertex 17.9557 -10.0197 0
    endloop
  endfacet
  facet normal -0 0 -1
    outer loop
      vertex 19.7601 -5.59035 0
      vertex 17.9165 -10.0197 0
      vertex 19.7337 -5.56122 0
    endloop
  endfacet
  facet normal 0 0 -1
    outer loop
      vertex 17.8773 -10.0223 0
      vertex 19.7337 -5.56122 0
      vertex 17.9165 -10.0197 0
    endloop
  endfacet
  facet normal -0 0 -1
    outer loop
      vertex 19.7337 -5.56122 0
      vertex 17.8773 -10.0223 0
      vertex 19.7094 -5.53043 0
    endloop
  endfacet
  facet normal 0 0 -1
    outer loop
      vertex 17.8384 -10.0274 0
      vertex 19.7094 -5.53043 0
      vertex 17.8773 -10.0223 0
    endloop
  endfacet
  facet normal 0 0 -1
    outer loop
      vertex 26.6719 -1.18092 0
      vertex 26.9815 0.998322 0
      vertex 26.9815 -0.998322 0
    endloop
  endfacet
  facet normal 0 0 -1
    outer loop
      vertex 26.6719 -1.18092 0
      vertex 26.6719 1.18092 0
      vertex 26.9815 0.998322 0
    endloop
  endfacet
  facet normal 0 0 -1
    outer loop
      vertex 26.3613 -1.35384 0
      vertex 26.6719 1.18092 0
      vertex 26.6719 -1.18092 0
    endloop
  endfacet
  facet normal 0 0 -1
    outer loop
      vertex 26.3613 -1.35384 0
      vertex 26.3613 1.35384 0
      vertex 26.6719 1.18092 0
    endloop
  endfacet
  facet normal 0 0 -1
    outer loop
      vertex 26.0492 -1.51715 0
      vertex 26.3613 1.35384 0
      vertex 26.3613 -1.35384 0
    endloop
  endfacet
  facet normal 0 0 -1
    outer loop
      vertex 26.0492 -1.51715 0
      vertex 26.0492 1.51715 0
      vertex 26.3613 1.35384 0
    endloop
  endfacet
  facet normal 0 0 -1
    outer loop
      vertex 25.7377 -1.66971 0
      vertex 26.0492 1.51715 0
      vertex 26.0492 -1.51715 0
    endloop
  endfacet
  facet normal 0 0 -1
    outer loop
      vertex 25.7377 -1.66971 0
      vertex 25.7377 1.66971 0
      vertex 26.0492 1.51715 0
    endloop
  endfacet
  facet normal 0 0 -1
    outer loop
      vertex 25.4252 -1.81219 0
      vertex 25.7377 1.66971 0
      vertex 25.7377 -1.66971 0
    endloop
  endfacet
  facet normal 0 0 -1
    outer loop
      vertex 25.4252 -1.81219 0
      vertex 25.4252 1.81219 0
      vertex 25.7377 1.66971 0
    endloop
  endfacet
  facet normal 0 0 -1
    outer loop
      vertex 25.1126 -1.94403 0
      vertex 25.4252 1.81219 0
      vertex 25.4252 -1.81219 0
    endloop
  endfacet
  facet normal 0 0 -1
    outer loop
      vertex 25.1126 -1.94403 0
      vertex 25.1126 1.94403 0
      vertex 25.4252 1.81219 0
    endloop
  endfacet
  facet normal 0 0 -1
    outer loop
      vertex 24.7995 -2.06508 0
      vertex 25.1126 1.94403 0
      vertex 25.1126 -1.94403 0
    endloop
  endfacet
  facet normal 0 0 -1
    outer loop
      vertex 24.7995 -2.06508 0
      vertex 24.7995 2.06508 0
      vertex 25.1126 1.94403 0
    endloop
  endfacet
  facet normal 0 0 -1
    outer loop
      vertex 24.4868 -2.17474 0
      vertex 24.7995 2.06508 0
      vertex 24.7995 -2.06508 0
    endloop
  endfacet
  facet normal 0 0 -1
    outer loop
      vertex 24.4868 -2.17474 0
      vertex 24.4868 2.17474 0
      vertex 24.7995 2.06508 0
    endloop
  endfacet
  facet normal 0 0 -1
    outer loop
      vertex 24.1748 -2.27245 0
      vertex 24.4868 2.17474 0
      vertex 24.4868 -2.17474 0
    endloop
  endfacet
  facet normal 0 0 -1
    outer loop
      vertex 24.1748 -2.27245 0
      vertex 24.1748 2.27245 0
      vertex 24.4868 2.17474 0
    endloop
  endfacet
  facet normal 0 0 -1
    outer loop
      vertex 23.8626 -2.35797 0
      vertex 24.1748 2.27245 0
      vertex 24.1748 -2.27245 0
    endloop
  endfacet
  facet normal 0 0 -1
    outer loop
      vertex 23.8626 -2.35797 0
      vertex 23.8626 2.35797 0
      vertex 24.1748 2.27245 0
    endloop
  endfacet
  facet normal 0 0 -1
    outer loop
      vertex 23.5521 -2.42996 0
      vertex 23.8626 2.35797 0
      vertex 23.8626 -2.35797 0
    endloop
  endfacet
  facet normal 0 0 -1
    outer loop
      vertex 23.5521 -2.42996 0
      vertex 23.5521 2.42996 0
      vertex 23.8626 2.35797 0
    endloop
  endfacet
  facet normal 0 0 -1
    outer loop
      vertex 23.2423 -2.4875 0
      vertex 23.5521 2.42996 0
      vertex 23.5521 -2.42996 0
    endloop
  endfacet
  facet normal 0 0 -1
    outer loop
      vertex 23.2423 -2.4875 0
      vertex 23.2423 2.4875 0
      vertex 23.5521 2.42996 0
    endloop
  endfacet
  facet normal 0 0 -1
    outer loop
      vertex 22.9339 -2.52852 0
      vertex 23.2423 2.4875 0
      vertex 23.2423 -2.4875 0
    endloop
  endfacet
  facet normal 0 0 -1
    outer loop
      vertex 22.9339 -2.52852 0
      vertex 22.9339 2.52852 0
      vertex 23.2423 2.4875 0
    endloop
  endfacet
  facet normal 0 0 -1
    outer loop
      vertex 22.6277 -2.54919 0
      vertex 22.9339 2.52852 0
      vertex 22.9339 -2.52852 0
    endloop
  endfacet
  facet normal 0 0 -1
    outer loop
      vertex 22.6277 -2.54919 0
      vertex 22.6277 2.54919 0
      vertex 22.9339 2.52852 0
    endloop
  endfacet
  facet normal 0 0 -1
    outer loop
      vertex 22.3252 -2.53534 0
      vertex 22.6277 2.54919 0
      vertex 22.6277 -2.54919 0
    endloop
  endfacet
  facet normal 0 0 -1
    outer loop
      vertex 22.3252 -2.53534 0
      vertex 22.3252 2.53534 0
      vertex 22.6277 2.54919 0
    endloop
  endfacet
  facet normal 0 0 -1
    outer loop
      vertex 20.7024 -2.35103 0
      vertex 22.3252 2.53534 0
      vertex 22.3252 -2.53534 0
    endloop
  endfacet
  facet normal 0 0 -1
    outer loop
      vertex 20.7024 -2.35103 0
      vertex 20.7024 2.35103 0
      vertex 22.3252 2.53534 0
    endloop
  endfacet
  facet normal 0 0 -1
    outer loop
      vertex 20.7024 -2.35103 0
      vertex 20.6632 2.34787 0
      vertex 20.7024 2.35103 0
    endloop
  endfacet
  facet normal 0 0 -1
    outer loop
      vertex 20.6543 -2.3475 0
      vertex 20.6632 2.34787 0
      vertex 20.7024 -2.35103 0
    endloop
  endfacet
  facet normal 0 0 -1
    outer loop
      vertex 20.6543 -2.3475 0
      vertex 20.624 2.34729 0
      vertex 20.6632 2.34787 0
    endloop
  endfacet
  facet normal 0 0 -1
    outer loop
      vertex 20.615 -2.3475 0
      vertex 20.624 2.34729 0
      vertex 20.6543 -2.3475 0
    endloop
  endfacet
  facet normal 0 0 -1
    outer loop
      vertex 20.615 -2.3475 0
      vertex 20.5848 2.34927 0
      vertex 20.624 2.34729 0
    endloop
  endfacet
  facet normal 0 0 -1
    outer loop
      vertex 20.5759 -2.35008 0
      vertex 20.5848 2.34927 0
      vertex 20.615 -2.3475 0
    endloop
  endfacet
  facet normal 0 0 -1
    outer loop
      vertex 20.5759 -2.35008 0
      vertex 20.5458 2.35381 0
      vertex 20.5848 2.34927 0
    endloop
  endfacet
  facet normal 0 0 -1
    outer loop
      vertex 20.5369 -2.35521 0
      vertex 20.5458 2.35381 0
      vertex 20.5759 -2.35008 0
    endloop
  endfacet
  facet normal 0 0 -1
    outer loop
      vertex 20.5369 -2.35521 0
      vertex 20.5072 2.3609 0
      vertex 20.5458 2.35381 0
    endloop
  endfacet
  facet normal 0 0 -1
    outer loop
      vertex 20.4984 -2.36287 0
      vertex 20.5072 2.3609 0
      vertex 20.5369 -2.35521 0
    endloop
  endfacet
  facet normal 0 0 -1
    outer loop
      vertex 20.4984 -2.36287 0
      vertex 20.4691 2.3705 0
      vertex 20.5072 2.3609 0
    endloop
  endfacet
  facet normal 0 0 -1
    outer loop
      vertex 20.4605 -2.37303 0
      vertex 20.4691 2.3705 0
      vertex 20.4984 -2.36287 0
    endloop
  endfacet
  facet normal 0 0 -1
    outer loop
      vertex 20.4605 -2.37303 0
      vertex 20.4317 2.38255 0
      vertex 20.4691 2.3705 0
    endloop
  endfacet
  facet normal 0 0 -1
    outer loop
      vertex 20.4233 -2.38565 0
      vertex 20.4317 2.38255 0
      vertex 20.4605 -2.37303 0
    endloop
  endfacet
  facet normal 0 0 -1
    outer loop
      vertex 20.4233 -2.38565 0
      vertex 20.3952 2.39703 0
      vertex 20.4317 2.38255 0
    endloop
  endfacet
  facet normal 0 0 -1
    outer loop
      vertex 20.387 -2.40068 0
      vertex 20.3952 2.39703 0
      vertex 20.4233 -2.38565 0
    endloop
  endfacet
  facet normal 0 0 -1
    outer loop
      vertex 20.387 -2.40068 0
      vertex 20.3598 2.41388 0
      vertex 20.3952 2.39703 0
    endloop
  endfacet
  facet normal 0 0 -1
    outer loop
      vertex 20.3518 -2.41805 0
      vertex 20.3598 2.41388 0
      vertex 20.387 -2.40068 0
    endloop
  endfacet
  facet normal 0 0 -1
    outer loop
      vertex 20.3518 -2.41805 0
      vertex 20.3255 2.433 0
      vertex 20.3598 2.41388 0
    endloop
  endfacet
  facet normal 0 0 -1
    outer loop
      vertex 20.3178 -2.43767 0
      vertex 20.3255 2.433 0
      vertex 20.3518 -2.41805 0
    endloop
  endfacet
  facet normal 0 0 -1
    outer loop
      vertex 20.3178 -2.43767 0
      vertex 20.2925 2.45433 0
      vertex 20.3255 2.433 0
    endloop
  endfacet
  facet normal 0 0 -1
    outer loop
      vertex 20.2852 -2.45949 0
      vertex 20.2925 2.45433 0
      vertex 20.3178 -2.43767 0
    endloop
  endfacet
  facet normal 0 0 -1
    outer loop
      vertex 20.2852 -2.45949 0
      vertex 20.261 2.47775 0
      vertex 20.2925 2.45433 0
    endloop
  endfacet
  facet normal 0 0 -1
    outer loop
      vertex 20.254 -2.48338 0
      vertex 20.261 2.47775 0
      vertex 20.2852 -2.45949 0
    endloop
  endfacet
  facet normal 0 0 -1
    outer loop
      vertex 20.254 -2.48338 0
      vertex 20.2311 2.5032 0
      vertex 20.261 2.47775 0
    endloop
  endfacet
  facet normal 0 0 -1
    outer loop
      vertex 20.2245 -2.50928 0
      vertex 20.2311 2.5032 0
      vertex 20.254 -2.48338 0
    endloop
  endfacet
  facet normal 0 0 -1
    outer loop
      vertex 20.2245 -2.50928 0
      vertex 20.2029 2.53055 0
      vertex 20.2311 2.5032 0
    endloop
  endfacet
  facet normal 0 0 -1
    outer loop
      vertex 20.1967 -2.53703 0
      vertex 20.2029 2.53055 0
      vertex 20.2245 -2.50928 0
    endloop
  endfacet
  facet normal 0 0 -1
    outer loop
      vertex 20.1967 -2.53703 0
      vertex 20.1766 2.55968 0
      vertex 20.2029 2.53055 0
    endloop
  endfacet
  facet normal 0 0 -1
    outer loop
      vertex 20.1709 -2.56656 0
      vertex 20.1766 2.55968 0
      vertex 20.1967 -2.53703 0
    endloop
  endfacet
  facet normal 0 0 -1
    outer loop
      vertex 20.1709 -2.56656 0
      vertex 20.1522 2.59047 0
      vertex 20.1766 2.55968 0
    endloop
  endfacet
  facet normal 0 0 -1
    outer loop
      vertex 20.147 -2.5977 0
      vertex 20.1522 2.59047 0
      vertex 20.1709 -2.56656 0
    endloop
  endfacet
  facet normal 0 0 -1
    outer loop
      vertex 20.147 -2.5977 0
      vertex 20.1299 2.62279 0
      vertex 20.1522 2.59047 0
    endloop
  endfacet
  facet normal 0 0 -1
    outer loop
      vertex 20.1252 -2.63036 0
      vertex 20.1299 2.62279 0
      vertex 20.147 -2.5977 0
    endloop
  endfacet
  facet normal 0 0 -1
    outer loop
      vertex 20.1252 -2.63036 0
      vertex 20.1098 2.65649 0
      vertex 20.1299 2.62279 0
    endloop
  endfacet
  facet normal 0 0 -1
    outer loop
      vertex 20.1055 -2.66435 0
      vertex 20.1098 2.65649 0
      vertex 20.1252 -2.63036 0
    endloop
  endfacet
  facet normal 0 0 -1
    outer loop
      vertex 20.1055 -2.66435 0
      vertex 20.0919 2.69144 0
      vertex 20.1098 2.65649 0
    endloop
  endfacet
  facet normal 0 0 -1
    outer loop
      vertex 20.0882 -2.69957 0
      vertex 20.0919 2.69144 0
      vertex 20.1055 -2.66435 0
    endloop
  endfacet
  facet normal 0 0 -1
    outer loop
      vertex 20.0882 -2.69957 0
      vertex 20.0763 2.72749 0
      vertex 20.0919 2.69144 0
    endloop
  endfacet
  facet normal 0 0 -1
    outer loop
      vertex 20.0731 -2.73584 0
      vertex 20.0763 2.72749 0
      vertex 20.0882 -2.69957 0
    endloop
  endfacet
  facet normal 0 0 -1
    outer loop
      vertex 20.0731 -2.73584 0
      vertex 20.0632 2.76448 0
      vertex 20.0763 2.72749 0
    endloop
  endfacet
  facet normal 0 0 -1
    outer loop
      vertex 4 0 0
      vertex 20.0731 -2.73584 0
      vertex 20.0605 -2.77303 0
    endloop
  endfacet
  facet normal 0 0 -1
    outer loop
      vertex 20.0731 -2.73584 0
      vertex 4 0 0
      vertex 20.0632 2.76448 0
    endloop
  endfacet
  facet normal 0 0 -1
    outer loop
      vertex 4 0 0
      vertex 20.0605 -2.77303 0
      vertex 20.0503 -2.81094 0
    endloop
  endfacet
  facet normal 0 0 -1
    outer loop
      vertex 4 0 0
      vertex 20.0503 -2.81094 0
      vertex 20.0427 -2.84946 0
    endloop
  endfacet
  facet normal 0 0 -1
    outer loop
      vertex 3.99144 0.261612 0
      vertex 20.0632 2.76448 0
      vertex 4 0 0
    endloop
  endfacet
  facet normal 0 0 -1
    outer loop
      vertex 4 0 0
      vertex 20.0427 -2.84946 0
      vertex 19.8609 -3.95056 0
    endloop
  endfacet
  facet normal -0 0 -1
    outer loop
      vertex 20.0632 2.76448 0
      vertex 3.99144 0.261612 0
      vertex 20.0524 2.80225 0
    endloop
  endfacet
  facet normal 0 0 -1
    outer loop
      vertex 4 0 0
      vertex 19.8609 -3.95056 0
      vertex 19.6075 -5.03746 0
    endloop
  endfacet
  facet normal -0 0 -1
    outer loop
      vertex 20.0524 2.80225 0
      vertex 3.99144 0.261612 0
      vertex 20.0427 2.84946 0
    endloop
  endfacet
  facet normal 0 0 -1
    outer loop
      vertex 3.96578 0.522104 0
      vertex 20.0427 2.84946 0
      vertex 3.99144 0.261612 0
    endloop
  endfacet
  facet normal 0 0 -1
    outer loop
      vertex 4 0 0
      vertex 19.6075 -5.03746 0
      vertex 19.5984 -5.08481 0
    endloop
  endfacet
  facet normal 0 0 -1
    outer loop
      vertex 3.92314 0.780361 0
      vertex 20.0427 2.84946 0
      vertex 3.96578 0.522104 0
    endloop
  endfacet
  facet normal 0 0 -1
    outer loop
      vertex 4 0 0
      vertex 19.5984 -5.08481 0
      vertex 19.5939 -5.12381 0
    endloop
  endfacet
  facet normal -0 0 -1
    outer loop
      vertex 20.0427 2.84946 0
      vertex 3.92314 0.780361 0
      vertex 19.8609 3.95056 0
    endloop
  endfacet
  facet normal -0 0 -1
    outer loop
      vertex 19.8609 3.95056 0
      vertex 3.92314 0.780361 0
      vertex 19.6075 5.03746 0
    endloop
  endfacet
  facet normal 0 0 -1
    outer loop
      vertex 4 0 0
      vertex 19.5939 -5.12381 0
      vertex 19.5919 -5.16301 0
    endloop
  endfacet
  facet normal 0 0 -1
    outer loop
      vertex 24.1894 11.298 0
      vertex 25.0933 9.11551 0
      vertex 24.8727 8.83717 0
    endloop
  endfacet
  facet normal 0 0 -1
    outer loop
      vertex 23.8366 11.3388 0
      vertex 24.8727 8.83717 0
      vertex 24.6471 8.56714 0
    endloop
  endfacet
  facet normal 0 0 -1
    outer loop
      vertex 25.0933 9.11551 0
      vertex 24.1894 11.298 0
      vertex 25.3097 9.40305 0
    endloop
  endfacet
  facet normal 0 0 -1
    outer loop
      vertex 23.4859 11.3702 0
      vertex 24.6471 8.56714 0
      vertex 24.4176 8.3069 0
    endloop
  endfacet
  facet normal 0 0 -1
    outer loop
      vertex 25.3097 9.40305 0
      vertex 24.1894 11.298 0
      vertex 24.5456 11.2477 0
    endloop
  endfacet
  facet normal 0 0 -1
    outer loop
      vertex 23.1393 11.392 0
      vertex 24.4176 8.3069 0
      vertex 24.1832 8.05544 0
    endloop
  endfacet
  facet normal 0 0 -1
    outer loop
      vertex 22.7965 11.404 0
      vertex 24.1832 8.05544 0
      vertex 23.9449 7.81407 0
    endloop
  endfacet
  facet normal 0 0 -1
    outer loop
      vertex 24.8727 8.83717 0
      vertex 23.8366 11.3388 0
      vertex 24.1894 11.298 0
    endloop
  endfacet
  facet normal 0 0 -1
    outer loop
      vertex 22.4569 11.4062 0
      vertex 23.9449 7.81407 0
      vertex 23.7018 7.58221 0
    endloop
  endfacet
  facet normal 0 0 -1
    outer loop
      vertex 24.6471 8.56714 0
      vertex 23.4859 11.3702 0
      vertex 23.8366 11.3388 0
    endloop
  endfacet
  facet normal 0 0 -1
    outer loop
      vertex 22.1213 11.3982 0
      vertex 23.7018 7.58221 0
      vertex 23.4553 7.36171 0
    endloop
  endfacet
  facet normal 0 0 -1
    outer loop
      vertex 21.7906 11.3799 0
      vertex 23.4553 7.36171 0
      vertex 23.2042 7.15176 0
    endloop
  endfacet
  facet normal 0 0 -1
    outer loop
      vertex 24.4176 8.3069 0
      vertex 23.1393 11.392 0
      vertex 23.4859 11.3702 0
    endloop
  endfacet
  facet normal 0 0 -1
    outer loop
      vertex 21.4648 11.3507 0
      vertex 23.2042 7.15176 0
      vertex 22.9489 6.9536 0
    endloop
  endfacet
  facet normal 0 0 -1
    outer loop
      vertex 24.1832 8.05544 0
      vertex 22.7965 11.404 0
      vertex 23.1393 11.392 0
    endloop
  endfacet
  facet normal 0 0 -1
    outer loop
      vertex 21.1442 11.3103 0
      vertex 22.9489 6.9536 0
      vertex 22.6891 6.76797 0
    endloop
  endfacet
  facet normal 0 0 -1
    outer loop
      vertex 23.9449 7.81407 0
      vertex 22.4569 11.4062 0
      vertex 22.7965 11.404 0
    endloop
  endfacet
  facet normal 0 0 -1
    outer loop
      vertex 20.8295 11.258 0
      vertex 22.6891 6.76797 0
      vertex 22.4249 6.59621 0
    endloop
  endfacet
  facet normal 0 0 -1
    outer loop
      vertex 20.521 11.1926 0
      vertex 22.4249 6.59621 0
      vertex 22.1559 6.44044 0
    endloop
  endfacet
  facet normal 0 0 -1
    outer loop
      vertex 23.7018 7.58221 0
      vertex 22.1213 11.3982 0
      vertex 22.4569 11.4062 0
    endloop
  endfacet
  facet normal 0 0 -1
    outer loop
      vertex 20.2206 11.1125 0
      vertex 22.1559 6.44044 0
      vertex 21.8808 6.30408 0
    endloop
  endfacet
  facet normal 0 0 -1
    outer loop
      vertex 23.4553 7.36171 0
      vertex 21.7906 11.3799 0
      vertex 22.1213 11.3982 0
    endloop
  endfacet
  facet normal 0 0 -1
    outer loop
      vertex 20.2206 11.1125 0
      vertex 21.8808 6.30408 0
      vertex 21.5959 6.20113 0
    endloop
  endfacet
  facet normal 0 0 -1
    outer loop
      vertex 23.2042 7.15176 0
      vertex 21.4648 11.3507 0
      vertex 21.7906 11.3799 0
    endloop
  endfacet
  facet normal 0 0 -1
    outer loop
      vertex 22.9489 6.9536 0
      vertex 21.1442 11.3103 0
      vertex 21.4648 11.3507 0
    endloop
  endfacet
  facet normal 0 0 -1
    outer loop
      vertex 22.6891 6.76797 0
      vertex 20.8295 11.258 0
      vertex 21.1442 11.3103 0
    endloop
  endfacet
  facet normal 0 0 -1
    outer loop
      vertex 22.4249 6.59621 0
      vertex 20.521 11.1926 0
      vertex 20.8295 11.258 0
    endloop
  endfacet
  facet normal 0 0 -1
    outer loop
      vertex 22.1559 6.44044 0
      vertex 20.2206 11.1125 0
      vertex 20.521 11.1926 0
    endloop
  endfacet
  facet normal 0 0 -1
    outer loop
      vertex 19.6556 10.8858 0
      vertex 21.5959 6.20113 0
      vertex 20.0262 5.7504 0
    endloop
  endfacet
  facet normal 0 0 -1
    outer loop
      vertex 18.2268 10.0945 0
      vertex 20.0262 5.7504 0
      vertex 19.9805 5.73524 0
    endloop
  endfacet
  facet normal 0 0 -1
    outer loop
      vertex 18.1558 10.0611 0
      vertex 19.9805 5.73524 0
      vertex 19.9442 5.72023 0
    endloop
  endfacet
  facet normal 0 0 -1
    outer loop
      vertex 21.5959 6.20113 0
      vertex 19.9297 11.0144 0
      vertex 20.2206 11.1125 0
    endloop
  endfacet
  facet normal 0 0 -1
    outer loop
      vertex 18.1188 10.0479 0
      vertex 19.9442 5.72023 0
      vertex 19.909 5.70287 0
    endloop
  endfacet
  facet normal 0 0 -1
    outer loop
      vertex 18.0811 10.0372 0
      vertex 19.909 5.70287 0
      vertex 19.875 5.68323 0
    endloop
  endfacet
  facet normal 0 0 -1
    outer loop
      vertex 18.0427 10.0289 0
      vertex 19.875 5.68323 0
      vertex 19.8423 5.66141 0
    endloop
  endfacet
  facet normal 0 0 -1
    outer loop
      vertex 18.0038 10.0232 0
      vertex 19.8423 5.66141 0
      vertex 19.8112 5.63751 0
    endloop
  endfacet
  facet normal 0 0 -1
    outer loop
      vertex 17.9647 10.0201 0
      vertex 19.8112 5.63751 0
      vertex 19.7816 5.61162 0
    endloop
  endfacet
  facet normal 0 0 -1
    outer loop
      vertex 17.9254 10.0195 0
      vertex 19.7816 5.61162 0
      vertex 19.7539 5.58386 0
    endloop
  endfacet
  facet normal 0 0 -1
    outer loop
      vertex 17.8862 10.0215 0
      vertex 19.7539 5.58386 0
      vertex 19.728 5.55434 0
    endloop
  endfacet
  facet normal 0 0 -1
    outer loop
      vertex 17.8472 10.026 0
      vertex 19.728 5.55434 0
      vertex 19.7041 5.52319 0
    endloop
  endfacet
  facet normal 0 0 -1
    outer loop
      vertex 17.8086 10.0331 0
      vertex 19.7041 5.52319 0
      vertex 19.6823 5.49054 0
    endloop
  endfacet
  facet normal 0 0 -1
    outer loop
      vertex 17.7705 10.0427 0
      vertex 19.6823 5.49054 0
      vertex 19.6626 5.45654 0
    endloop
  endfacet
  facet normal 0 0 -1
    outer loop
      vertex 21.5959 6.20113 0
      vertex 19.6556 10.8858 0
      vertex 19.9297 11.0144 0
    endloop
  endfacet
  facet normal 0 0 -1
    outer loop
      vertex 17.7332 10.0548 0
      vertex 19.6626 5.45654 0
      vertex 19.6453 5.42133 0
    endloop
  endfacet
  facet normal 0 0 -1
    outer loop
      vertex 17.6967 10.0692 0
      vertex 19.6453 5.42133 0
      vertex 19.6303 5.38506 0
    endloop
  endfacet
  facet normal 0 0 -1
    outer loop
      vertex 17.6612 10.0861 0
      vertex 19.6303 5.38506 0
      vertex 19.6176 5.34787 0
    endloop
  endfacet
  facet normal 0 0 -1
    outer loop
      vertex 17.6269 10.1052 0
      vertex 19.6176 5.34787 0
      vertex 19.6075 5.30995 0
    endloop
  endfacet
  facet normal 0 0 -1
    outer loop
      vertex 17.5939 10.1265 0
      vertex 19.6075 5.30995 0
      vertex 19.5998 5.27144 0
    endloop
  endfacet
  facet normal 0 0 -1
    outer loop
      vertex 17.5624 10.15 0
      vertex 19.5998 5.27144 0
      vertex 19.5947 5.23251 0
    endloop
  endfacet
  facet normal 0 0 -1
    outer loop
      vertex 17.5325 10.1754 0
      vertex 19.5947 5.23251 0
      vertex 19.5921 5.19334 0
    endloop
  endfacet
  facet normal -0 0 -1
    outer loop
      vertex 19.7094 -5.53043 0
      vertex 17.8384 -10.0274 0
      vertex 19.6871 -5.49811 0
    endloop
  endfacet
  facet normal 0 0 -1
    outer loop
      vertex 17.7999 -10.0351 0
      vertex 19.6871 -5.49811 0
      vertex 17.8384 -10.0274 0
    endloop
  endfacet
  facet normal 0 0 -1
    outer loop
      vertex 20.0262 5.7504 0
      vertex 18.2268 10.0945 0
      vertex 19.6556 10.8858 0
    endloop
  endfacet
  facet normal 0 0 -1
    outer loop
      vertex 19.9805 5.73524 0
      vertex 18.1919 10.0766 0
      vertex 18.2268 10.0945 0
    endloop
  endfacet
  facet normal -0 0 -1
    outer loop
      vertex 19.6871 -5.49811 0
      vertex 17.7999 -10.0351 0
      vertex 19.6669 -5.4644 0
    endloop
  endfacet
  facet normal 0 0 -1
    outer loop
      vertex 19.9805 5.73524 0
      vertex 18.1558 10.0611 0
      vertex 18.1919 10.0766 0
    endloop
  endfacet
  facet normal 0 0 -1
    outer loop
      vertex 17.7619 -10.0452 0
      vertex 19.6669 -5.4644 0
      vertex 17.7999 -10.0351 0
    endloop
  endfacet
  facet normal 0 0 -1
    outer loop
      vertex 19.9442 5.72023 0
      vertex 18.1188 10.0479 0
      vertex 18.1558 10.0611 0
    endloop
  endfacet
  facet normal -0 0 -1
    outer loop
      vertex 19.6669 -5.4644 0
      vertex 17.7619 -10.0452 0
      vertex 19.649 -5.42944 0
    endloop
  endfacet
  facet normal 0 0 -1
    outer loop
      vertex 19.909 5.70287 0
      vertex 18.0811 10.0372 0
      vertex 18.1188 10.0479 0
    endloop
  endfacet
  facet normal 0 0 -1
    outer loop
      vertex 17.7248 -10.0579 0
      vertex 19.649 -5.42944 0
      vertex 17.7619 -10.0452 0
    endloop
  endfacet
  facet normal 0 0 -1
    outer loop
      vertex 19.875 5.68323 0
      vertex 18.0427 10.0289 0
      vertex 18.0811 10.0372 0
    endloop
  endfacet
  facet normal -0 0 -1
    outer loop
      vertex 19.649 -5.42944 0
      vertex 17.7248 -10.0579 0
      vertex 19.6335 -5.3934 0
    endloop
  endfacet
  facet normal 0 0 -1
    outer loop
      vertex 19.8423 5.66141 0
      vertex 18.0038 10.0232 0
      vertex 18.0427 10.0289 0
    endloop
  endfacet
  facet normal 0 0 -1
    outer loop
      vertex 17.6885 -10.0729 0
      vertex 19.6335 -5.3934 0
      vertex 17.7248 -10.0579 0
    endloop
  endfacet
  facet normal 0 0 -1
    outer loop
      vertex 19.8112 5.63751 0
      vertex 17.9647 10.0201 0
      vertex 18.0038 10.0232 0
    endloop
  endfacet
  facet normal -0 0 -1
    outer loop
      vertex 19.6335 -5.3934 0
      vertex 17.6885 -10.0729 0
      vertex 19.6203 -5.35641 0
    endloop
  endfacet
  facet normal 0 0 -1
    outer loop
      vertex 19.7816 5.61162 0
      vertex 17.9254 10.0195 0
      vertex 17.9647 10.0201 0
    endloop
  endfacet
  facet normal 0 0 -1
    outer loop
      vertex 17.6533 -10.0902 0
      vertex 19.6203 -5.35641 0
      vertex 17.6885 -10.0729 0
    endloop
  endfacet
  facet normal 0 0 -1
    outer loop
      vertex 19.7539 5.58386 0
      vertex 17.8862 10.0215 0
      vertex 17.9254 10.0195 0
    endloop
  endfacet
  facet normal -0 0 -1
    outer loop
      vertex 19.6203 -5.35641 0
      vertex 17.6533 -10.0902 0
      vertex 19.6096 -5.31865 0
    endloop
  endfacet
  facet normal 0 0 -1
    outer loop
      vertex 19.728 5.55434 0
      vertex 17.8472 10.026 0
      vertex 17.8862 10.0215 0
    endloop
  endfacet
  facet normal 0 0 -1
    outer loop
      vertex 17.6193 -10.1099 0
      vertex 19.6096 -5.31865 0
      vertex 17.6533 -10.0902 0
    endloop
  endfacet
  facet normal 0 0 -1
    outer loop
      vertex 19.7041 5.52319 0
      vertex 17.8086 10.0331 0
      vertex 17.8472 10.026 0
    endloop
  endfacet
  facet normal -0 0 -1
    outer loop
      vertex 19.6096 -5.31865 0
      vertex 17.6193 -10.1099 0
      vertex 19.6013 -5.28026 0
    endloop
  endfacet
  facet normal 0 0 -1
    outer loop
      vertex 19.6823 5.49054 0
      vertex 17.7705 10.0427 0
      vertex 17.8086 10.0331 0
    endloop
  endfacet
  facet normal 0 0 -1
    outer loop
      vertex 17.5866 -10.1317 0
      vertex 19.6013 -5.28026 0
      vertex 17.6193 -10.1099 0
    endloop
  endfacet
  facet normal 0 0 -1
    outer loop
      vertex 19.6626 5.45654 0
      vertex 17.7332 10.0548 0
      vertex 17.7705 10.0427 0
    endloop
  endfacet
  facet normal -0 0 -1
    outer loop
      vertex 19.6013 -5.28026 0
      vertex 17.5866 -10.1317 0
      vertex 19.5956 -5.24141 0
    endloop
  endfacet
  facet normal -0 0 -1
    outer loop
      vertex 19.6075 5.03746 0
      vertex 3.8637 1.03528 0
      vertex 19.5998 5.07597 0
    endloop
  endfacet
  facet normal 0 0 -1
    outer loop
      vertex 17.5555 -10.1556 0
      vertex 19.5956 -5.24141 0
      vertex 17.5866 -10.1317 0
    endloop
  endfacet
  facet normal 0 0 -1
    outer loop
      vertex 3.78772 1.28576 0
      vertex 19.5998 5.07597 0
      vertex 3.8637 1.03528 0
    endloop
  endfacet
  facet normal 0 0 -1
    outer loop
      vertex 3.8637 1.03528 0
      vertex 19.6075 5.03746 0
      vertex 3.92314 0.780361 0
    endloop
  endfacet
  facet normal 0 0 -1
    outer loop
      vertex 19.6453 5.42133 0
      vertex 17.6967 10.0692 0
      vertex 17.7332 10.0548 0
    endloop
  endfacet
  facet normal -0 0 -1
    outer loop
      vertex 19.5956 -5.24141 0
      vertex 17.5555 -10.1556 0
      vertex 19.5925 -5.20227 0
    endloop
  endfacet
  facet normal 0 0 -1
    outer loop
      vertex 19.6303 5.38506 0
      vertex 17.6612 10.0861 0
      vertex 17.6967 10.0692 0
    endloop
  endfacet
  facet normal 0 0 -1
    outer loop
      vertex 17.526 -10.1815 0
      vertex 19.5925 -5.20227 0
      vertex 17.5555 -10.1556 0
    endloop
  endfacet
  facet normal -0 0 -1
    outer loop
      vertex 19.5998 5.07597 0
      vertex 3.78772 1.28576 0
      vertex 19.5947 5.1149 0
    endloop
  endfacet
  facet normal -0 0 -1
    outer loop
      vertex 19.5925 -5.20227 0
      vertex 17.526 -10.1815 0
      vertex 19.5919 -5.16301 0
    endloop
  endfacet
  facet normal 0 0 -1
    outer loop
      vertex 19.6176 5.34787 0
      vertex 17.6269 10.1052 0
      vertex 17.6612 10.0861 0
    endloop
  endfacet
  facet normal 0 0 -1
    outer loop
      vertex 17.4982 -10.2092 0
      vertex 19.5919 -5.16301 0
      vertex 17.526 -10.1815 0
    endloop
  endfacet
  facet normal 0 0 -1
    outer loop
      vertex 3.69552 1.53073 0
      vertex 19.5947 5.1149 0
      vertex 3.78772 1.28576 0
    endloop
  endfacet
  facet normal -0 0 -1
    outer loop
      vertex 19.5919 -5.16301 0
      vertex 17.4982 -10.2092 0
      vertex 4 0 0
    endloop
  endfacet
  facet normal 0 0 -1
    outer loop
      vertex 19.6075 5.30995 0
      vertex 17.5939 10.1265 0
      vertex 17.6269 10.1052 0
    endloop
  endfacet
  facet normal 0 0 -1
    outer loop
      vertex 4 0 0
      vertex 17.4982 -10.2092 0
      vertex 17.4723 -10.2388 0
    endloop
  endfacet
  facet normal -0 0 -1
    outer loop
      vertex 19.5947 5.1149 0
      vertex 3.69552 1.53073 0
      vertex 19.5921 5.15407 0
    endloop
  endfacet
  facet normal 0 0 -1
    outer loop
      vertex 4 0 0
      vertex 17.4723 -10.2388 0
      vertex 17.4484 -10.2699 0
    endloop
  endfacet
  facet normal 0 0 -1
    outer loop
      vertex 4 0 0
      vertex 17.4484 -10.2699 0
      vertex 17.4266 -10.3026 0
    endloop
  endfacet
  facet normal 0 0 -1
    outer loop
      vertex 19.5998 5.27144 0
      vertex 17.5624 10.15 0
      vertex 17.5939 10.1265 0
    endloop
  endfacet
  facet normal 0 0 -1
    outer loop
      vertex 4 0 0
      vertex 17.4266 -10.3026 0
      vertex 16.8372 -11.2504 0
    endloop
  endfacet
  facet normal 0 0 -1
    outer loop
      vertex 19.5947 5.23251 0
      vertex 17.5325 10.1754 0
      vertex 17.5624 10.15 0
    endloop
  endfacet
  facet normal 0 0 -1
    outer loop
      vertex 4 0 0
      vertex 16.8372 -11.2504 0
      vertex 16.1872 -12.1574 0
    endloop
  endfacet
  facet normal 0 -0 -1
    outer loop
      vertex 17.5044 10.2028 0
      vertex 19.5921 5.15407 0
      vertex 3.69552 1.53073 0
    endloop
  endfacet
  facet normal 0 0 -1
    outer loop
      vertex 19.5921 5.19334 0
      vertex 17.5044 10.2028 0
      vertex 17.5325 10.1754 0
    endloop
  endfacet
  facet normal 0 0 -1
    outer loop
      vertex 4 0 0
      vertex 16.1872 -12.1574 0
      vertex 16.1607 -12.1977 0
    endloop
  endfacet
  facet normal 0 0 -1
    outer loop
      vertex 19.5921 5.15407 0
      vertex 17.5044 10.2028 0
      vertex 19.5921 5.19334 0
    endloop
  endfacet
  facet normal 0 0 -1
    outer loop
      vertex 4 0 0
      vertex 16.1607 -12.1977 0
      vertex 16.1416 -12.232 0
    endloop
  endfacet
  facet normal -0 0 -1
    outer loop
      vertex 17.5044 10.2028 0
      vertex 3.69552 1.53073 0
      vertex 17.478 10.2319 0
    endloop
  endfacet
  facet normal 0 0 -1
    outer loop
      vertex 4 0 0
      vertex 16.1416 -12.232 0
      vertex 16.1248 -12.2675 0
    endloop
  endfacet
  facet normal 0 0 -1
    outer loop
      vertex 3.58749 1.76915 0
      vertex 17.478 10.2319 0
      vertex 3.69552 1.53073 0
    endloop
  endfacet
  facet normal 0 0 -1
    outer loop
      vertex 4 0 0
      vertex 16.1248 -12.2675 0
      vertex 16.1103 -12.304 0
    endloop
  endfacet
  facet normal -0 0 -1
    outer loop
      vertex 17.478 10.2319 0
      vertex 3.58749 1.76915 0
      vertex 17.4537 10.2627 0
    endloop
  endfacet
  facet normal 0 0 -1
    outer loop
      vertex 4 0 0
      vertex 16.1103 -12.304 0
      vertex 16.0982 -12.3413 0
    endloop
  endfacet
  facet normal -0 0 -1
    outer loop
      vertex 17.4537 10.2627 0
      vertex 3.58749 1.76915 0
      vertex 17.4266 10.3026 0
    endloop
  endfacet
  facet normal 0 0 -1
    outer loop
      vertex 4 0 0
      vertex 16.0982 -12.3413 0
      vertex 16.0886 -12.3794 0
    endloop
  endfacet
  facet normal 0 0 -1
    outer loop
      vertex 3.4641 2 0
      vertex 17.4266 10.3026 0
      vertex 3.58749 1.76915 0
    endloop
  endfacet
  facet normal 0 0 -1
    outer loop
      vertex 4 0 0
      vertex 16.0886 -12.3794 0
      vertex 16.0815 -12.418 0
    endloop
  endfacet
  facet normal 0 0 -1
    outer loop
      vertex 3.32588 2.22228 0
      vertex 17.4266 10.3026 0
      vertex 3.4641 2 0
    endloop
  endfacet
  facet normal 0 0 -1
    outer loop
      vertex 4 0 0
      vertex 16.0815 -12.418 0
      vertex 16.077 -12.457 0
    endloop
  endfacet
  facet normal -0 0 -1
    outer loop
      vertex 17.4266 10.3026 0
      vertex 3.32588 2.22228 0
      vertex 16.8372 11.2504 0
    endloop
  endfacet
  facet normal -0 0 -1
    outer loop
      vertex 16.8372 11.2504 0
      vertex 3.32588 2.22228 0
      vertex 16.1872 12.1574 0
    endloop
  endfacet
  facet normal 0 0 -1
    outer loop
      vertex 4 0 0
      vertex 16.077 -12.457 0
      vertex 16.075 -12.4962 0
    endloop
  endfacet
  facet normal 0 0 -1
    outer loop
      vertex 18.0249 19.6949 0
      vertex 19.6949 18.0249 0
      vertex 19.5975 17.6828 0
    endloop
  endfacet
  facet normal 0 0 -1
    outer loop
      vertex 17.6828 19.5975 0
      vertex 19.5975 17.6828 0
      vertex 19.4925 17.3472 0
    endloop
  endfacet
  facet normal 0 0 -1
    outer loop
      vertex 17.3472 19.4925 0
      vertex 19.4925 17.3472 0
      vertex 19.3799 17.0186 0
    endloop
  endfacet
  facet normal 0 0 -1
    outer loop
      vertex 17.0186 19.3799 0
      vertex 19.3799 17.0186 0
      vertex 19.2596 16.6967 0
    endloop
  endfacet
  facet normal 0 0 -1
    outer loop
      vertex 16.6967 19.2596 0
      vertex 19.2596 16.6967 0
      vertex 19.1318 16.3824 0
    endloop
  endfacet
  facet normal 0 0 -1
    outer loop
      vertex 16.3824 19.1318 0
      vertex 19.1318 16.3824 0
      vertex 18.9961 16.0756 0
    endloop
  endfacet
  facet normal 0 0 -1
    outer loop
      vertex 16.0756 18.9961 0
      vertex 18.9961 16.0756 0
      vertex 18.8526 15.7772 0
    endloop
  endfacet
  facet normal 0 0 -1
    outer loop
      vertex 15.7772 18.8526 0
      vertex 18.8526 15.7772 0
      vertex 18.7009 15.4871 0
    endloop
  endfacet
  facet normal 0 0 -1
    outer loop
      vertex 15.4871 18.7009 0
      vertex 18.7009 15.4871 0
      vertex 18.541 15.2066 0
    endloop
  endfacet
  facet normal 0 0 -1
    outer loop
      vertex 19.3799 17.0186 0
      vertex 17.0186 19.3799 0
      vertex 17.3472 19.4925 0
    endloop
  endfacet
  facet normal 0 0 -1
    outer loop
      vertex 15.2066 18.541 0
      vertex 18.541 15.2066 0
      vertex 18.3719 14.9354 0
    endloop
  endfacet
  facet normal 0 0 -1
    outer loop
      vertex 14.9354 18.3719 0
      vertex 18.3719 14.9354 0
      vertex 18.1938 14.676 0
    endloop
  endfacet
  facet normal 0 0 -1
    outer loop
      vertex 19.7847 18.3729 0
      vertex 18.0249 19.6949 0
      vertex 18.3729 19.7847 0
    endloop
  endfacet
  facet normal 0 0 -1
    outer loop
      vertex 14.676 18.1938 0
      vertex 18.1938 14.676 0
      vertex 18.0046 14.4287 0
    endloop
  endfacet
  facet normal 0 0 -1
    outer loop
      vertex 14.4287 18.0046 0
      vertex 18.0046 14.4287 0
      vertex 17.8027 14.1976 0
    endloop
  endfacet
  facet normal 0 0 -1
    outer loop
      vertex 19.6949 18.0249 0
      vertex 18.0249 19.6949 0
      vertex 19.7847 18.3729 0
    endloop
  endfacet
  facet normal 0 0 -1
    outer loop
      vertex 14.4287 18.0046 0
      vertex 17.8027 14.1976 0
      vertex 17.579 13.9935 0
    endloop
  endfacet
  facet normal 0 0 -1
    outer loop
      vertex 19.5975 17.6828 0
      vertex 17.6828 19.5975 0
      vertex 18.0249 19.6949 0
    endloop
  endfacet
  facet normal 0 0 -1
    outer loop
      vertex 19.4925 17.3472 0
      vertex 17.3472 19.4925 0
      vertex 17.6828 19.5975 0
    endloop
  endfacet
  facet normal 0 0 -1
    outer loop
      vertex 19.2596 16.6967 0
      vertex 16.6967 19.2596 0
      vertex 17.0186 19.3799 0
    endloop
  endfacet
  facet normal 0 0 -1
    outer loop
      vertex 19.1318 16.3824 0
      vertex 16.3824 19.1318 0
      vertex 16.6967 19.2596 0
    endloop
  endfacet
  facet normal 0 0 -1
    outer loop
      vertex 13.9935 17.579 0
      vertex 17.579 13.9935 0
      vertex 16.3012 12.9763 0
    endloop
  endfacet
  facet normal 0 0 -1
    outer loop
      vertex 12.9763 16.3012 0
      vertex 16.3012 12.9763 0
      vertex 16.2647 12.9448 0
    endloop
  endfacet
  facet normal 0 0 -1
    outer loop
      vertex 12.9236 16.2431 0
      vertex 16.2647 12.9448 0
      vertex 16.237 12.9171 0
    endloop
  endfacet
  facet normal 0 0 -1
    outer loop
      vertex 12.8944 16.2168 0
      vertex 16.237 12.9171 0
      vertex 16.2111 12.8876 0
    endloop
  endfacet
  facet normal 0 0 -1
    outer loop
      vertex 12.8636 16.1924 0
      vertex 16.2111 12.8876 0
      vertex 16.1872 12.8564 0
    endloop
  endfacet
  facet normal 0 0 -1
    outer loop
      vertex 12.8313 16.1702 0
      vertex 16.1872 12.8564 0
      vertex 16.1654 12.8238 0
    endloop
  endfacet
  facet normal 0 0 -1
    outer loop
      vertex 12.7976 16.15 0
      vertex 16.1654 12.8238 0
      vertex 16.1457 12.7898 0
    endloop
  endfacet
  facet normal 0 0 -1
    outer loop
      vertex 12.7627 16.1321 0
      vertex 16.1457 12.7898 0
      vertex 16.1284 12.7545 0
    endloop
  endfacet
  facet normal 0 0 -1
    outer loop
      vertex 12.7266 16.1166 0
      vertex 16.1284 12.7545 0
      vertex 16.1134 12.7183 0
    endloop
  endfacet
  facet normal 0 0 -1
    outer loop
      vertex 12.6896 16.1034 0
      vertex 16.1134 12.7183 0
      vertex 16.1007 12.6811 0
    endloop
  endfacet
  facet normal 0 0 -1
    outer loop
      vertex 12.6519 16.0927 0
      vertex 16.1007 12.6811 0
      vertex 16.0906 12.6432 0
    endloop
  endfacet
  facet normal 0 0 -1
    outer loop
      vertex 12.6135 16.0844 0
      vertex 16.0906 12.6432 0
      vertex 16.0829 12.6047 0
    endloop
  endfacet
  facet normal 0 0 -1
    outer loop
      vertex 12.5746 16.0787 0
      vertex 16.0829 12.6047 0
      vertex 16.0778 12.5657 0
    endloop
  endfacet
  facet normal 0 0 -1
    outer loop
      vertex 18.9961 16.0756 0
      vertex 16.0756 18.9961 0
      vertex 16.3824 19.1318 0
    endloop
  endfacet
  facet normal 0 0 -1
    outer loop
      vertex 12.5355 16.0756 0
      vertex 16.0778 12.5657 0
      vertex 16.0752 12.5266 0
    endloop
  endfacet
  facet normal 0 0 -1
    outer loop
      vertex 12.8564 -16.1872 0
      vertex 16.1924 -12.8636 0
      vertex 12.8876 -16.2111 0
    endloop
  endfacet
  facet normal 0 0 -1
    outer loop
      vertex 12.7183 -16.1134 0
      vertex 16.1166 -12.7266 0
      vertex 12.7545 -16.1284 0
    endloop
  endfacet
  facet normal -0 0 -1
    outer loop
      vertex 16.1166 -12.7266 0
      vertex 12.7183 -16.1134 0
      vertex 16.1034 -12.6896 0
    endloop
  endfacet
  facet normal -0 0 -1
    outer loop
      vertex 16.1924 -12.8636 0
      vertex 12.8564 -16.1872 0
      vertex 16.1702 -12.8313 0
    endloop
  endfacet
  facet normal 0 0 -1
    outer loop
      vertex 16.2647 12.9448 0
      vertex 12.9509 16.2713 0
      vertex 12.9763 16.3012 0
    endloop
  endfacet
  facet normal 0 0 -1
    outer loop
      vertex 12.8238 -16.1654 0
      vertex 16.1702 -12.8313 0
      vertex 12.8564 -16.1872 0
    endloop
  endfacet
  facet normal -0 0 -1
    outer loop
      vertex 16.1321 -12.7627 0
      vertex 12.7545 -16.1284 0
      vertex 16.1166 -12.7266 0
    endloop
  endfacet
  facet normal -0 0 -1
    outer loop
      vertex 16.1702 -12.8313 0
      vertex 12.8238 -16.1654 0
      vertex 16.15 -12.7976 0
    endloop
  endfacet
  facet normal 0 0 -1
    outer loop
      vertex 16.3012 12.9763 0
      vertex 12.9763 16.3012 0
      vertex 13.9935 17.579 0
    endloop
  endfacet
  facet normal 0 0 -1
    outer loop
      vertex 12.7898 -16.1457 0
      vertex 16.15 -12.7976 0
      vertex 12.8238 -16.1654 0
    endloop
  endfacet
  facet normal 0 0 -1
    outer loop
      vertex 18.7009 15.4871 0
      vertex 15.4871 18.7009 0
      vertex 15.7772 18.8526 0
    endloop
  endfacet
  facet normal -0 0 -1
    outer loop
      vertex 16.15 -12.7976 0
      vertex 12.7898 -16.1457 0
      vertex 16.1321 -12.7627 0
    endloop
  endfacet
  facet normal 0 0 -1
    outer loop
      vertex 18.541 15.2066 0
      vertex 15.2066 18.541 0
      vertex 15.4871 18.7009 0
    endloop
  endfacet
  facet normal 0 0 -1
    outer loop
      vertex 13.9935 -17.579 0
      vertex 14.4287 -18.0046 0
      vertex 14.1976 -17.8027 0
    endloop
  endfacet
  facet normal 0 0 -1
    outer loop
      vertex 18.3719 14.9354 0
      vertex 14.9354 18.3719 0
      vertex 15.2066 18.541 0
    endloop
  endfacet
  facet normal 0 0 -1
    outer loop
      vertex 12.7545 -16.1284 0
      vertex 16.1321 -12.7627 0
      vertex 12.7898 -16.1457 0
    endloop
  endfacet
  facet normal 0 0 -1
    outer loop
      vertex 18.1938 14.676 0
      vertex 14.676 18.1938 0
      vertex 14.9354 18.3719 0
    endloop
  endfacet
  facet normal 0 0 -1
    outer loop
      vertex 18.0046 14.4287 0
      vertex 14.4287 18.0046 0
      vertex 14.676 18.1938 0
    endloop
  endfacet
  facet normal 0 0 -1
    outer loop
      vertex 14.4287 18.0046 0
      vertex 13.9935 17.579 0
      vertex 14.1976 17.8027 0
    endloop
  endfacet
  facet normal 0 0 -1
    outer loop
      vertex 17.579 13.9935 0
      vertex 13.9935 17.579 0
      vertex 14.4287 18.0046 0
    endloop
  endfacet
  facet normal 0 0 -1
    outer loop
      vertex 18.8526 15.7772 0
      vertex 15.7772 18.8526 0
      vertex 16.0756 18.9961 0
    endloop
  endfacet
  facet normal 0 0 -1
    outer loop
      vertex 16.2647 12.9448 0
      vertex 12.9236 16.2431 0
      vertex 12.9509 16.2713 0
    endloop
  endfacet
  facet normal 0 0 -1
    outer loop
      vertex 12.6811 -16.1007 0
      vertex 16.1034 -12.6896 0
      vertex 12.7183 -16.1134 0
    endloop
  endfacet
  facet normal 0 0 -1
    outer loop
      vertex 16.237 12.9171 0
      vertex 12.8944 16.2168 0
      vertex 12.9236 16.2431 0
    endloop
  endfacet
  facet normal -0 0 -1
    outer loop
      vertex 16.1034 -12.6896 0
      vertex 12.6811 -16.1007 0
      vertex 16.0927 -12.6519 0
    endloop
  endfacet
  facet normal 0 0 -1
    outer loop
      vertex 16.2111 12.8876 0
      vertex 12.8636 16.1924 0
      vertex 12.8944 16.2168 0
    endloop
  endfacet
  facet normal 0 0 -1
    outer loop
      vertex 12.6432 -16.0906 0
      vertex 16.0927 -12.6519 0
      vertex 12.6811 -16.1007 0
    endloop
  endfacet
  facet normal 0 0 -1
    outer loop
      vertex 16.1872 12.8564 0
      vertex 12.8313 16.1702 0
      vertex 12.8636 16.1924 0
    endloop
  endfacet
  facet normal -0 0 -1
    outer loop
      vertex 16.0927 -12.6519 0
      vertex 12.6432 -16.0906 0
      vertex 16.0844 -12.6135 0
    endloop
  endfacet
  facet normal -0 0 -1
    outer loop
      vertex 16.1872 12.1574 0
      vertex 3.17341 2.43505 0
      vertex 16.1654 12.1901 0
    endloop
  endfacet
  facet normal 0 0 -1
    outer loop
      vertex 12.6047 -16.0829 0
      vertex 16.0844 -12.6135 0
      vertex 12.6432 -16.0906 0
    endloop
  endfacet
  facet normal 0 0 -1
    outer loop
      vertex 16.1654 12.8238 0
      vertex 12.7976 16.15 0
      vertex 12.8313 16.1702 0
    endloop
  endfacet
  facet normal 0 0 -1
    outer loop
      vertex 3.17341 2.43505 0
      vertex 16.1872 12.1574 0
      vertex 3.32588 2.22228 0
    endloop
  endfacet
  facet normal 0 0 -1
    outer loop
      vertex 3.00736 2.63738 0
      vertex 16.1654 12.1901 0
      vertex 3.17341 2.43505 0
    endloop
  endfacet
  facet normal -0 0 -1
    outer loop
      vertex 16.0844 -12.6135 0
      vertex 12.6047 -16.0829 0
      vertex 16.0787 -12.5746 0
    endloop
  endfacet
  facet normal 0 0 -1
    outer loop
      vertex 16.1457 12.7898 0
      vertex 12.7627 16.1321 0
      vertex 12.7976 16.15 0
    endloop
  endfacet
  facet normal 0 0 -1
    outer loop
      vertex 12.5657 -16.0778 0
      vertex 16.0787 -12.5746 0
      vertex 12.6047 -16.0829 0
    endloop
  endfacet
  facet normal -0 0 -1
    outer loop
      vertex 16.1654 12.1901 0
      vertex 3.00736 2.63738 0
      vertex 16.1458 12.2241 0
    endloop
  endfacet
  facet normal -0 0 -1
    outer loop
      vertex 16.0787 -12.5746 0
      vertex 12.5657 -16.0778 0
      vertex 16.0756 -12.5355 0
    endloop
  endfacet
  facet normal 0 0 -1
    outer loop
      vertex 16.1284 12.7545 0
      vertex 12.7266 16.1166 0
      vertex 12.7627 16.1321 0
    endloop
  endfacet
  facet normal 0 0 -1
    outer loop
      vertex 12.5266 -16.0752 0
      vertex 16.0756 -12.5355 0
      vertex 12.5657 -16.0778 0
    endloop
  endfacet
  facet normal 0 0 -1
    outer loop
      vertex 2.82843 2.82843 0
      vertex 16.1458 12.2241 0
      vertex 3.00736 2.63738 0
    endloop
  endfacet
  facet normal -0 0 -1
    outer loop
      vertex 16.0756 -12.5355 0
      vertex 12.5266 -16.0752 0
      vertex 16.075 -12.4962 0
    endloop
  endfacet
  facet normal 0 0 -1
    outer loop
      vertex 16.1134 12.7183 0
      vertex 12.6896 16.1034 0
      vertex 12.7266 16.1166 0
    endloop
  endfacet
  facet normal 0 0 -1
    outer loop
      vertex 12.4873 -16.0752 0
      vertex 16.075 -12.4962 0
      vertex 12.5266 -16.0752 0
    endloop
  endfacet
  facet normal -0 0 -1
    outer loop
      vertex 16.1458 12.2241 0
      vertex 2.82843 2.82843 0
      vertex 16.1284 12.2593 0
    endloop
  endfacet
  facet normal 0 0 -1
    outer loop
      vertex 12.4481 -16.0778 0
      vertex 16.075 -12.4962 0
      vertex 12.4873 -16.0752 0
    endloop
  endfacet
  facet normal 0 0 -1
    outer loop
      vertex 16.1007 12.6811 0
      vertex 12.6519 16.0927 0
      vertex 12.6896 16.1034 0
    endloop
  endfacet
  facet normal 0 0 -1
    outer loop
      vertex 12.4092 -16.0829 0
      vertex 16.075 -12.4962 0
      vertex 12.4481 -16.0778 0
    endloop
  endfacet
  facet normal 0 0 -1
    outer loop
      vertex 16.0906 12.6432 0
      vertex 12.6135 16.0844 0
      vertex 12.6519 16.0927 0
    endloop
  endfacet
  facet normal 0 0 -1
    outer loop
      vertex 12.3707 -16.0906 0
      vertex 16.075 -12.4962 0
      vertex 12.4092 -16.0829 0
    endloop
  endfacet
  facet normal 0 -0 -1
    outer loop
      vertex 12.2675 16.1248 0
      vertex 16.1284 12.2593 0
      vertex 2.82843 2.82843 0
    endloop
  endfacet
  facet normal 0 0 -1
    outer loop
      vertex 12.3327 -16.1007 0
      vertex 16.075 -12.4962 0
      vertex 12.3707 -16.0906 0
    endloop
  endfacet
  facet normal 0 0 -1
    outer loop
      vertex 16.0829 12.6047 0
      vertex 12.5746 16.0787 0
      vertex 12.6135 16.0844 0
    endloop
  endfacet
  facet normal 0 0 -1
    outer loop
      vertex 12.2956 -16.1134 0
      vertex 16.075 -12.4962 0
      vertex 12.3327 -16.1007 0
    endloop
  endfacet
  facet normal 0 0 -1
    outer loop
      vertex 16.1284 12.2593 0
      vertex 12.2675 16.1248 0
      vertex 16.1134 12.2956 0
    endloop
  endfacet
  facet normal 0 0 -1
    outer loop
      vertex 12.2593 -16.1284 0
      vertex 16.075 -12.4962 0
      vertex 12.2956 -16.1134 0
    endloop
  endfacet
  facet normal 0 0 -1
    outer loop
      vertex 16.0778 12.5657 0
      vertex 12.5355 16.0756 0
      vertex 12.5746 16.0787 0
    endloop
  endfacet
  facet normal -0 0 -1
    outer loop
      vertex 16.075 -12.4962 0
      vertex 12.2593 -16.1284 0
      vertex 4 0 0
    endloop
  endfacet
  facet normal -0 -0 -1
    outer loop
      vertex 12.304 16.1103 0
      vertex 16.1134 12.2956 0
      vertex 12.2675 16.1248 0
    endloop
  endfacet
  facet normal 0 0 -1
    outer loop
      vertex 4 0 0
      vertex 12.2593 -16.1284 0
      vertex 12.2241 -16.1458 0
    endloop
  endfacet
  facet normal 0 0 -1
    outer loop
      vertex 16.0752 12.5266 0
      vertex 12.4962 16.075 0
      vertex 12.5355 16.0756 0
    endloop
  endfacet
  facet normal 0 0 -1
    outer loop
      vertex 4 0 0
      vertex 12.2241 -16.1458 0
      vertex 12.1901 -16.1654 0
    endloop
  endfacet
  facet normal 0 0 -1
    outer loop
      vertex 4 0 0
      vertex 12.1901 -16.1654 0
      vertex 12.1574 -16.1872 0
    endloop
  endfacet
  facet normal 0 0 -1
    outer loop
      vertex 16.0752 12.4873 0
      vertex 12.4962 16.075 0
      vertex 16.0752 12.5266 0
    endloop
  endfacet
  facet normal 0 0 -1
    outer loop
      vertex 4 0 0
      vertex 12.1574 -16.1872 0
      vertex 11.2504 -16.8372 0
    endloop
  endfacet
  facet normal 0 0 -1
    outer loop
      vertex 16.1134 12.2956 0
      vertex 12.304 16.1103 0
      vertex 16.1007 12.3327 0
    endloop
  endfacet
  facet normal 0 0 -1
    outer loop
      vertex 4 0 0
      vertex 11.2504 -16.8372 0
      vertex 10.3026 -17.4266 0
    endloop
  endfacet
  facet normal -0 -0 -1
    outer loop
      vertex 12.4962 16.075 0
      vertex 16.0752 12.4873 0
      vertex 12.457 16.077 0
    endloop
  endfacet
  facet normal -0 -0 -1
    outer loop
      vertex 12.3413 16.0982 0
      vertex 16.1007 12.3327 0
      vertex 12.304 16.1103 0
    endloop
  endfacet
  facet normal 0 0 -1
    outer loop
      vertex 4 0 0
      vertex 10.3026 -17.4266 0
      vertex 10.2627 -17.4537 0
    endloop
  endfacet
  facet normal 0 0 -1
    outer loop
      vertex 16.0778 12.4481 0
      vertex 12.457 16.077 0
      vertex 16.0752 12.4873 0
    endloop
  endfacet
  facet normal 0 0 -1
    outer loop
      vertex 4 0 0
      vertex 10.2627 -17.4537 0
      vertex 10.2319 -17.478 0
    endloop
  endfacet
  facet normal 0 0 -1
    outer loop
      vertex 16.1007 12.3327 0
      vertex 12.3413 16.0982 0
      vertex 16.0906 12.3707 0
    endloop
  endfacet
  facet normal 0 0 -1
    outer loop
      vertex 4 0 0
      vertex 10.2319 -17.478 0
      vertex 10.2028 -17.5044 0
    endloop
  endfacet
  facet normal -0 -0 -1
    outer loop
      vertex 12.457 16.077 0
      vertex 16.0778 12.4481 0
      vertex 12.418 16.0815 0
    endloop
  endfacet
  facet normal 0 0 -1
    outer loop
      vertex 4 0 0
      vertex 10.2028 -17.5044 0
      vertex 10.1754 -17.5325 0
    endloop
  endfacet
  facet normal 0 0 -1
    outer loop
      vertex 16.0829 12.4092 0
      vertex 12.418 16.0815 0
      vertex 16.0778 12.4481 0
    endloop
  endfacet
  facet normal 0 0 -1
    outer loop
      vertex 4 0 0
      vertex 10.1754 -17.5325 0
      vertex 10.15 -17.5624 0
    endloop
  endfacet
  facet normal -0 -0 -1
    outer loop
      vertex 12.3794 16.0886 0
      vertex 16.0906 12.3707 0
      vertex 12.3413 16.0982 0
    endloop
  endfacet
  facet normal 0 0 -1
    outer loop
      vertex 4 0 0
      vertex 10.15 -17.5624 0
      vertex 10.1265 -17.5939 0
    endloop
  endfacet
  facet normal -0 -0 -1
    outer loop
      vertex 12.418 16.0815 0
      vertex 16.0829 12.4092 0
      vertex 12.3794 16.0886 0
    endloop
  endfacet
  facet normal 0 0 -1
    outer loop
      vertex 4 0 0
      vertex 10.1265 -17.5939 0
      vertex 10.1052 -17.6269 0
    endloop
  endfacet
  facet normal 0 0 -1
    outer loop
      vertex 16.0906 12.3707 0
      vertex 12.3794 16.0886 0
      vertex 16.0829 12.4092 0
    endloop
  endfacet
  facet normal 0 0 -1
    outer loop
      vertex 4 0 0
      vertex 10.1052 -17.6269 0
      vertex 10.0861 -17.6612 0
    endloop
  endfacet
  facet normal -0 0 -1
    outer loop
      vertex 12.2675 16.1248 0
      vertex 2.82843 2.82843 0
      vertex 12.232 16.1416 0
    endloop
  endfacet
  facet normal 0 0 -1
    outer loop
      vertex 4 0 0
      vertex 10.0861 -17.6612 0
      vertex 10.0692 -17.6967 0
    endloop
  endfacet
  facet normal 0 0 -1
    outer loop
      vertex 2.63738 3.00736 0
      vertex 12.232 16.1416 0
      vertex 2.82843 2.82843 0
    endloop
  endfacet
  facet normal 0 0 -1
    outer loop
      vertex 4 0 0
      vertex 10.0692 -17.6967 0
      vertex 10.0548 -17.7332 0
    endloop
  endfacet
  facet normal -0 0 -1
    outer loop
      vertex 12.232 16.1416 0
      vertex 2.63738 3.00736 0
      vertex 12.1977 16.1607 0
    endloop
  endfacet
  facet normal 0 0 -1
    outer loop
      vertex 4 0 0
      vertex 10.0548 -17.7332 0
      vertex 10.0427 -17.7705 0
    endloop
  endfacet
  facet normal -0 0 -1
    outer loop
      vertex 12.1977 16.1607 0
      vertex 2.63738 3.00736 0
      vertex 12.1574 16.1872 0
    endloop
  endfacet
  facet normal 0 0 -1
    outer loop
      vertex 4 0 0
      vertex 10.0427 -17.7705 0
      vertex 10.0331 -17.8086 0
    endloop
  endfacet
  facet normal 0 0 -1
    outer loop
      vertex 2.43505 3.17341 0
      vertex 12.1574 16.1872 0
      vertex 2.63738 3.00736 0
    endloop
  endfacet
  facet normal 0 0 -1
    outer loop
      vertex 4 0 0
      vertex 10.0331 -17.8086 0
      vertex 10.026 -17.8472 0
    endloop
  endfacet
  facet normal 0 0 -1
    outer loop
      vertex 2.22228 3.32588 0
      vertex 12.1574 16.1872 0
      vertex 2.43505 3.17341 0
    endloop
  endfacet
  facet normal 0 0 -1
    outer loop
      vertex 4 0 0
      vertex 10.026 -17.8472 0
      vertex 10.0215 -17.8862 0
    endloop
  endfacet
  facet normal -0 0 -1
    outer loop
      vertex 12.1574 16.1872 0
      vertex 2.22228 3.32588 0
      vertex 11.2504 16.8372 0
    endloop
  endfacet
  facet normal -0 0 -1
    outer loop
      vertex 11.2504 16.8372 0
      vertex 2.22228 3.32588 0
      vertex 10.3026 17.4266 0
    endloop
  endfacet
  facet normal 0 0 -1
    outer loop
      vertex 4 0 0
      vertex 10.0215 -17.8862 0
      vertex 10.0195 -17.9254 0
    endloop
  endfacet
  facet normal 0 0 -1
    outer loop
      vertex 7.81407 23.9449 0
      vertex 11.4062 22.4569 0
      vertex 11.3982 22.1213 0
    endloop
  endfacet
  facet normal 0 0 -1
    outer loop
      vertex 11.4062 22.4569 0
      vertex 7.81407 23.9449 0
      vertex 11.404 22.7965 0
    endloop
  endfacet
  facet normal 0 0 -1
    outer loop
      vertex 7.58221 23.7018 0
      vertex 11.3982 22.1213 0
      vertex 11.3799 21.7906 0
    endloop
  endfacet
  facet normal 0 0 -1
    outer loop
      vertex 11.404 22.7965 0
      vertex 7.81407 23.9449 0
      vertex 8.05544 24.1832 0
    endloop
  endfacet
  facet normal 0 0 -1
    outer loop
      vertex 7.36171 23.4553 0
      vertex 11.3799 21.7906 0
      vertex 11.3507 21.4648 0
    endloop
  endfacet
  facet normal 0 0 -1
    outer loop
      vertex 11.404 22.7965 0
      vertex 8.05544 24.1832 0
      vertex 11.392 23.1393 0
    endloop
  endfacet
  facet normal 0 0 -1
    outer loop
      vertex 7.15176 23.2042 0
      vertex 11.3507 21.4648 0
      vertex 11.3103 21.1442 0
    endloop
  endfacet
  facet normal 0 0 -1
    outer loop
      vertex 11.392 23.1393 0
      vertex 8.3069 24.4176 0
      vertex 11.3702 23.4859 0
    endloop
  endfacet
  facet normal 0 0 -1
    outer loop
      vertex 6.9536 22.9489 0
      vertex 11.3103 21.1442 0
      vertex 11.258 20.8295 0
    endloop
  endfacet
  facet normal 0 -0 -1
    outer loop
      vertex 8.56714 24.6471 0
      vertex 11.3702 23.4859 0
      vertex 8.3069 24.4176 0
    endloop
  endfacet
  facet normal 0 0 -1
    outer loop
      vertex 6.76797 22.6891 0
      vertex 11.258 20.8295 0
      vertex 11.1926 20.521 0
    endloop
  endfacet
  facet normal 0 0 -1
    outer loop
      vertex 6.59621 22.4249 0
      vertex 11.1926 20.521 0
      vertex 11.1125 20.2206 0
    endloop
  endfacet
  facet normal 0 0 -1
    outer loop
      vertex 6.44044 22.1559 0
      vertex 11.1125 20.2206 0
      vertex 11.0144 19.9297 0
    endloop
  endfacet
  facet normal 0 0 -1
    outer loop
      vertex 6.44044 22.1559 0
      vertex 11.0144 19.9297 0
      vertex 10.8858 19.6556 0
    endloop
  endfacet
  facet normal 0 0 -1
    outer loop
      vertex 6.20113 21.5959 0
      vertex 10.8858 19.6556 0
      vertex 10.0945 18.2268 0
    endloop
  endfacet
  facet normal 0 0 -1
    outer loop
      vertex 5.7504 20.0262 0
      vertex 10.0945 18.2268 0
      vertex 10.0729 18.1837 0
    endloop
  endfacet
  facet normal 0 0 -1
    outer loop
      vertex 5.72386 19.9523 0
      vertex 10.0729 18.1837 0
      vertex 10.0579 18.1475 0
    endloop
  endfacet
  facet normal 0 0 -1
    outer loop
      vertex 5.70702 19.9169 0
      vertex 10.0579 18.1475 0
      vertex 10.0452 18.1103 0
    endloop
  endfacet
  facet normal 0 0 -1
    outer loop
      vertex 5.6879 19.8826 0
      vertex 10.0452 18.1103 0
      vertex 10.0351 18.0724 0
    endloop
  endfacet
  facet normal 0 0 -1
    outer loop
      vertex 5.66656 19.8496 0
      vertex 10.0351 18.0724 0
      vertex 10.0274 18.0338 0
    endloop
  endfacet
  facet normal -0 0 -1
    outer loop
      vertex 11.3799 -21.7906 0
      vertex 7.36171 -23.4553 0
      vertex 11.3507 -21.4648 0
    endloop
  endfacet
  facet normal 0 0 -1
    outer loop
      vertex 11.3982 22.1213 0
      vertex 7.58221 23.7018 0
      vertex 7.81407 23.9449 0
    endloop
  endfacet
  facet normal 0 0 -1
    outer loop
      vertex 5.64314 19.8181 0
      vertex 10.0274 18.0338 0
      vertex 10.0223 17.9949 0
    endloop
  endfacet
  facet normal 0 0 -1
    outer loop
      vertex 5.61769 19.7882 0
      vertex 10.0223 17.9949 0
      vertex 10.0197 17.9557 0
    endloop
  endfacet
  facet normal 0 -0 -1
    outer loop
      vertex 4 0 0
      vertex 10.0195 -17.9254 0
      vertex 3.99144 -0.261612 0
    endloop
  endfacet
  facet normal -0 0 -1
    outer loop
      vertex 11.3103 -21.1442 0
      vertex 6.9536 -22.9489 0
      vertex 11.258 -20.8295 0
    endloop
  endfacet
  facet normal -0 0 -1
    outer loop
      vertex 10.3026 17.4266 0
      vertex 2 3.4641 0
      vertex 10.2699 17.4484 0
    endloop
  endfacet
  facet normal 0 0 -1
    outer loop
      vertex 6.76797 -22.6891 0
      vertex 11.258 -20.8295 0
      vertex 6.9536 -22.9489 0
    endloop
  endfacet
  facet normal 0 0 -1
    outer loop
      vertex 1.76915 3.58749 0
      vertex 10.2699 17.4484 0
      vertex 2 3.4641 0
    endloop
  endfacet
  facet normal -0 0 -1
    outer loop
      vertex 11.0144 -19.9297 0
      vertex 6.44044 -22.1559 0
      vertex 10.8858 -19.6556 0
    endloop
  endfacet
  facet normal -0 0 -1
    outer loop
      vertex 10.2699 17.4484 0
      vertex 1.76915 3.58749 0
      vertex 10.2388 17.4723 0
    endloop
  endfacet
  facet normal 0 0 -1
    outer loop
      vertex 6.20113 -21.5959 0
      vertex 10.8858 -19.6556 0
      vertex 6.44044 -22.1559 0
    endloop
  endfacet
  facet normal 0 0 -1
    outer loop
      vertex 1.53073 3.69552 0
      vertex 10.2388 17.4723 0
      vertex 1.76915 3.58749 0
    endloop
  endfacet
  facet normal -0 0 -1
    outer loop
      vertex 10.8858 -19.6556 0
      vertex 6.20113 -21.5959 0
      vertex 10.0945 -18.2268 0
    endloop
  endfacet
  facet normal -0 0 -1
    outer loop
      vertex 10.2388 17.4723 0
      vertex 1.53073 3.69552 0
      vertex 10.2092 17.4982 0
    endloop
  endfacet
  facet normal 0 0 -1
    outer loop
      vertex 5.7504 -20.0262 0
      vertex 10.0945 -18.2268 0
      vertex 6.20113 -21.5959 0
    endloop
  endfacet
  facet normal 0 0 -1
    outer loop
      vertex 10.0579 18.1475 0
      vertex 5.70702 19.9169 0
      vertex 5.72386 19.9523 0
    endloop
  endfacet
  facet normal -0 0 -1
    outer loop
      vertex 10.0945 -18.2268 0
      vertex 5.7504 -20.0262 0
      vertex 10.0766 -18.1919 0
    endloop
  endfacet
  facet normal 0 0 -1
    outer loop
      vertex 10.0729 18.1837 0
      vertex 5.72386 19.9523 0
      vertex 5.73834 19.9888 0
    endloop
  endfacet
  facet normal 0 0 -1
    outer loop
      vertex 5.73524 -19.9805 0
      vertex 10.0766 -18.1919 0
      vertex 5.7504 -20.0262 0
    endloop
  endfacet
  facet normal 0 0 -1
    outer loop
      vertex 10.0729 18.1837 0
      vertex 5.73834 19.9888 0
      vertex 5.7504 20.0262 0
    endloop
  endfacet
  facet normal -0 0 -1
    outer loop
      vertex 10.0766 -18.1919 0
      vertex 5.73524 -19.9805 0
      vertex 10.0611 -18.1558 0
    endloop
  endfacet
  facet normal 0 0 -1
    outer loop
      vertex 11.2477 24.5456 0
      vertex 9.11551 25.0933 0
      vertex 9.40305 25.3097 0
    endloop
  endfacet
  facet normal 0 0 -1
    outer loop
      vertex 5.72023 -19.9442 0
      vertex 10.0611 -18.1558 0
      vertex 5.73524 -19.9805 0
    endloop
  endfacet
  facet normal 0 -0 -1
    outer loop
      vertex 9.11551 25.0933 0
      vertex 11.298 24.1892 0
      vertex 8.83717 24.8727 0
    endloop
  endfacet
  facet normal -0 0 -1
    outer loop
      vertex 10.0611 -18.1558 0
      vertex 5.72023 -19.9442 0
      vertex 10.0479 -18.1188 0
    endloop
  endfacet
  facet normal 0 0 -1
    outer loop
      vertex 11.3388 23.8366 0
      vertex 8.83717 24.8727 0
      vertex 11.298 24.1892 0
    endloop
  endfacet
  facet normal 0 0 -1
    outer loop
      vertex 5.70287 -19.909 0
      vertex 10.0479 -18.1188 0
      vertex 5.72023 -19.9442 0
    endloop
  endfacet
  facet normal 0 -0 -1
    outer loop
      vertex 8.83717 24.8727 0
      vertex 11.3388 23.8366 0
      vertex 8.56714 24.6471 0
    endloop
  endfacet
  facet normal -0 0 -1
    outer loop
      vertex 10.0479 -18.1188 0
      vertex 5.70287 -19.909 0
      vertex 10.0372 -18.0811 0
    endloop
  endfacet
  facet normal 0 -0 -1
    outer loop
      vertex 8.3069 24.4176 0
      vertex 11.392 23.1393 0
      vertex 8.05544 24.1832 0
    endloop
  endfacet
  facet normal 0 0 -1
    outer loop
      vertex 6.20113 -21.5959 0
      vertex 6.44044 -22.1559 0
      vertex 6.30408 -21.8808 0
    endloop
  endfacet
  facet normal 0 0 -1
    outer loop
      vertex 11.3507 21.4648 0
      vertex 7.15176 23.2042 0
      vertex 7.36171 23.4553 0
    endloop
  endfacet
  facet normal 0 0 -1
    outer loop
      vertex 5.68323 -19.875 0
      vertex 10.0372 -18.0811 0
      vertex 5.70287 -19.909 0
    endloop
  endfacet
  facet normal 0 0 -1
    outer loop
      vertex 10.8858 19.6556 0
      vertex 6.20113 21.5959 0
      vertex 6.44044 22.1559 0
    endloop
  endfacet
  facet normal -0 0 -1
    outer loop
      vertex 10.0372 -18.0811 0
      vertex 5.68323 -19.875 0
      vertex 10.0289 -18.0427 0
    endloop
  endfacet
  facet normal 0 0 -1
    outer loop
      vertex 11.258 20.8295 0
      vertex 6.76797 22.6891 0
      vertex 6.9536 22.9489 0
    endloop
  endfacet
  facet normal 0 0 -1
    outer loop
      vertex 11.1125 20.2206 0
      vertex 6.44044 22.1559 0
      vertex 6.59621 22.4249 0
    endloop
  endfacet
  facet normal 0 0 -1
    outer loop
      vertex 5.66141 -19.8423 0
      vertex 10.0289 -18.0427 0
      vertex 5.68323 -19.875 0
    endloop
  endfacet
  facet normal 0 0 -1
    outer loop
      vertex 6.44044 22.1559 0
      vertex 6.20113 21.5959 0
      vertex 6.30408 21.8808 0
    endloop
  endfacet
  facet normal -0 0 -1
    outer loop
      vertex 10.0289 -18.0427 0
      vertex 5.66141 -19.8423 0
      vertex 10.0232 -18.0038 0
    endloop
  endfacet
  facet normal 0 0 -1
    outer loop
      vertex 11.1926 20.521 0
      vertex 6.59621 22.4249 0
      vertex 6.76797 22.6891 0
    endloop
  endfacet
  facet normal 0 0 -1
    outer loop
      vertex 5.63751 -19.8112 0
      vertex 10.0232 -18.0038 0
      vertex 5.66141 -19.8423 0
    endloop
  endfacet
  facet normal 0 0 -1
    outer loop
      vertex 11.3103 21.1442 0
      vertex 6.9536 22.9489 0
      vertex 7.15176 23.2042 0
    endloop
  endfacet
  facet normal -0 0 -1
    outer loop
      vertex 10.0232 -18.0038 0
      vertex 5.63751 -19.8112 0
      vertex 10.0201 -17.9647 0
    endloop
  endfacet
  facet normal 0 0 -1
    outer loop
      vertex 11.3799 21.7906 0
      vertex 7.36171 23.4553 0
      vertex 7.58221 23.7018 0
    endloop
  endfacet
  facet normal 0 0 -1
    outer loop
      vertex 5.61162 -19.7816 0
      vertex 10.0201 -17.9647 0
      vertex 5.63751 -19.8112 0
    endloop
  endfacet
  facet normal 0 0 -1
    outer loop
      vertex 11.3702 23.4859 0
      vertex 8.56714 24.6471 0
      vertex 11.3388 23.8366 0
    endloop
  endfacet
  facet normal -0 0 -1
    outer loop
      vertex 10.0201 -17.9647 0
      vertex 5.61162 -19.7816 0
      vertex 10.0195 -17.9254 0
    endloop
  endfacet
  facet normal 0 0 -1
    outer loop
      vertex 11.298 24.1892 0
      vertex 9.11551 25.0933 0
      vertex 11.2477 24.5456 0
    endloop
  endfacet
  facet normal 0 0 -1
    outer loop
      vertex 5.58386 -19.7539 0
      vertex 10.0195 -17.9254 0
      vertex 5.61162 -19.7816 0
    endloop
  endfacet
  facet normal 0 0 -1
    outer loop
      vertex 10.0945 18.2268 0
      vertex 5.7504 20.0262 0
      vertex 6.20113 21.5959 0
    endloop
  endfacet
  facet normal 0 0 -1
    outer loop
      vertex 5.55434 -19.728 0
      vertex 10.0195 -17.9254 0
      vertex 5.58386 -19.7539 0
    endloop
  endfacet
  facet normal 0 -0 -1
    outer loop
      vertex 5.16301 19.5919 0
      vertex 10.2092 17.4982 0
      vertex 1.53073 3.69552 0
    endloop
  endfacet
  facet normal 0 0 -1
    outer loop
      vertex 5.52319 -19.7041 0
      vertex 10.0195 -17.9254 0
      vertex 5.55434 -19.728 0
    endloop
  endfacet
  facet normal 0 0 -1
    outer loop
      vertex 10.0452 18.1103 0
      vertex 5.6879 19.8826 0
      vertex 5.70702 19.9169 0
    endloop
  endfacet
  facet normal 0 0 -1
    outer loop
      vertex 5.49054 -19.6823 0
      vertex 10.0195 -17.9254 0
      vertex 5.52319 -19.7041 0
    endloop
  endfacet
  facet normal 0 0 -1
    outer loop
      vertex 10.0351 18.0724 0
      vertex 5.66656 19.8496 0
      vertex 5.6879 19.8826 0
    endloop
  endfacet
  facet normal 0 0 -1
    outer loop
      vertex 5.45654 -19.6626 0
      vertex 10.0195 -17.9254 0
      vertex 5.49054 -19.6823 0
    endloop
  endfacet
  facet normal 0 0 -1
    outer loop
      vertex 10.2092 17.4982 0
      vertex 5.16301 19.5919 0
      vertex 10.1815 17.526 0
    endloop
  endfacet
  facet normal 0 0 -1
    outer loop
      vertex 5.42133 -19.6453 0
      vertex 10.0195 -17.9254 0
      vertex 5.45654 -19.6626 0
    endloop
  endfacet
  facet normal 0 0 -1
    outer loop
      vertex 10.0274 18.0338 0
      vertex 5.64314 19.8181 0
      vertex 5.66656 19.8496 0
    endloop
  endfacet
  facet normal 0 0 -1
    outer loop
      vertex 5.38506 -19.6303 0
      vertex 10.0195 -17.9254 0
      vertex 5.42133 -19.6453 0
    endloop
  endfacet
  facet normal 0 -0 -1
    outer loop
      vertex 5.20227 19.5925 0
      vertex 10.1815 17.526 0
      vertex 5.16301 19.5919 0
    endloop
  endfacet
  facet normal 0 0 -1
    outer loop
      vertex 5.34787 -19.6176 0
      vertex 10.0195 -17.9254 0
      vertex 5.38506 -19.6303 0
    endloop
  endfacet
  facet normal 0 0 -1
    outer loop
      vertex 10.0223 17.9949 0
      vertex 5.61769 19.7882 0
      vertex 5.64314 19.8181 0
    endloop
  endfacet
  facet normal 0 0 -1
    outer loop
      vertex 5.30995 -19.6075 0
      vertex 10.0195 -17.9254 0
      vertex 5.34787 -19.6176 0
    endloop
  endfacet
  facet normal 0 0 -1
    outer loop
      vertex 10.1815 17.526 0
      vertex 5.20227 19.5925 0
      vertex 10.1556 17.5555 0
    endloop
  endfacet
  facet normal 0 0 -1
    outer loop
      vertex 5.27144 -19.5998 0
      vertex 10.0195 -17.9254 0
      vertex 5.30995 -19.6075 0
    endloop
  endfacet
  facet normal 0 0 -1
    outer loop
      vertex 10.0197 17.9557 0
      vertex 5.59035 19.7601 0
      vertex 5.61769 19.7882 0
    endloop
  endfacet
  facet normal 0 0 -1
    outer loop
      vertex 5.23251 -19.5947 0
      vertex 10.0195 -17.9254 0
      vertex 5.27144 -19.5998 0
    endloop
  endfacet
  facet normal 0 -0 -1
    outer loop
      vertex 5.24141 19.5956 0
      vertex 10.1556 17.5555 0
      vertex 5.20227 19.5925 0
    endloop
  endfacet
  facet normal 0 0 -1
    outer loop
      vertex 5.19334 -19.5921 0
      vertex 10.0195 -17.9254 0
      vertex 5.23251 -19.5947 0
    endloop
  endfacet
  facet normal 0 0 -1
    outer loop
      vertex 10.0197 17.9165 0
      vertex 5.59035 19.7601 0
      vertex 10.0197 17.9557 0
    endloop
  endfacet
  facet normal 0 0 -1
    outer loop
      vertex 5.15407 -19.5921 0
      vertex 10.0195 -17.9254 0
      vertex 5.19334 -19.5921 0
    endloop
  endfacet
  facet normal 0 0 -1
    outer loop
      vertex 10.1556 17.5555 0
      vertex 5.24141 19.5956 0
      vertex 10.1317 17.5866 0
    endloop
  endfacet
  facet normal -0 0 -1
    outer loop
      vertex 10.0195 -17.9254 0
      vertex 5.15407 -19.5921 0
      vertex 1.76915 -3.58749 0
    endloop
  endfacet
  facet normal 0 -0 -1
    outer loop
      vertex 5.59035 19.7601 0
      vertex 10.0197 17.9165 0
      vertex 5.56122 19.7337 0
    endloop
  endfacet
  facet normal 0 0 -1
    outer loop
      vertex 1.53073 -3.69552 0
      vertex 5.15407 -19.5921 0
      vertex 5.1149 -19.5947 0
    endloop
  endfacet
  facet normal 0 0 -1
    outer loop
      vertex 10.0223 17.8773 0
      vertex 5.56122 19.7337 0
      vertex 10.0197 17.9165 0
    endloop
  endfacet
  facet normal 0 0 -1
    outer loop
      vertex 1.28576 -3.78772 0
      vertex 5.1149 -19.5947 0
      vertex 5.07597 -19.5998 0
    endloop
  endfacet
  facet normal 0 0 -1
    outer loop
      vertex 1.28576 -3.78772 0
      vertex 5.07597 -19.5998 0
      vertex 5.03746 -19.6075 0
    endloop
  endfacet
  facet normal 0 -0 -1
    outer loop
      vertex 5.28026 19.6013 0
      vertex 10.1317 17.5866 0
      vertex 5.24141 19.5956 0
    endloop
  endfacet
  facet normal 0 -0 -1
    outer loop
      vertex 5.56122 19.7337 0
      vertex 10.0223 17.8773 0
      vertex 5.53043 19.7094 0
    endloop
  endfacet
  facet normal 0 0 -1
    outer loop
      vertex 2 3.4641 0
      vertex 10.3026 17.4266 0
      vertex 2.22228 3.32588 0
    endloop
  endfacet
  facet normal 0 0 -1
    outer loop
      vertex 10.0195 -17.9254 0
      vertex 3.96578 -0.522104 0
      vertex 3.99144 -0.261612 0
    endloop
  endfacet
  facet normal 0 0 -1
    outer loop
      vertex 0.780361 -3.92314 0
      vertex 5.03746 -19.6075 0
      vertex 3.95056 -19.8609 0
    endloop
  endfacet
  facet normal 0 0 -1
    outer loop
      vertex 10.0195 -17.9254 0
      vertex 3.92314 -0.780361 0
      vertex 3.96578 -0.522104 0
    endloop
  endfacet
  facet normal 0 0 -1
    outer loop
      vertex 10.0195 -17.9254 0
      vertex 3.8637 -1.03528 0
      vertex 3.92314 -0.780361 0
    endloop
  endfacet
  facet normal 0 0 -1
    outer loop
      vertex 10.0195 -17.9254 0
      vertex 3.78772 -1.28576 0
      vertex 3.8637 -1.03528 0
    endloop
  endfacet
  facet normal 0 0 -1
    outer loop
      vertex 10.0195 -17.9254 0
      vertex 3.69552 -1.53073 0
      vertex 3.78772 -1.28576 0
    endloop
  endfacet
  facet normal 0 0 -1
    outer loop
      vertex 10.0195 -17.9254 0
      vertex 3.58749 -1.76915 0
      vertex 3.69552 -1.53073 0
    endloop
  endfacet
  facet normal 0 0 -1
    outer loop
      vertex 10.0195 -17.9254 0
      vertex 3.4641 -2 0
      vertex 3.58749 -1.76915 0
    endloop
  endfacet
  facet normal 0 0 -1
    outer loop
      vertex 10.0195 -17.9254 0
      vertex 3.32588 -2.22228 0
      vertex 3.4641 -2 0
    endloop
  endfacet
  facet normal 0 0 -1
    outer loop
      vertex 10.0195 -17.9254 0
      vertex 3.17341 -2.43505 0
      vertex 3.32588 -2.22228 0
    endloop
  endfacet
  facet normal 0 0 -1
    outer loop
      vertex 10.0195 -17.9254 0
      vertex 3.00736 -2.63738 0
      vertex 3.17341 -2.43505 0
    endloop
  endfacet
  facet normal 0 0 -1
    outer loop
      vertex 0.780361 -3.92314 0
      vertex 3.95056 -19.8609 0
      vertex 2.84946 -20.0427 0
    endloop
  endfacet
  facet normal 0 0 -1
    outer loop
      vertex 10.0195 -17.9254 0
      vertex 2.82843 -2.82843 0
      vertex 3.00736 -2.63738 0
    endloop
  endfacet
  facet normal 0 0 -1
    outer loop
      vertex 0.522104 -3.96578 0
      vertex 2.84946 -20.0427 0
      vertex 2.80225 -20.0524 0
    endloop
  endfacet
  facet normal 0 0 -1
    outer loop
      vertex 0.261612 -3.99144 0
      vertex 2.80225 -20.0524 0
      vertex 2.76448 -20.0632 0
    endloop
  endfacet
  facet normal 0 0 -1
    outer loop
      vertex 0 -4 0
      vertex 2.76448 -20.0632 0
      vertex 2.72749 -20.0763 0
    endloop
  endfacet
  facet normal 0 0 -1
    outer loop
      vertex -2.69957 -20.0882 0
      vertex 2.72749 -20.0763 0
      vertex 2.69144 -20.0919 0
    endloop
  endfacet
  facet normal 0 0 -1
    outer loop
      vertex -2.66435 -20.1055 0
      vertex 2.69144 -20.0919 0
      vertex 2.65649 -20.1098 0
    endloop
  endfacet
  facet normal 0 0 -1
    outer loop
      vertex 10.0195 -17.9254 0
      vertex 2.63738 -3.00736 0
      vertex 2.82843 -2.82843 0
    endloop
  endfacet
  facet normal 0 0 -1
    outer loop
      vertex -2.63036 -20.1252 0
      vertex 2.65649 -20.1098 0
      vertex 2.62279 -20.1299 0
    endloop
  endfacet
  facet normal 0 0 -1
    outer loop
      vertex -2.5977 -20.147 0
      vertex 2.62279 -20.1299 0
      vertex 2.59047 -20.1522 0
    endloop
  endfacet
  facet normal 0 0 -1
    outer loop
      vertex -2.56656 -20.1709 0
      vertex 2.59047 -20.1522 0
      vertex 2.55968 -20.1766 0
    endloop
  endfacet
  facet normal 0 0 -1
    outer loop
      vertex -2.53703 -20.1967 0
      vertex 2.55968 -20.1766 0
      vertex 2.53055 -20.2029 0
    endloop
  endfacet
  facet normal 0 0 -1
    outer loop
      vertex -2.50928 -20.2245 0
      vertex 2.53055 -20.2029 0
      vertex 2.5032 -20.2311 0
    endloop
  endfacet
  facet normal 0 0 -1
    outer loop
      vertex -2.48338 -20.254 0
      vertex 2.5032 -20.2311 0
      vertex 2.47775 -20.261 0
    endloop
  endfacet
  facet normal 0 0 -1
    outer loop
      vertex -2.45949 -20.2852 0
      vertex 2.47775 -20.261 0
      vertex 2.45433 -20.2925 0
    endloop
  endfacet
  facet normal 0 0 -1
    outer loop
      vertex 10.0195 -17.9254 0
      vertex 2.43505 -3.17341 0
      vertex 2.63738 -3.00736 0
    endloop
  endfacet
  facet normal 0 0 -1
    outer loop
      vertex -2.43767 -20.3178 0
      vertex 2.45433 -20.2925 0
      vertex 2.433 -20.3255 0
    endloop
  endfacet
  facet normal 0 0 -1
    outer loop
      vertex -2.41805 -20.3518 0
      vertex 2.433 -20.3255 0
      vertex 2.41388 -20.3598 0
    endloop
  endfacet
  facet normal 0 0 -1
    outer loop
      vertex -2.40068 -20.387 0
      vertex 2.41388 -20.3598 0
      vertex 2.39703 -20.3952 0
    endloop
  endfacet
  facet normal 0 0 -1
    outer loop
      vertex -2.38565 -20.4233 0
      vertex 2.39703 -20.3952 0
      vertex 2.38255 -20.4317 0
    endloop
  endfacet
  facet normal 0 0 -1
    outer loop
      vertex -2.37303 -20.4605 0
      vertex 2.38255 -20.4317 0
      vertex 2.3705 -20.4691 0
    endloop
  endfacet
  facet normal 0 0 -1
    outer loop
      vertex -2.36287 -20.4984 0
      vertex 2.3705 -20.4691 0
      vertex 2.3609 -20.5072 0
    endloop
  endfacet
  facet normal 0 0 -1
    outer loop
      vertex -2.35521 -20.5369 0
      vertex 2.3609 -20.5072 0
      vertex 2.35381 -20.5458 0
    endloop
  endfacet
  facet normal 0 0 -1
    outer loop
      vertex -2.35008 -20.5759 0
      vertex 2.35381 -20.5458 0
      vertex 2.34927 -20.5848 0
    endloop
  endfacet
  facet normal 0 0 -1
    outer loop
      vertex -2.3475 -20.615 0
      vertex 2.34927 -20.5848 0
      vertex 2.34729 -20.624 0
    endloop
  endfacet
  facet normal 0 0 -1
    outer loop
      vertex 2.35103 -20.7024 0
      vertex -2.35103 -20.7024 0
      vertex 2.34787 -20.6632 0
    endloop
  endfacet
  facet normal 0 0 -1
    outer loop
      vertex 10.0195 -17.9254 0
      vertex 2.22228 -3.32588 0
      vertex 2.43505 -3.17341 0
    endloop
  endfacet
  facet normal 0 0 -1
    outer loop
      vertex -2.27245 -24.1748 0
      vertex 2.27245 -24.1748 0
      vertex 2.17474 -24.4868 0
    endloop
  endfacet
  facet normal 0 0 -1
    outer loop
      vertex -2.17474 -24.4868 0
      vertex 2.17474 -24.4868 0
      vertex 2.06508 -24.7995 0
    endloop
  endfacet
  facet normal 0 0 -1
    outer loop
      vertex 10.0195 -17.9254 0
      vertex 2 -3.4641 0
      vertex 2.22228 -3.32588 0
    endloop
  endfacet
  facet normal 0 0 -1
    outer loop
      vertex -2.06508 -24.7995 0
      vertex 2.06508 -24.7995 0
      vertex 1.94403 -25.1126 0
    endloop
  endfacet
  facet normal 0 0 -1
    outer loop
      vertex -1.94403 -25.1126 0
      vertex 1.94403 -25.1126 0
      vertex 1.81219 -25.4252 0
    endloop
  endfacet
  facet normal -0 0 -1
    outer loop
      vertex 2.41388 -20.3598 0
      vertex -2.40068 -20.387 0
      vertex -2.41805 -20.3518 0
    endloop
  endfacet
  facet normal 0 0 -1
    outer loop
      vertex -1.81219 -25.4252 0
      vertex 1.81219 -25.4252 0
      vertex 1.66971 -25.7377 0
    endloop
  endfacet
  facet normal -0 0 -1
    outer loop
      vertex 2.433 -20.3255 0
      vertex -2.41805 -20.3518 0
      vertex -2.43767 -20.3178 0
    endloop
  endfacet
  facet normal 0 0 -1
    outer loop
      vertex -1.66971 -25.7377 0
      vertex 1.66971 -25.7377 0
      vertex 1.51715 -26.0492 0
    endloop
  endfacet
  facet normal 0 0 -1
    outer loop
      vertex -1.51715 -26.0492 0
      vertex 1.51715 -26.0492 0
      vertex 1.35384 -26.3613 0
    endloop
  endfacet
  facet normal -0 0 -1
    outer loop
      vertex 2.39703 -20.3952 0
      vertex -2.38565 -20.4233 0
      vertex -2.40068 -20.387 0
    endloop
  endfacet
  facet normal 0 0 -1
    outer loop
      vertex -1.35384 -26.3613 0
      vertex 1.35384 -26.3613 0
      vertex 1.18092 -26.6719 0
    endloop
  endfacet
  facet normal -0 0 -1
    outer loop
      vertex 2.38255 -20.4317 0
      vertex -2.37303 -20.4605 0
      vertex -2.38565 -20.4233 0
    endloop
  endfacet
  facet normal 0 0 -1
    outer loop
      vertex -1.18092 -26.6719 0
      vertex 1.18092 -26.6719 0
      vertex 0.998322 -26.9815 0
    endloop
  endfacet
  facet normal -0 0 -1
    outer loop
      vertex 2.45433 -20.2925 0
      vertex -2.43767 -20.3178 0
      vertex -2.45949 -20.2852 0
    endloop
  endfacet
  facet normal 0 0 -1
    outer loop
      vertex 10.0195 -17.9254 0
      vertex 1.76915 -3.58749 0
      vertex 2 -3.4641 0
    endloop
  endfacet
  facet normal -0 0 -1
    outer loop
      vertex 2.47775 -20.261 0
      vertex -2.45949 -20.2852 0
      vertex -2.48338 -20.254 0
    endloop
  endfacet
  facet normal 0 0 -1
    outer loop
      vertex 5.15407 -19.5921 0
      vertex 1.53073 -3.69552 0
      vertex 1.76915 -3.58749 0
    endloop
  endfacet
  facet normal -0 0 -1
    outer loop
      vertex 2.5032 -20.2311 0
      vertex -2.48338 -20.254 0
      vertex -2.50928 -20.2245 0
    endloop
  endfacet
  facet normal -0 0 -1
    outer loop
      vertex 2.53055 -20.2029 0
      vertex -2.50928 -20.2245 0
      vertex -2.53703 -20.1967 0
    endloop
  endfacet
  facet normal 0 0 -1
    outer loop
      vertex 5.1149 -19.5947 0
      vertex 1.28576 -3.78772 0
      vertex 1.53073 -3.69552 0
    endloop
  endfacet
  facet normal 0 0 -1
    outer loop
      vertex -1.18092 -26.6719 0
      vertex 0.998322 -26.9815 0
      vertex -0.998322 -26.9815 0
    endloop
  endfacet
  facet normal -0 0 -1
    outer loop
      vertex 2.35381 -20.5458 0
      vertex -2.35008 -20.5759 0
      vertex -2.35521 -20.5369 0
    endloop
  endfacet
  facet normal 0 0 -1
    outer loop
      vertex 1.18092 -26.6719 0
      vertex -1.18092 -26.6719 0
      vertex -1.35384 -26.3613 0
    endloop
  endfacet
  facet normal -0 0 -1
    outer loop
      vertex 2.3609 -20.5072 0
      vertex -2.35521 -20.5369 0
      vertex -2.36287 -20.4984 0
    endloop
  endfacet
  facet normal 0 0 -1
    outer loop
      vertex 1.35384 -26.3613 0
      vertex -1.35384 -26.3613 0
      vertex -1.51715 -26.0492 0
    endloop
  endfacet
  facet normal 0 0 -1
    outer loop
      vertex 1.51715 -26.0492 0
      vertex -1.51715 -26.0492 0
      vertex -1.66971 -25.7377 0
    endloop
  endfacet
  facet normal -0 0 -1
    outer loop
      vertex 2.3705 -20.4691 0
      vertex -2.36287 -20.4984 0
      vertex -2.37303 -20.4605 0
    endloop
  endfacet
  facet normal 0 0 -1
    outer loop
      vertex 1.66971 -25.7377 0
      vertex -1.66971 -25.7377 0
      vertex -1.81219 -25.4252 0
    endloop
  endfacet
  facet normal -0 0 -1
    outer loop
      vertex 2.55968 -20.1766 0
      vertex -2.53703 -20.1967 0
      vertex -2.56656 -20.1709 0
    endloop
  endfacet
  facet normal 0 0 -1
    outer loop
      vertex 1.81219 -25.4252 0
      vertex -1.81219 -25.4252 0
      vertex -1.94403 -25.1126 0
    endloop
  endfacet
  facet normal 0 0 -1
    outer loop
      vertex 1.94403 -25.1126 0
      vertex -1.94403 -25.1126 0
      vertex -2.06508 -24.7995 0
    endloop
  endfacet
  facet normal -0 0 -1
    outer loop
      vertex 2.34927 -20.5848 0
      vertex -2.3475 -20.615 0
      vertex -2.35008 -20.5759 0
    endloop
  endfacet
  facet normal 0 0 -1
    outer loop
      vertex 2.06508 -24.7995 0
      vertex -2.06508 -24.7995 0
      vertex -2.17474 -24.4868 0
    endloop
  endfacet
  facet normal 0 0 -1
    outer loop
      vertex 2.17474 -24.4868 0
      vertex -2.17474 -24.4868 0
      vertex -2.27245 -24.1748 0
    endloop
  endfacet
  facet normal 0 0 -1
    outer loop
      vertex 5.03746 -19.6075 0
      vertex 1.03528 -3.8637 0
      vertex 1.28576 -3.78772 0
    endloop
  endfacet
  facet normal 0 0 -1
    outer loop
      vertex 2.27245 -24.1748 0
      vertex -2.27245 -24.1748 0
      vertex -2.35797 -23.8626 0
    endloop
  endfacet
  facet normal -0 0 -1
    outer loop
      vertex 2.34729 -20.624 0
      vertex -2.3475 -20.6543 0
      vertex -2.3475 -20.615 0
    endloop
  endfacet
  facet normal -0 0 -1
    outer loop
      vertex 2.59047 -20.1522 0
      vertex -2.56656 -20.1709 0
      vertex -2.5977 -20.147 0
    endloop
  endfacet
  facet normal 0 0 -1
    outer loop
      vertex 5.03746 -19.6075 0
      vertex 0.780361 -3.92314 0
      vertex 1.03528 -3.8637 0
    endloop
  endfacet
  facet normal -0 0 -1
    outer loop
      vertex 2.62279 -20.1299 0
      vertex -2.5977 -20.147 0
      vertex -2.63036 -20.1252 0
    endloop
  endfacet
  facet normal -0 0 -1
    outer loop
      vertex 2.65649 -20.1098 0
      vertex -2.63036 -20.1252 0
      vertex -2.66435 -20.1055 0
    endloop
  endfacet
  facet normal 0 0 -1
    outer loop
      vertex 2.84946 -20.0427 0
      vertex 0.522104 -3.96578 0
      vertex 0.780361 -3.92314 0
    endloop
  endfacet
  facet normal -0 0 -1
    outer loop
      vertex 2.69144 -20.0919 0
      vertex -2.66435 -20.1055 0
      vertex -2.69957 -20.0882 0
    endloop
  endfacet
  facet normal 0 0 -1
    outer loop
      vertex 2.80225 -20.0524 0
      vertex 0.261612 -3.99144 0
      vertex 0.522104 -3.96578 0
    endloop
  endfacet
  facet normal -0 0 -1
    outer loop
      vertex 2.72749 -20.0763 0
      vertex -2.69957 -20.0882 0
      vertex -2.73584 -20.0731 0
    endloop
  endfacet
  facet normal 0 0 -1
    outer loop
      vertex 2.76448 -20.0632 0
      vertex 0 -4 0
      vertex 0.261612 -3.99144 0
    endloop
  endfacet
  facet normal 0 0 -1
    outer loop
      vertex 2.72749 -20.0763 0
      vertex -2.73584 -20.0731 0
      vertex 0 -4 0
    endloop
  endfacet
  facet normal 0 0 -1
    outer loop
      vertex -2.77303 -20.0605 0
      vertex 0 -4 0
      vertex -2.73584 -20.0731 0
    endloop
  endfacet
  facet normal -0 0 -1
    outer loop
      vertex 0 -4 0
      vertex -2.77303 -20.0605 0
      vertex -0.261612 -3.99144 0
    endloop
  endfacet
  facet normal 0 0 -1
    outer loop
      vertex -2.81094 -20.0503 0
      vertex -0.261612 -3.99144 0
      vertex -2.77303 -20.0605 0
    endloop
  endfacet
  facet normal -0 0 -1
    outer loop
      vertex -0.261612 -3.99144 0
      vertex -2.81094 -20.0503 0
      vertex -0.522104 -3.96578 0
    endloop
  endfacet
  facet normal 0 0 -1
    outer loop
      vertex -2.84946 -20.0427 0
      vertex -0.522104 -3.96578 0
      vertex -2.81094 -20.0503 0
    endloop
  endfacet
  facet normal -0 0 -1
    outer loop
      vertex -0.522104 -3.96578 0
      vertex -2.84946 -20.0427 0
      vertex -0.780361 -3.92314 0
    endloop
  endfacet
  facet normal 0 0 -1
    outer loop
      vertex -3.95056 -19.8609 0
      vertex -0.780361 -3.92314 0
      vertex -2.84946 -20.0427 0
    endloop
  endfacet
  facet normal 0 0 -1
    outer loop
      vertex -5.03746 -19.6075 0
      vertex -0.780361 -3.92314 0
      vertex -3.95056 -19.8609 0
    endloop
  endfacet
  facet normal -0 0 -1
    outer loop
      vertex -0.780361 -3.92314 0
      vertex -5.03746 -19.6075 0
      vertex -1.03528 -3.8637 0
    endloop
  endfacet
  facet normal -0 0 -1
    outer loop
      vertex -1.03528 -3.8637 0
      vertex -5.03746 -19.6075 0
      vertex -1.28576 -3.78772 0
    endloop
  endfacet
  facet normal 0 0 -1
    outer loop
      vertex -5.08481 -19.5984 0
      vertex -1.28576 -3.78772 0
      vertex -5.03746 -19.6075 0
    endloop
  endfacet
  facet normal 0 0 -1
    outer loop
      vertex -5.12381 -19.5939 0
      vertex -1.28576 -3.78772 0
      vertex -5.08481 -19.5984 0
    endloop
  endfacet
  facet normal -0 0 -1
    outer loop
      vertex -1.28576 -3.78772 0
      vertex -5.12381 -19.5939 0
      vertex -1.53073 -3.69552 0
    endloop
  endfacet
  facet normal 0 0 -1
    outer loop
      vertex -10.2092 -17.4982 0
      vertex -1.53073 -3.69552 0
      vertex -5.12381 -19.5939 0
    endloop
  endfacet
  facet normal 0 0 -1
    outer loop
      vertex -10.2388 -17.4723 0
      vertex -1.53073 -3.69552 0
      vertex -10.2092 -17.4982 0
    endloop
  endfacet
  facet normal -0 0 -1
    outer loop
      vertex -1.53073 -3.69552 0
      vertex -10.2388 -17.4723 0
      vertex -1.76915 -3.58749 0
    endloop
  endfacet
  facet normal -0 0 -1
    outer loop
      vertex -1.76915 -3.58749 0
      vertex -10.2699 -17.4484 0
      vertex -2 -3.4641 0
    endloop
  endfacet
  facet normal 0 0 -1
    outer loop
      vertex -10.3026 -17.4266 0
      vertex -2 -3.4641 0
      vertex -10.2699 -17.4484 0
    endloop
  endfacet
  facet normal -0 0 -1
    outer loop
      vertex -2 -3.4641 0
      vertex -10.3026 -17.4266 0
      vertex -2.22228 -3.32588 0
    endloop
  endfacet
  facet normal 0 0 -1
    outer loop
      vertex -11.2504 -16.8372 0
      vertex -2.22228 -3.32588 0
      vertex -10.3026 -17.4266 0
    endloop
  endfacet
  facet normal 0 0 -1
    outer loop
      vertex -12.1574 -16.1872 0
      vertex -2.22228 -3.32588 0
      vertex -11.2504 -16.8372 0
    endloop
  endfacet
  facet normal -0 0 -1
    outer loop
      vertex -2.22228 -3.32588 0
      vertex -12.1574 -16.1872 0
      vertex -2.43505 -3.17341 0
    endloop
  endfacet
  facet normal -0 0 -1
    outer loop
      vertex -2.43505 -3.17341 0
      vertex -12.1574 -16.1872 0
      vertex -2.63738 -3.00736 0
    endloop
  endfacet
  facet normal 0 0 -1
    outer loop
      vertex -12.1977 -16.1607 0
      vertex -2.63738 -3.00736 0
      vertex -12.1574 -16.1872 0
    endloop
  endfacet
  facet normal 0 0 -1
    outer loop
      vertex -12.232 -16.1416 0
      vertex -2.63738 -3.00736 0
      vertex -12.1977 -16.1607 0
    endloop
  endfacet
  facet normal -0 0 -1
    outer loop
      vertex -2.63738 -3.00736 0
      vertex -12.232 -16.1416 0
      vertex -2.82843 -2.82843 0
    endloop
  endfacet
  facet normal 0 0 -1
    outer loop
      vertex -16.1284 -12.2593 0
      vertex -2.82843 -2.82843 0
      vertex -12.232 -16.1416 0
    endloop
  endfacet
  facet normal 0 0 -1
    outer loop
      vertex -16.1458 -12.2241 0
      vertex -2.82843 -2.82843 0
      vertex -16.1284 -12.2593 0
    endloop
  endfacet
  facet normal -0 0 -1
    outer loop
      vertex -2.82843 -2.82843 0
      vertex -16.1458 -12.2241 0
      vertex -3.00736 -2.63738 0
    endloop
  endfacet
  facet normal 0 0 -1
    outer loop
      vertex 10.1317 17.5866 0
      vertex 5.28026 19.6013 0
      vertex 10.1099 17.6193 0
    endloop
  endfacet
  facet normal 0 0 -1
    outer loop
      vertex 10.0274 17.8384 0
      vertex 5.53043 19.7094 0
      vertex 10.0223 17.8773 0
    endloop
  endfacet
  facet normal 0 -0 -1
    outer loop
      vertex 5.31865 19.6096 0
      vertex 10.1099 17.6193 0
      vertex 5.28026 19.6013 0
    endloop
  endfacet
  facet normal 0 -0 -1
    outer loop
      vertex 5.53043 19.7094 0
      vertex 10.0274 17.8384 0
      vertex 5.49811 19.6871 0
    endloop
  endfacet
  facet normal 0 0 -1
    outer loop
      vertex 10.0351 17.7999 0
      vertex 5.49811 19.6871 0
      vertex 10.0274 17.8384 0
    endloop
  endfacet
  facet normal 0 0 -1
    outer loop
      vertex 10.1099 17.6193 0
      vertex 5.31865 19.6096 0
      vertex 10.0902 17.6533 0
    endloop
  endfacet
  facet normal 0 -0 -1
    outer loop
      vertex 5.49811 19.6871 0
      vertex 10.0351 17.7999 0
      vertex 5.4644 19.6669 0
    endloop
  endfacet
  facet normal 0 -0 -1
    outer loop
      vertex 5.35641 19.6203 0
      vertex 10.0902 17.6533 0
      vertex 5.31865 19.6096 0
    endloop
  endfacet
  facet normal 0 0 -1
    outer loop
      vertex 10.0452 17.7619 0
      vertex 5.4644 19.6669 0
      vertex 10.0351 17.7999 0
    endloop
  endfacet
  facet normal 0 0 -1
    outer loop
      vertex 10.0902 17.6533 0
      vertex 5.35641 19.6203 0
      vertex 10.0729 17.6885 0
    endloop
  endfacet
  facet normal 0 -0 -1
    outer loop
      vertex 5.4644 19.6669 0
      vertex 10.0452 17.7619 0
      vertex 5.42944 19.649 0
    endloop
  endfacet
  facet normal 0 0 -1
    outer loop
      vertex 10.0579 17.7248 0
      vertex 5.42944 19.649 0
      vertex 10.0452 17.7619 0
    endloop
  endfacet
  facet normal 0 0 -1
    outer loop
      vertex 10.0729 17.6885 0
      vertex 5.3934 19.6335 0
      vertex 10.0579 17.7248 0
    endloop
  endfacet
  facet normal 0 -0 -1
    outer loop
      vertex 5.42944 19.649 0
      vertex 10.0579 17.7248 0
      vertex 5.3934 19.6335 0
    endloop
  endfacet
  facet normal 0 -0 -1
    outer loop
      vertex 5.3934 19.6335 0
      vertex 10.0729 17.6885 0
      vertex 5.35641 19.6203 0
    endloop
  endfacet
  facet normal -0 0 -1
    outer loop
      vertex 5.16301 19.5919 0
      vertex 1.53073 3.69552 0
      vertex 5.12381 19.5939 0
    endloop
  endfacet
  facet normal 0 0 -1
    outer loop
      vertex 1.28576 3.78772 0
      vertex 5.12381 19.5939 0
      vertex 1.53073 3.69552 0
    endloop
  endfacet
  facet normal -0 0 -1
    outer loop
      vertex 5.12381 19.5939 0
      vertex 1.28576 3.78772 0
      vertex 5.08481 19.5984 0
    endloop
  endfacet
  facet normal -0 0 -1
    outer loop
      vertex 5.08481 19.5984 0
      vertex 1.28576 3.78772 0
      vertex 5.03746 19.6075 0
    endloop
  endfacet
  facet normal 0 0 -1
    outer loop
      vertex 1.03528 3.8637 0
      vertex 5.03746 19.6075 0
      vertex 1.28576 3.78772 0
    endloop
  endfacet
  facet normal 0 0 -1
    outer loop
      vertex 0.780361 3.92314 0
      vertex 5.03746 19.6075 0
      vertex 1.03528 3.8637 0
    endloop
  endfacet
  facet normal -0 0 -1
    outer loop
      vertex 5.03746 19.6075 0
      vertex 0.780361 3.92314 0
      vertex 3.95056 19.8609 0
    endloop
  endfacet
  facet normal -0 0 -1
    outer loop
      vertex 3.95056 19.8609 0
      vertex 0.780361 3.92314 0
      vertex 2.84946 20.0427 0
    endloop
  endfacet
  facet normal 0 0 -1
    outer loop
      vertex 0.522104 3.96578 0
      vertex 2.84946 20.0427 0
      vertex 0.780361 3.92314 0
    endloop
  endfacet
  facet normal -0 0 -1
    outer loop
      vertex 2.84946 20.0427 0
      vertex 0.522104 3.96578 0
      vertex 2.81094 20.0503 0
    endloop
  endfacet
  facet normal 0 0 -1
    outer loop
      vertex 0.261612 3.99144 0
      vertex 2.81094 20.0503 0
      vertex 0.522104 3.96578 0
    endloop
  endfacet
  facet normal -0 0 -1
    outer loop
      vertex 2.81094 20.0503 0
      vertex 0.261612 3.99144 0
      vertex 2.77303 20.0605 0
    endloop
  endfacet
  facet normal 0 0 -1
    outer loop
      vertex 0 4 0
      vertex 2.77303 20.0605 0
      vertex 0.261612 3.99144 0
    endloop
  endfacet
  facet normal -0 0 -1
    outer loop
      vertex 2.77303 20.0605 0
      vertex 0 4 0
      vertex 2.73584 20.0731 0
    endloop
  endfacet
  facet normal 0 0 -1
    outer loop
      vertex -2.72749 20.0763 0
      vertex 2.73584 20.0731 0
      vertex 0 4 0
    endloop
  endfacet
  facet normal 0 0 -1
    outer loop
      vertex 2.73584 20.0731 0
      vertex -2.72749 20.0763 0
      vertex 2.69957 20.0882 0
    endloop
  endfacet
  facet normal 0 -0 -1
    outer loop
      vertex -2.69144 20.0919 0
      vertex 2.69957 20.0882 0
      vertex -2.72749 20.0763 0
    endloop
  endfacet
  facet normal 0 0 -1
    outer loop
      vertex 2.69957 20.0882 0
      vertex -2.69144 20.0919 0
      vertex 2.66435 20.1055 0
    endloop
  endfacet
  facet normal 0 -0 -1
    outer loop
      vertex -2.65649 20.1098 0
      vertex 2.66435 20.1055 0
      vertex -2.69144 20.0919 0
    endloop
  endfacet
  facet normal 0 0 -1
    outer loop
      vertex 2.66435 20.1055 0
      vertex -2.65649 20.1098 0
      vertex 2.63036 20.1252 0
    endloop
  endfacet
  facet normal 0 -0 -1
    outer loop
      vertex -2.62279 20.1299 0
      vertex 2.63036 20.1252 0
      vertex -2.65649 20.1098 0
    endloop
  endfacet
  facet normal 0 0 -1
    outer loop
      vertex 2.63036 20.1252 0
      vertex -2.62279 20.1299 0
      vertex 2.5977 20.147 0
    endloop
  endfacet
  facet normal 0 0 -1
    outer loop
      vertex -2.34729 20.624 0
      vertex 2.3475 20.6543 0
      vertex 2.3475 20.615 0
    endloop
  endfacet
  facet normal 0 -0 -1
    outer loop
      vertex -2.59047 20.1522 0
      vertex 2.5977 20.147 0
      vertex -2.62279 20.1299 0
    endloop
  endfacet
  facet normal 0 0 -1
    outer loop
      vertex 2.5977 20.147 0
      vertex -2.59047 20.1522 0
      vertex 2.56656 20.1709 0
    endloop
  endfacet
  facet normal 0 -0 -1
    outer loop
      vertex -2.55968 20.1766 0
      vertex 2.56656 20.1709 0
      vertex -2.59047 20.1522 0
    endloop
  endfacet
  facet normal 0 0 -1
    outer loop
      vertex 2.56656 20.1709 0
      vertex -2.55968 20.1766 0
      vertex 2.53703 20.1967 0
    endloop
  endfacet
  facet normal 0 -0 -1
    outer loop
      vertex -2.3609 20.5072 0
      vertex 2.36287 20.4984 0
      vertex -2.3705 20.4691 0
    endloop
  endfacet
  facet normal 0 0 -1
    outer loop
      vertex 2.36287 20.4984 0
      vertex -2.3609 20.5072 0
      vertex 2.35521 20.5369 0
    endloop
  endfacet
  facet normal 0 0 -1
    outer loop
      vertex 2.35521 20.5369 0
      vertex -2.35381 20.5458 0
      vertex 2.35008 20.5759 0
    endloop
  endfacet
  facet normal 0 -0 -1
    outer loop
      vertex -2.3705 20.4691 0
      vertex 2.37303 20.4605 0
      vertex -2.38255 20.4317 0
    endloop
  endfacet
  facet normal 0 0 -1
    outer loop
      vertex 2.35008 20.5759 0
      vertex -2.34927 20.5848 0
      vertex 2.3475 20.615 0
    endloop
  endfacet
  facet normal 0 0 -1
    outer loop
      vertex 2.53703 20.1967 0
      vertex -2.53055 20.2029 0
      vertex 2.50928 20.2245 0
    endloop
  endfacet
  facet normal 0 -0 -1
    outer loop
      vertex -2.34729 20.624 0
      vertex 2.3475 20.615 0
      vertex -2.34927 20.5848 0
    endloop
  endfacet
  facet normal 0 0 -1
    outer loop
      vertex 2.3475 20.6543 0
      vertex -2.34787 20.6632 0
      vertex -2.35103 20.7024 0
    endloop
  endfacet
  facet normal 0 -0 -1
    outer loop
      vertex -2.5032 20.2311 0
      vertex 2.50928 20.2245 0
      vertex -2.53055 20.2029 0
    endloop
  endfacet
  facet normal 0 0 -1
    outer loop
      vertex 2.3475 20.6543 0
      vertex -2.35103 20.7024 0
      vertex -2.53534 22.3252 0
    endloop
  endfacet
  facet normal 0 0 -1
    outer loop
      vertex 2.50928 20.2245 0
      vertex -2.5032 20.2311 0
      vertex 2.48338 20.254 0
    endloop
  endfacet
  facet normal 0 -0 -1
    outer loop
      vertex -2.52852 22.9339 0
      vertex 2.27245 24.1748 0
      vertex -2.53534 22.3252 0
    endloop
  endfacet
  facet normal 0 0 -1
    outer loop
      vertex 2.48338 20.254 0
      vertex -2.47775 20.261 0
      vertex 2.45949 20.2852 0
    endloop
  endfacet
  facet normal 0 -0 -1
    outer loop
      vertex -2.45433 20.2925 0
      vertex 2.45949 20.2852 0
      vertex -2.47775 20.261 0
    endloop
  endfacet
  facet normal 0 0 -1
    outer loop
      vertex 2.45949 20.2852 0
      vertex -2.45433 20.2925 0
      vertex 2.43767 20.3178 0
    endloop
  endfacet
  facet normal 0 -0 -1
    outer loop
      vertex -2.53055 20.2029 0
      vertex 2.53703 20.1967 0
      vertex -2.55968 20.1766 0
    endloop
  endfacet
  facet normal 0 0 -1
    outer loop
      vertex -2.76448 20.0632 0
      vertex 0 4 0
      vertex -0.261612 3.99144 0
    endloop
  endfacet
  facet normal 0 0 -1
    outer loop
      vertex -2.80225 20.0524 0
      vertex -0.261612 3.99144 0
      vertex -0.522104 3.96578 0
    endloop
  endfacet
  facet normal 0 0 -1
    outer loop
      vertex -2.84946 20.0427 0
      vertex -0.522104 3.96578 0
      vertex -0.780361 3.92314 0
    endloop
  endfacet
  facet normal 0 -0 -1
    outer loop
      vertex -2.4875 23.2423 0
      vertex 2.27245 24.1748 0
      vertex -2.52852 22.9339 0
    endloop
  endfacet
  facet normal 0 0 -1
    outer loop
      vertex -5.03746 19.6075 0
      vertex -0.780361 3.92314 0
      vertex -1.03528 3.8637 0
    endloop
  endfacet
  facet normal 0 -0 -1
    outer loop
      vertex -2.27245 24.1748 0
      vertex 2.27245 24.1748 0
      vertex -2.35797 23.8626 0
    endloop
  endfacet
  facet normal 0 0 -1
    outer loop
      vertex -5.03746 19.6075 0
      vertex -1.03528 3.8637 0
      vertex -1.28576 3.78772 0
    endloop
  endfacet
  facet normal 0 -0 -1
    outer loop
      vertex -2.17474 24.4868 0
      vertex 2.17474 24.4868 0
      vertex -2.27245 24.1748 0
    endloop
  endfacet
  facet normal 0 -0 -1
    outer loop
      vertex -2.06508 24.7995 0
      vertex 2.06508 24.7995 0
      vertex -2.17474 24.4868 0
    endloop
  endfacet
  facet normal 0 0 -1
    outer loop
      vertex -5.1149 19.5947 0
      vertex -1.28576 3.78772 0
      vertex -1.53073 3.69552 0
    endloop
  endfacet
  facet normal 0 0 -1
    outer loop
      vertex 2.06508 24.7995 0
      vertex -2.06508 24.7995 0
      vertex 1.94403 25.1126 0
    endloop
  endfacet
  facet normal 0 0 -1
    outer loop
      vertex -10.2319 17.478 0
      vertex -1.53073 3.69552 0
      vertex -1.76915 3.58749 0
    endloop
  endfacet
  facet normal -0 0 -1
    outer loop
      vertex 0.998322 26.9815 0
      vertex -1.18092 26.6719 0
      vertex -0.998322 26.9815 0
    endloop
  endfacet
  facet normal 0 0 -1
    outer loop
      vertex 1.18092 26.6719 0
      vertex -1.18092 26.6719 0
      vertex 0.998322 26.9815 0
    endloop
  endfacet
  facet normal 0 0 -1
    outer loop
      vertex -10.2627 17.4537 0
      vertex -1.76915 3.58749 0
      vertex -2 3.4641 0
    endloop
  endfacet
  facet normal 0 -0 -1
    outer loop
      vertex -1.18092 26.6719 0
      vertex 1.18092 26.6719 0
      vertex -1.35384 26.3613 0
    endloop
  endfacet
  facet normal 0 -0 -1
    outer loop
      vertex -1.35384 26.3613 0
      vertex 1.35384 26.3613 0
      vertex -1.51715 26.0492 0
    endloop
  endfacet
  facet normal 0 0 -1
    outer loop
      vertex -10.3026 17.4266 0
      vertex -2 3.4641 0
      vertex -2.22228 3.32588 0
    endloop
  endfacet
  facet normal 0 0 -1
    outer loop
      vertex 1.51715 26.0492 0
      vertex -1.51715 26.0492 0
      vertex 1.35384 26.3613 0
    endloop
  endfacet
  facet normal 0 -0 -1
    outer loop
      vertex -1.51715 26.0492 0
      vertex 1.51715 26.0492 0
      vertex -1.66971 25.7377 0
    endloop
  endfacet
  facet normal 0 0 -1
    outer loop
      vertex 1.35384 26.3613 0
      vertex -1.35384 26.3613 0
      vertex 1.18092 26.6719 0
    endloop
  endfacet
  facet normal 0 0 -1
    outer loop
      vertex 2.27245 24.1748 0
      vertex -2.27245 24.1748 0
      vertex 2.17474 24.4868 0
    endloop
  endfacet
  facet normal 0 -0 -1
    outer loop
      vertex -2.35797 23.8626 0
      vertex 2.27245 24.1748 0
      vertex -2.42996 23.5521 0
    endloop
  endfacet
  facet normal 0 -0 -1
    outer loop
      vertex -2.42996 23.5521 0
      vertex 2.27245 24.1748 0
      vertex -2.4875 23.2423 0
    endloop
  endfacet
  facet normal 0 0 -1
    outer loop
      vertex 2.3475 20.6543 0
      vertex -2.53534 22.3252 0
      vertex 2.27245 24.1748 0
    endloop
  endfacet
  facet normal -0 0 -1
    outer loop
      vertex 2.3475 20.6543 0
      vertex -2.34729 20.624 0
      vertex -2.34787 20.6632 0
    endloop
  endfacet
  facet normal 0 -0 -1
    outer loop
      vertex -2.34927 20.5848 0
      vertex 2.35008 20.5759 0
      vertex -2.35381 20.5458 0
    endloop
  endfacet
  facet normal 0 -0 -1
    outer loop
      vertex -2.35381 20.5458 0
      vertex 2.35521 20.5369 0
      vertex -2.3609 20.5072 0
    endloop
  endfacet
  facet normal 0 0 -1
    outer loop
      vertex -12.1574 16.1872 0
      vertex -2.22228 3.32588 0
      vertex -2.43505 3.17341 0
    endloop
  endfacet
  facet normal 0 0 -1
    outer loop
      vertex 2.37303 20.4605 0
      vertex -2.3705 20.4691 0
      vertex 2.36287 20.4984 0
    endloop
  endfacet
  facet normal 0 0 -1
    outer loop
      vertex 2.38565 20.4233 0
      vertex -2.38255 20.4317 0
      vertex 2.37303 20.4605 0
    endloop
  endfacet
  facet normal 0 -0 -1
    outer loop
      vertex -2.38255 20.4317 0
      vertex 2.38565 20.4233 0
      vertex -2.39703 20.3952 0
    endloop
  endfacet
  facet normal 0 0 -1
    outer loop
      vertex 2.40068 20.387 0
      vertex -2.39703 20.3952 0
      vertex 2.38565 20.4233 0
    endloop
  endfacet
  facet normal 0 -0 -1
    outer loop
      vertex -2.39703 20.3952 0
      vertex 2.40068 20.387 0
      vertex -2.41388 20.3598 0
    endloop
  endfacet
  facet normal 0 0 -1
    outer loop
      vertex 2.41805 20.3518 0
      vertex -2.41388 20.3598 0
      vertex 2.40068 20.387 0
    endloop
  endfacet
  facet normal 0 -0 -1
    outer loop
      vertex -2.41388 20.3598 0
      vertex 2.41805 20.3518 0
      vertex -2.433 20.3255 0
    endloop
  endfacet
  facet normal 0 0 -1
    outer loop
      vertex -12.1574 16.1872 0
      vertex -2.43505 3.17341 0
      vertex -2.63738 3.00736 0
    endloop
  endfacet
  facet normal 0 0 -1
    outer loop
      vertex 2.43767 20.3178 0
      vertex -2.433 20.3255 0
      vertex 2.41805 20.3518 0
    endloop
  endfacet
  facet normal 0 -0 -1
    outer loop
      vertex -2.433 20.3255 0
      vertex 2.43767 20.3178 0
      vertex -2.45433 20.2925 0
    endloop
  endfacet
  facet normal 0 -0 -1
    outer loop
      vertex -2.47775 20.261 0
      vertex 2.48338 20.254 0
      vertex -2.5032 20.2311 0
    endloop
  endfacet
  facet normal 0 0 -1
    outer loop
      vertex 0 4 0
      vertex -2.76448 20.0632 0
      vertex -2.72749 20.0763 0
    endloop
  endfacet
  facet normal 0 0 -1
    outer loop
      vertex -0.261612 3.99144 0
      vertex -2.80225 20.0524 0
      vertex -2.76448 20.0632 0
    endloop
  endfacet
  facet normal 0 0 -1
    outer loop
      vertex -12.2241 16.1458 0
      vertex -2.63738 3.00736 0
      vertex -2.82843 2.82843 0
    endloop
  endfacet
  facet normal 0 0 -1
    outer loop
      vertex -0.522104 3.96578 0
      vertex -2.84946 20.0427 0
      vertex -2.80225 20.0524 0
    endloop
  endfacet
  facet normal 0 0 -1
    outer loop
      vertex -16.1416 12.232 0
      vertex -2.82843 2.82843 0
      vertex -3.00736 2.63738 0
    endloop
  endfacet
  facet normal 0 0 -1
    outer loop
      vertex -16.1607 12.1977 0
      vertex -3.00736 2.63738 0
      vertex -3.17341 2.43505 0
    endloop
  endfacet
  facet normal 0 0 -1
    outer loop
      vertex -16.1872 12.1574 0
      vertex -3.17341 2.43505 0
      vertex -3.32588 2.22228 0
    endloop
  endfacet
  facet normal 0 0 -1
    outer loop
      vertex -17.4266 10.3026 0
      vertex -3.32588 2.22228 0
      vertex -3.4641 2 0
    endloop
  endfacet
  facet normal 0 0 -1
    outer loop
      vertex -17.4266 10.3026 0
      vertex -3.4641 2 0
      vertex -3.58749 1.76915 0
    endloop
  endfacet
  facet normal 0 0 -1
    outer loop
      vertex -17.4723 10.2388 0
      vertex -3.58749 1.76915 0
      vertex -3.69552 1.53073 0
    endloop
  endfacet
  facet normal 0 0 -1
    outer loop
      vertex -19.5939 5.12381 0
      vertex -3.69552 1.53073 0
      vertex -3.78772 1.28576 0
    endloop
  endfacet
  facet normal 0 0 -1
    outer loop
      vertex -19.5984 5.08481 0
      vertex -3.78772 1.28576 0
      vertex -3.8637 1.03528 0
    endloop
  endfacet
  facet normal 0 0 -1
    outer loop
      vertex -19.6075 5.03746 0
      vertex -3.8637 1.03528 0
      vertex -3.92314 0.780361 0
    endloop
  endfacet
  facet normal 0 0 -1
    outer loop
      vertex -0.780361 3.92314 0
      vertex -3.95056 19.8609 0
      vertex -2.84946 20.0427 0
    endloop
  endfacet
  facet normal 0 0 -1
    outer loop
      vertex -20.0427 2.84946 0
      vertex -3.92314 0.780361 0
      vertex -3.96578 0.522104 0
    endloop
  endfacet
  facet normal 0 0 -1
    outer loop
      vertex -20.0427 2.84946 0
      vertex -3.96578 0.522104 0
      vertex -3.99144 0.261612 0
    endloop
  endfacet
  facet normal 0 0 -1
    outer loop
      vertex -20.0605 2.77303 0
      vertex -3.99144 0.261612 0
      vertex -4 0 0
    endloop
  endfacet
  facet normal 0 0 -1
    outer loop
      vertex -16.1654 -12.1901 0
      vertex -3.00736 -2.63738 0
      vertex -16.1458 -12.2241 0
    endloop
  endfacet
  facet normal 0 0 -1
    outer loop
      vertex -0.780361 3.92314 0
      vertex -5.03746 19.6075 0
      vertex -3.95056 19.8609 0
    endloop
  endfacet
  facet normal -0 0 -1
    outer loop
      vertex -3.32588 -2.22228 0
      vertex -17.4266 -10.3026 0
      vertex -3.4641 -2 0
    endloop
  endfacet
  facet normal 0 0 -1
    outer loop
      vertex -16.1872 -12.1574 0
      vertex -3.17341 -2.43505 0
      vertex -16.1654 -12.1901 0
    endloop
  endfacet
  facet normal 0 0 -1
    outer loop
      vertex -2 3.4641 0
      vertex -10.3026 17.4266 0
      vertex -10.2627 17.4537 0
    endloop
  endfacet
  facet normal -0 0 -1
    outer loop
      vertex -3.17341 -2.43505 0
      vertex -16.1872 -12.1574 0
      vertex -3.32588 -2.22228 0
    endloop
  endfacet
  facet normal 0 0 -1
    outer loop
      vertex -1.28576 3.78772 0
      vertex -5.07597 19.5998 0
      vertex -5.03746 19.6075 0
    endloop
  endfacet
  facet normal 0 0 -1
    outer loop
      vertex -10.2092 -17.4982 0
      vertex -5.12381 -19.5939 0
      vertex -5.16301 -19.5919 0
    endloop
  endfacet
  facet normal 0 0 -1
    outer loop
      vertex -1.76915 3.58749 0
      vertex -10.2627 17.4537 0
      vertex -10.2319 17.478 0
    endloop
  endfacet
  facet normal 0 0 -1
    outer loop
      vertex -10.1815 -17.526 0
      vertex -5.16301 -19.5919 0
      vertex -5.20227 -19.5925 0
    endloop
  endfacet
  facet normal 0 0 -1
    outer loop
      vertex -1.28576 3.78772 0
      vertex -5.1149 19.5947 0
      vertex -5.07597 19.5998 0
    endloop
  endfacet
  facet normal 0 0 -1
    outer loop
      vertex -10.1556 -17.5555 0
      vertex -5.20227 -19.5925 0
      vertex -5.24141 -19.5956 0
    endloop
  endfacet
  facet normal 0 0 -1
    outer loop
      vertex -1.53073 3.69552 0
      vertex -10.2319 17.478 0
      vertex -5.15407 19.5921 0
    endloop
  endfacet
  facet normal 0 0 -1
    outer loop
      vertex -10.1317 -17.5866 0
      vertex -5.24141 -19.5956 0
      vertex -5.28026 -19.6013 0
    endloop
  endfacet
  facet normal 0 0 -1
    outer loop
      vertex -1.53073 3.69552 0
      vertex -5.15407 19.5921 0
      vertex -5.1149 19.5947 0
    endloop
  endfacet
  facet normal 0 0 -1
    outer loop
      vertex -10.1099 -17.6193 0
      vertex -5.28026 -19.6013 0
      vertex -5.31865 -19.6096 0
    endloop
  endfacet
  facet normal 0 -0 -1
    outer loop
      vertex -10.2028 17.5044 0
      vertex -5.15407 19.5921 0
      vertex -10.2319 17.478 0
    endloop
  endfacet
  facet normal 0 0 -1
    outer loop
      vertex -10.0902 -17.6533 0
      vertex -5.31865 -19.6096 0
      vertex -5.35641 -19.6203 0
    endloop
  endfacet
  facet normal -0 0 -1
    outer loop
      vertex -5.15407 19.5921 0
      vertex -10.2028 17.5044 0
      vertex -5.19334 19.5921 0
    endloop
  endfacet
  facet normal 0 0 -1
    outer loop
      vertex -10.0729 -17.6885 0
      vertex -5.35641 -19.6203 0
      vertex -5.3934 -19.6335 0
    endloop
  endfacet
  facet normal 0 -0 -1
    outer loop
      vertex -10.1754 17.5325 0
      vertex -5.19334 19.5921 0
      vertex -10.2028 17.5044 0
    endloop
  endfacet
  facet normal 0 0 -1
    outer loop
      vertex -10.0579 -17.7248 0
      vertex -5.3934 -19.6335 0
      vertex -5.42944 -19.649 0
    endloop
  endfacet
  facet normal -0 0 -1
    outer loop
      vertex -5.19334 19.5921 0
      vertex -10.1754 17.5325 0
      vertex -5.23251 19.5947 0
    endloop
  endfacet
  facet normal 0 0 -1
    outer loop
      vertex -10.0452 -17.7619 0
      vertex -5.42944 -19.649 0
      vertex -5.4644 -19.6669 0
    endloop
  endfacet
  facet normal 0 -0 -1
    outer loop
      vertex -10.15 17.5624 0
      vertex -5.23251 19.5947 0
      vertex -10.1754 17.5325 0
    endloop
  endfacet
  facet normal 0 0 -1
    outer loop
      vertex -10.0351 -17.7999 0
      vertex -5.4644 -19.6669 0
      vertex -5.49811 -19.6871 0
    endloop
  endfacet
  facet normal -0 0 -1
    outer loop
      vertex -5.23251 19.5947 0
      vertex -10.15 17.5624 0
      vertex -5.27144 19.5998 0
    endloop
  endfacet
  facet normal 0 0 -1
    outer loop
      vertex -10.0274 -17.8384 0
      vertex -5.49811 -19.6871 0
      vertex -5.53043 -19.7094 0
    endloop
  endfacet
  facet normal 0 -0 -1
    outer loop
      vertex -10.1265 17.5939 0
      vertex -5.27144 19.5998 0
      vertex -10.15 17.5624 0
    endloop
  endfacet
  facet normal 0 0 -1
    outer loop
      vertex -10.0223 -17.8773 0
      vertex -5.53043 -19.7094 0
      vertex -5.56122 -19.7337 0
    endloop
  endfacet
  facet normal 0 0 -1
    outer loop
      vertex -17.4266 -10.3026 0
      vertex -3.32588 -2.22228 0
      vertex -16.8372 -11.2504 0
    endloop
  endfacet
  facet normal 0 0 -1
    outer loop
      vertex -10.0197 -17.9165 0
      vertex -5.56122 -19.7337 0
      vertex -5.59035 -19.7601 0
    endloop
  endfacet
  facet normal -0 0 -1
    outer loop
      vertex -5.27144 19.5998 0
      vertex -10.1265 17.5939 0
      vertex -5.30995 19.6075 0
    endloop
  endfacet
  facet normal 0 0 -1
    outer loop
      vertex -10.0197 -17.9557 0
      vertex -5.59035 -19.7601 0
      vertex -5.61769 -19.7882 0
    endloop
  endfacet
  facet normal 0 -0 -1
    outer loop
      vertex -10.0861 17.6612 0
      vertex -5.34787 19.6176 0
      vertex -10.1052 17.6269 0
    endloop
  endfacet
  facet normal 0 0 -1
    outer loop
      vertex -10.0223 -17.9949 0
      vertex -5.61769 -19.7882 0
      vertex -5.64314 -19.8181 0
    endloop
  endfacet
  facet normal -0 0 -1
    outer loop
      vertex -5.34787 19.6176 0
      vertex -10.0861 17.6612 0
      vertex -5.38506 19.6303 0
    endloop
  endfacet
  facet normal 0 0 -1
    outer loop
      vertex -10.0274 -18.0338 0
      vertex -5.64314 -19.8181 0
      vertex -5.66656 -19.8496 0
    endloop
  endfacet
  facet normal 0 -0 -1
    outer loop
      vertex -10.0692 17.6967 0
      vertex -5.38506 19.6303 0
      vertex -10.0861 17.6612 0
    endloop
  endfacet
  facet normal 0 0 -1
    outer loop
      vertex -10.0351 -18.0724 0
      vertex -5.66656 -19.8496 0
      vertex -5.6879 -19.8826 0
    endloop
  endfacet
  facet normal -0 0 -1
    outer loop
      vertex -5.38506 19.6303 0
      vertex -10.0692 17.6967 0
      vertex -5.42133 19.6453 0
    endloop
  endfacet
  facet normal 0 0 -1
    outer loop
      vertex -10.0452 -18.1103 0
      vertex -5.6879 -19.8826 0
      vertex -5.70702 -19.9169 0
    endloop
  endfacet
  facet normal 0 -0 -1
    outer loop
      vertex -10.0548 17.7332 0
      vertex -5.42133 19.6453 0
      vertex -10.0692 17.6967 0
    endloop
  endfacet
  facet normal 0 0 -1
    outer loop
      vertex -10.0579 -18.1475 0
      vertex -5.70702 -19.9169 0
      vertex -5.72386 -19.9523 0
    endloop
  endfacet
  facet normal -0 0 -1
    outer loop
      vertex -5.42133 19.6453 0
      vertex -10.0548 17.7332 0
      vertex -5.45654 19.6626 0
    endloop
  endfacet
  facet normal 0 0 -1
    outer loop
      vertex -10.0729 -18.1837 0
      vertex -5.72386 -19.9523 0
      vertex -5.73834 -19.9888 0
    endloop
  endfacet
  facet normal 0 0 -1
    outer loop
      vertex -10.0729 -18.1837 0
      vertex -5.73834 -19.9888 0
      vertex -5.7504 -20.0262 0
    endloop
  endfacet
  facet normal 0 -0 -1
    outer loop
      vertex -10.0427 17.7705 0
      vertex -5.45654 19.6626 0
      vertex -10.0548 17.7332 0
    endloop
  endfacet
  facet normal 0 0 -1
    outer loop
      vertex -10.0945 -18.2268 0
      vertex -5.7504 -20.0262 0
      vertex -6.20113 -21.5959 0
    endloop
  endfacet
  facet normal 0 0 -1
    outer loop
      vertex -5.20227 -19.5925 0
      vertex -10.1556 -17.5555 0
      vertex -10.1815 -17.526 0
    endloop
  endfacet
  facet normal 0 0 -1
    outer loop
      vertex -10.8858 -19.6556 0
      vertex -6.20113 -21.5959 0
      vertex -6.30408 -21.8808 0
    endloop
  endfacet
  facet normal 0 0 -1
    outer loop
      vertex -5.24141 -19.5956 0
      vertex -10.1317 -17.5866 0
      vertex -10.1556 -17.5555 0
    endloop
  endfacet
  facet normal 0 0 -1
    outer loop
      vertex -10.8858 -19.6556 0
      vertex -6.30408 -21.8808 0
      vertex -6.44044 -22.1559 0
    endloop
  endfacet
  facet normal 0 0 -1
    outer loop
      vertex -5.28026 -19.6013 0
      vertex -10.1099 -17.6193 0
      vertex -10.1317 -17.5866 0
    endloop
  endfacet
  facet normal 0 0 -1
    outer loop
      vertex -11.1125 -20.2206 0
      vertex -6.44044 -22.1559 0
      vertex -6.59621 -22.4249 0
    endloop
  endfacet
  facet normal 0 0 -1
    outer loop
      vertex -5.16301 -19.5919 0
      vertex -10.1815 -17.526 0
      vertex -10.2092 -17.4982 0
    endloop
  endfacet
  facet normal 0 0 -1
    outer loop
      vertex -11.1926 -20.521 0
      vertex -6.59621 -22.4249 0
      vertex -6.76797 -22.6891 0
    endloop
  endfacet
  facet normal 0 0 -1
    outer loop
      vertex -5.31865 -19.6096 0
      vertex -10.0902 -17.6533 0
      vertex -10.1099 -17.6193 0
    endloop
  endfacet
  facet normal 0 0 -1
    outer loop
      vertex -11.258 -20.8295 0
      vertex -6.76797 -22.6891 0
      vertex -6.9536 -22.9489 0
    endloop
  endfacet
  facet normal 0 0 -1
    outer loop
      vertex -5.35641 -19.6203 0
      vertex -10.0729 -17.6885 0
      vertex -10.0902 -17.6533 0
    endloop
  endfacet
  facet normal 0 0 -1
    outer loop
      vertex -11.3103 -21.1442 0
      vertex -6.9536 -22.9489 0
      vertex -7.15176 -23.2042 0
    endloop
  endfacet
  facet normal 0 0 -1
    outer loop
      vertex -10.0201 17.9647 0
      vertex -5.61162 19.7816 0
      vertex -10.0195 17.9254 0
    endloop
  endfacet
  facet normal 0 0 -1
    outer loop
      vertex -11.3507 -21.4648 0
      vertex -7.15176 -23.2042 0
      vertex -7.36171 -23.4553 0
    endloop
  endfacet
  facet normal 0 0 -1
    outer loop
      vertex -5.3934 -19.6335 0
      vertex -10.0579 -17.7248 0
      vertex -10.0729 -17.6885 0
    endloop
  endfacet
  facet normal 0 0 -1
    outer loop
      vertex -11.3799 -21.7906 0
      vertex -7.36171 -23.4553 0
      vertex -7.58221 -23.7018 0
    endloop
  endfacet
  facet normal 0 0 -1
    outer loop
      vertex -5.42944 -19.649 0
      vertex -10.0452 -17.7619 0
      vertex -10.0579 -17.7248 0
    endloop
  endfacet
  facet normal 0 0 -1
    outer loop
      vertex -11.3982 -22.1213 0
      vertex -7.58221 -23.7018 0
      vertex -7.81407 -23.9449 0
    endloop
  endfacet
  facet normal -0 0 -1
    outer loop
      vertex -5.66141 19.8423 0
      vertex -10.0289 18.0427 0
      vertex -5.68323 19.875 0
    endloop
  endfacet
  facet normal 0 0 -1
    outer loop
      vertex -11.4062 -22.4569 0
      vertex -7.81407 -23.9449 0
      vertex -8.05544 -24.1832 0
    endloop
  endfacet
  facet normal 0 0 -1
    outer loop
      vertex -5.4644 -19.6669 0
      vertex -10.0351 -17.7999 0
      vertex -10.0452 -17.7619 0
    endloop
  endfacet
  facet normal 0 0 -1
    outer loop
      vertex -11.404 -22.7965 0
      vertex -8.05544 -24.1832 0
      vertex -8.3069 -24.4176 0
    endloop
  endfacet
  facet normal 0 0 -1
    outer loop
      vertex -10.0611 18.1558 0
      vertex -5.72023 19.9442 0
      vertex -10.0479 18.1188 0
    endloop
  endfacet
  facet normal 0 0 -1
    outer loop
      vertex -11.392 -23.1393 0
      vertex -8.3069 -24.4176 0
      vertex -8.56714 -24.6471 0
    endloop
  endfacet
  facet normal 0 0 -1
    outer loop
      vertex -5.49811 -19.6871 0
      vertex -10.0274 -17.8384 0
      vertex -10.0351 -17.7999 0
    endloop
  endfacet
  facet normal 0 0 -1
    outer loop
      vertex -11.3702 -23.4859 0
      vertex -8.56714 -24.6471 0
      vertex -8.83717 -24.8727 0
    endloop
  endfacet
  facet normal 0 0 -1
    outer loop
      vertex -5.53043 -19.7094 0
      vertex -10.0223 -17.8773 0
      vertex -10.0274 -17.8384 0
    endloop
  endfacet
  facet normal 0 0 -1
    outer loop
      vertex -11.3388 -23.8366 0
      vertex -8.83717 -24.8727 0
      vertex -9.11551 -25.0933 0
    endloop
  endfacet
  facet normal 0 0 -1
    outer loop
      vertex -10.0945 18.2268 0
      vertex -5.7504 20.0262 0
      vertex -10.0766 18.1919 0
    endloop
  endfacet
  facet normal 0 0 -1
    outer loop
      vertex -11.298 -24.1894 0
      vertex -9.11551 -25.0933 0
      vertex -9.40305 -25.3097 0
    endloop
  endfacet
  facet normal 0 0 -1
    outer loop
      vertex -5.56122 -19.7337 0
      vertex -10.0197 -17.9165 0
      vertex -10.0223 -17.8773 0
    endloop
  endfacet
  facet normal 0 0 -1
    outer loop
      vertex -11.1926 20.521 0
      vertex -6.59621 22.4249 0
      vertex -11.1125 20.2206 0
    endloop
  endfacet
  facet normal 0 0 -1
    outer loop
      vertex -5.59035 -19.7601 0
      vertex -10.0197 -17.9557 0
      vertex -10.0197 -17.9165 0
    endloop
  endfacet
  facet normal 0 0 -1
    outer loop
      vertex -5.61769 -19.7882 0
      vertex -10.0223 -17.9949 0
      vertex -10.0197 -17.9557 0
    endloop
  endfacet
  facet normal 0 0 -1
    outer loop
      vertex -5.64314 -19.8181 0
      vertex -10.0274 -18.0338 0
      vertex -10.0223 -17.9949 0
    endloop
  endfacet
  facet normal 0 0 -1
    outer loop
      vertex -5.66656 -19.8496 0
      vertex -10.0351 -18.0724 0
      vertex -10.0274 -18.0338 0
    endloop
  endfacet
  facet normal 0 0 -1
    outer loop
      vertex -5.6879 -19.8826 0
      vertex -10.0452 -18.1103 0
      vertex -10.0351 -18.0724 0
    endloop
  endfacet
  facet normal 0 0 -1
    outer loop
      vertex -5.70702 -19.9169 0
      vertex -10.0579 -18.1475 0
      vertex -10.0452 -18.1103 0
    endloop
  endfacet
  facet normal 0 0 -1
    outer loop
      vertex -5.72386 -19.9523 0
      vertex -10.0729 -18.1837 0
      vertex -10.0579 -18.1475 0
    endloop
  endfacet
  facet normal 0 0 -1
    outer loop
      vertex -5.7504 -20.0262 0
      vertex -10.0945 -18.2268 0
      vertex -10.0729 -18.1837 0
    endloop
  endfacet
  facet normal 0 0 -1
    outer loop
      vertex -6.20113 -21.5959 0
      vertex -10.8858 -19.6556 0
      vertex -10.0945 -18.2268 0
    endloop
  endfacet
  facet normal 0 0 -1
    outer loop
      vertex -6.59621 -22.4249 0
      vertex -11.1926 -20.521 0
      vertex -11.1125 -20.2206 0
    endloop
  endfacet
  facet normal 0 0 -1
    outer loop
      vertex -10.8858 -19.6556 0
      vertex -11.1125 -20.2206 0
      vertex -11.0144 -19.9297 0
    endloop
  endfacet
  facet normal 0 0 -1
    outer loop
      vertex -6.44044 -22.1559 0
      vertex -11.1125 -20.2206 0
      vertex -10.8858 -19.6556 0
    endloop
  endfacet
  facet normal 0 0 -1
    outer loop
      vertex -11.298 -24.1894 0
      vertex -9.40305 -25.3097 0
      vertex -11.2477 -24.5456 0
    endloop
  endfacet
  facet normal 0 0 -1
    outer loop
      vertex -9.11551 -25.0933 0
      vertex -11.298 -24.1894 0
      vertex -11.3388 -23.8366 0
    endloop
  endfacet
  facet normal 0 0 -1
    outer loop
      vertex -8.83717 -24.8727 0
      vertex -11.3388 -23.8366 0
      vertex -11.3702 -23.4859 0
    endloop
  endfacet
  facet normal 0 0 -1
    outer loop
      vertex -8.56714 -24.6471 0
      vertex -11.3702 -23.4859 0
      vertex -11.392 -23.1393 0
    endloop
  endfacet
  facet normal 0 0 -1
    outer loop
      vertex -6.76797 -22.6891 0
      vertex -11.258 -20.8295 0
      vertex -11.1926 -20.521 0
    endloop
  endfacet
  facet normal 0 0 -1
    outer loop
      vertex -6.9536 -22.9489 0
      vertex -11.3103 -21.1442 0
      vertex -11.258 -20.8295 0
    endloop
  endfacet
  facet normal 0 0 -1
    outer loop
      vertex -7.15176 -23.2042 0
      vertex -11.3507 -21.4648 0
      vertex -11.3103 -21.1442 0
    endloop
  endfacet
  facet normal 0 0 -1
    outer loop
      vertex -7.36171 -23.4553 0
      vertex -11.3799 -21.7906 0
      vertex -11.3507 -21.4648 0
    endloop
  endfacet
  facet normal 0 0 -1
    outer loop
      vertex -8.3069 -24.4176 0
      vertex -11.392 -23.1393 0
      vertex -11.404 -22.7965 0
    endloop
  endfacet
  facet normal 0 0 -1
    outer loop
      vertex -7.58221 -23.7018 0
      vertex -11.3982 -22.1213 0
      vertex -11.3799 -21.7906 0
    endloop
  endfacet
  facet normal 0 0 -1
    outer loop
      vertex -8.05544 -24.1832 0
      vertex -11.404 -22.7965 0
      vertex -11.4062 -22.4569 0
    endloop
  endfacet
  facet normal 0 0 -1
    outer loop
      vertex -7.81407 -23.9449 0
      vertex -11.4062 -22.4569 0
      vertex -11.3982 -22.1213 0
    endloop
  endfacet
  facet normal 0 0 -1
    outer loop
      vertex 2.53534 22.3252 0
      vertex 2.52852 22.9339 0
      vertex 2.54919 22.6277 0
    endloop
  endfacet
  facet normal 0 0 -1
    outer loop
      vertex 2.53534 22.3252 0
      vertex 2.4875 23.2423 0
      vertex 2.52852 22.9339 0
    endloop
  endfacet
  facet normal 0 0 -1
    outer loop
      vertex 2.53534 22.3252 0
      vertex 2.42996 23.5521 0
      vertex 2.4875 23.2423 0
    endloop
  endfacet
  facet normal 0 0 -1
    outer loop
      vertex 2.53534 22.3252 0
      vertex 2.35797 23.8626 0
      vertex 2.42996 23.5521 0
    endloop
  endfacet
  facet normal 0 0 -1
    outer loop
      vertex 2.27245 24.1748 0
      vertex 2.53534 22.3252 0
      vertex 2.35103 20.7024 0
    endloop
  endfacet
  facet normal 0 0 -1
    outer loop
      vertex 2.27245 24.1748 0
      vertex 2.35103 20.7024 0
      vertex 2.3475 20.6543 0
    endloop
  endfacet
  facet normal 0 0 -1
    outer loop
      vertex 2.53534 22.3252 0
      vertex 2.27245 24.1748 0
      vertex 2.35797 23.8626 0
    endloop
  endfacet
  facet normal 0 0 -1
    outer loop
      vertex -11.258 20.8295 0
      vertex -6.76797 22.6891 0
      vertex -11.1926 20.521 0
    endloop
  endfacet
  facet normal -0 0 -1
    outer loop
      vertex -6.76797 22.6891 0
      vertex -11.258 20.8295 0
      vertex -6.9536 22.9489 0
    endloop
  endfacet
  facet normal 0 0 -1
    outer loop
      vertex -11.3103 21.1442 0
      vertex -6.9536 22.9489 0
      vertex -11.258 20.8295 0
    endloop
  endfacet
  facet normal -0 0 -1
    outer loop
      vertex -6.9536 22.9489 0
      vertex -11.3103 21.1442 0
      vertex -7.15176 23.2042 0
    endloop
  endfacet
  facet normal 0 0 -1
    outer loop
      vertex -11.3507 21.4648 0
      vertex -7.15176 23.2042 0
      vertex -11.3103 21.1442 0
    endloop
  endfacet
  facet normal -0 0 -1
    outer loop
      vertex -7.15176 23.2042 0
      vertex -11.3507 21.4648 0
      vertex -7.36171 23.4553 0
    endloop
  endfacet
  facet normal 0 0 -1
    outer loop
      vertex -11.3799 21.7906 0
      vertex -7.36171 23.4553 0
      vertex -11.3507 21.4648 0
    endloop
  endfacet
  facet normal 0 0 -1
    outer loop
      vertex -11.3982 22.1213 0
      vertex -7.58221 23.7018 0
      vertex -11.3799 21.7906 0
    endloop
  endfacet
  facet normal -0 0 -1
    outer loop
      vertex -7.58221 23.7018 0
      vertex -11.3982 22.1213 0
      vertex -7.81407 23.9449 0
    endloop
  endfacet
  facet normal 0 0 -1
    outer loop
      vertex -11.1125 20.2206 0
      vertex -10.8858 19.6556 0
      vertex -11.0144 19.9297 0
    endloop
  endfacet
  facet normal -0 0 -1
    outer loop
      vertex -7.36171 23.4553 0
      vertex -11.3799 21.7906 0
      vertex -7.58221 23.7018 0
    endloop
  endfacet
  facet normal 0 0 -1
    outer loop
      vertex -11.4062 22.4569 0
      vertex -7.81407 23.9449 0
      vertex -11.3982 22.1213 0
    endloop
  endfacet
  facet normal -0 0 -1
    outer loop
      vertex -7.81407 23.9449 0
      vertex -11.4062 22.4569 0
      vertex -8.05544 24.1832 0
    endloop
  endfacet
  facet normal 0 -0 -1
    outer loop
      vertex -11.404 22.7965 0
      vertex -8.05544 24.1832 0
      vertex -11.4062 22.4569 0
    endloop
  endfacet
  facet normal 0 0 -1
    outer loop
      vertex -9.40305 25.3097 0
      vertex -11.298 24.1892 0
      vertex -11.2477 24.5456 0
    endloop
  endfacet
  facet normal -0 0 -1
    outer loop
      vertex -8.05544 24.1832 0
      vertex -11.404 22.7965 0
      vertex -8.3069 24.4176 0
    endloop
  endfacet
  facet normal -0 0 -1
    outer loop
      vertex -9.11551 25.0933 0
      vertex -11.298 24.1892 0
      vertex -9.40305 25.3097 0
    endloop
  endfacet
  facet normal 0 -0 -1
    outer loop
      vertex -11.392 23.1393 0
      vertex -8.3069 24.4176 0
      vertex -11.404 22.7965 0
    endloop
  endfacet
  facet normal 0 -0 -1
    outer loop
      vertex -11.298 24.1892 0
      vertex -9.11551 25.0933 0
      vertex -11.3388 23.8366 0
    endloop
  endfacet
  facet normal -0 0 -1
    outer loop
      vertex -8.3069 24.4176 0
      vertex -11.392 23.1393 0
      vertex -8.56714 24.6471 0
    endloop
  endfacet
  facet normal -0 0 -1
    outer loop
      vertex -8.83717 24.8727 0
      vertex -11.3388 23.8366 0
      vertex -9.11551 25.0933 0
    endloop
  endfacet
  facet normal 0 -0 -1
    outer loop
      vertex -11.3702 23.4859 0
      vertex -8.56714 24.6471 0
      vertex -11.392 23.1393 0
    endloop
  endfacet
  facet normal 0 -0 -1
    outer loop
      vertex -11.3388 23.8366 0
      vertex -8.83717 24.8727 0
      vertex -11.3702 23.4859 0
    endloop
  endfacet
  facet normal -0 0 -1
    outer loop
      vertex -8.56714 24.6471 0
      vertex -11.3702 23.4859 0
      vertex -8.83717 24.8727 0
    endloop
  endfacet
  facet normal -0 0 -1
    outer loop
      vertex -6.30408 21.8808 0
      vertex -10.8858 19.6556 0
      vertex -6.44044 22.1559 0
    endloop
  endfacet
  facet normal -0 0 -1
    outer loop
      vertex -6.59621 22.4249 0
      vertex -11.1926 20.521 0
      vertex -6.76797 22.6891 0
    endloop
  endfacet
  facet normal -0 0 -1
    outer loop
      vertex -6.44044 22.1559 0
      vertex -11.1125 20.2206 0
      vertex -6.59621 22.4249 0
    endloop
  endfacet
  facet normal 0 0 -1
    outer loop
      vertex -11.1125 20.2206 0
      vertex -6.44044 22.1559 0
      vertex -10.8858 19.6556 0
    endloop
  endfacet
  facet normal -0 0 -1
    outer loop
      vertex -6.20113 21.5959 0
      vertex -10.8858 19.6556 0
      vertex -6.30408 21.8808 0
    endloop
  endfacet
  facet normal 0 0 -1
    outer loop
      vertex -10.8858 19.6556 0
      vertex -6.20113 21.5959 0
      vertex -10.0945 18.2268 0
    endloop
  endfacet
  facet normal -0 0 -1
    outer loop
      vertex -5.7504 20.0262 0
      vertex -10.0945 18.2268 0
      vertex -6.20113 21.5959 0
    endloop
  endfacet
  facet normal -0 0 -1
    outer loop
      vertex -5.73524 19.9805 0
      vertex -10.0766 18.1919 0
      vertex -5.7504 20.0262 0
    endloop
  endfacet
  facet normal 0 0 -1
    outer loop
      vertex -10.0766 18.1919 0
      vertex -5.73524 19.9805 0
      vertex -10.0611 18.1558 0
    endloop
  endfacet
  facet normal -0 0 -1
    outer loop
      vertex -5.72023 19.9442 0
      vertex -10.0611 18.1558 0
      vertex -5.73524 19.9805 0
    endloop
  endfacet
  facet normal -0 0 -1
    outer loop
      vertex -5.70287 19.909 0
      vertex -10.0479 18.1188 0
      vertex -5.72023 19.9442 0
    endloop
  endfacet
  facet normal 0 0 -1
    outer loop
      vertex -10.0479 18.1188 0
      vertex -5.70287 19.909 0
      vertex -10.0372 18.0811 0
    endloop
  endfacet
  facet normal -0 0 -1
    outer loop
      vertex -5.68323 19.875 0
      vertex -10.0372 18.0811 0
      vertex -5.70287 19.909 0
    endloop
  endfacet
  facet normal 0 0 -1
    outer loop
      vertex -10.0372 18.0811 0
      vertex -5.68323 19.875 0
      vertex -10.0289 18.0427 0
    endloop
  endfacet
  facet normal 0 0 -1
    outer loop
      vertex -10.0289 18.0427 0
      vertex -5.66141 19.8423 0
      vertex -10.0232 18.0038 0
    endloop
  endfacet
  facet normal -0 0 -1
    outer loop
      vertex -5.63751 19.8112 0
      vertex -10.0232 18.0038 0
      vertex -5.66141 19.8423 0
    endloop
  endfacet
  facet normal 0 0 -1
    outer loop
      vertex -10.0232 18.0038 0
      vertex -5.63751 19.8112 0
      vertex -10.0201 17.9647 0
    endloop
  endfacet
  facet normal -0 0 -1
    outer loop
      vertex -5.61162 19.7816 0
      vertex -10.0201 17.9647 0
      vertex -5.63751 19.8112 0
    endloop
  endfacet
  facet normal -0 0 -1
    outer loop
      vertex -5.58386 19.7539 0
      vertex -10.0195 17.9254 0
      vertex -5.61162 19.7816 0
    endloop
  endfacet
  facet normal 0 -0 -1
    outer loop
      vertex -10.0195 17.9254 0
      vertex -5.58386 19.7539 0
      vertex -10.0215 17.8862 0
    endloop
  endfacet
  facet normal -0 0 -1
    outer loop
      vertex -5.55434 19.728 0
      vertex -10.0215 17.8862 0
      vertex -5.58386 19.7539 0
    endloop
  endfacet
  facet normal 0 -0 -1
    outer loop
      vertex -10.0215 17.8862 0
      vertex -5.55434 19.728 0
      vertex -10.026 17.8472 0
    endloop
  endfacet
  facet normal 0 0 -1
    outer loop
      vertex -10.2699 -17.4484 0
      vertex -1.76915 -3.58749 0
      vertex -10.2388 -17.4723 0
    endloop
  endfacet
  facet normal -0 0 -1
    outer loop
      vertex -5.52319 19.7041 0
      vertex -10.026 17.8472 0
      vertex -5.55434 19.728 0
    endloop
  endfacet
  facet normal 0 0 -1
    outer loop
      vertex -16.8372 -11.2504 0
      vertex -3.32588 -2.22228 0
      vertex -16.1872 -12.1574 0
    endloop
  endfacet
  facet normal 0 -0 -1
    outer loop
      vertex -10.026 17.8472 0
      vertex -5.52319 19.7041 0
      vertex -10.0331 17.8086 0
    endloop
  endfacet
  facet normal -0 0 -1
    outer loop
      vertex -5.45654 19.6626 0
      vertex -10.0427 17.7705 0
      vertex -5.49054 19.6823 0
    endloop
  endfacet
  facet normal -0 0 -1
    outer loop
      vertex -5.49054 19.6823 0
      vertex -10.0331 17.8086 0
      vertex -5.52319 19.7041 0
    endloop
  endfacet
  facet normal 0 -0 -1
    outer loop
      vertex -10.0331 17.8086 0
      vertex -5.49054 19.6823 0
      vertex -10.0427 17.7705 0
    endloop
  endfacet
  facet normal 0 -0 -1
    outer loop
      vertex -10.1052 17.6269 0
      vertex -5.30995 19.6075 0
      vertex -10.1265 17.5939 0
    endloop
  endfacet
  facet normal -0 0 -1
    outer loop
      vertex -5.30995 19.6075 0
      vertex -10.1052 17.6269 0
      vertex -5.34787 19.6176 0
    endloop
  endfacet
  facet normal -0 0 -1
    outer loop
      vertex -3.4641 -2 0
      vertex -17.4266 -10.3026 0
      vertex -3.58749 -1.76915 0
    endloop
  endfacet
  facet normal 0 0 -1
    outer loop
      vertex -17.4537 -10.2627 0
      vertex -3.58749 -1.76915 0
      vertex -17.4266 -10.3026 0
    endloop
  endfacet
  facet normal 0 0 -1
    outer loop
      vertex -2.22228 3.32588 0
      vertex -12.1574 16.1872 0
      vertex -11.2504 16.8372 0
    endloop
  endfacet
  facet normal 0 0 -1
    outer loop
      vertex -2.22228 3.32588 0
      vertex -11.2504 16.8372 0
      vertex -10.3026 17.4266 0
    endloop
  endfacet
  facet normal -0 0 -1
    outer loop
      vertex -3.69552 -1.53073 0
      vertex -19.5947 -5.1149 0
      vertex -3.78772 -1.28576 0
    endloop
  endfacet
  facet normal 0 0 -1
    outer loop
      vertex -17.478 -10.2319 0
      vertex -3.58749 -1.76915 0
      vertex -17.4537 -10.2627 0
    endloop
  endfacet
  facet normal 0 0 -1
    outer loop
      vertex -3.17341 2.43505 0
      vertex -16.1872 12.1574 0
      vertex -16.1607 12.1977 0
    endloop
  endfacet
  facet normal -0 0 -1
    outer loop
      vertex -3.58749 -1.76915 0
      vertex -17.478 -10.2319 0
      vertex -3.69552 -1.53073 0
    endloop
  endfacet
  facet normal 0 0 -1
    outer loop
      vertex -2.63738 3.00736 0
      vertex -12.1901 16.1654 0
      vertex -12.1574 16.1872 0
    endloop
  endfacet
  facet normal 0 0 -1
    outer loop
      vertex -16.1284 -12.2593 0
      vertex -12.232 -16.1416 0
      vertex -12.2675 -16.1248 0
    endloop
  endfacet
  facet normal 0 0 -1
    outer loop
      vertex -3.00736 2.63738 0
      vertex -16.1607 12.1977 0
      vertex -16.1416 12.232 0
    endloop
  endfacet
  facet normal 0 0 -1
    outer loop
      vertex -16.1134 -12.2956 0
      vertex -12.2675 -16.1248 0
      vertex -12.304 -16.1103 0
    endloop
  endfacet
  facet normal 0 0 -1
    outer loop
      vertex -2.63738 3.00736 0
      vertex -12.2241 16.1458 0
      vertex -12.1901 16.1654 0
    endloop
  endfacet
  facet normal 0 0 -1
    outer loop
      vertex -16.1007 -12.3327 0
      vertex -12.304 -16.1103 0
      vertex -12.3413 -16.0982 0
    endloop
  endfacet
  facet normal 0 0 -1
    outer loop
      vertex -2.82843 2.82843 0
      vertex -16.1416 12.232 0
      vertex -12.2593 16.1284 0
    endloop
  endfacet
  facet normal 0 0 -1
    outer loop
      vertex -16.0906 -12.3707 0
      vertex -12.3413 -16.0982 0
      vertex -12.3794 -16.0886 0
    endloop
  endfacet
  facet normal 0 0 -1
    outer loop
      vertex -2.82843 2.82843 0
      vertex -12.2593 16.1284 0
      vertex -12.2241 16.1458 0
    endloop
  endfacet
  facet normal 0 0 -1
    outer loop
      vertex -16.0829 -12.4092 0
      vertex -12.3794 -16.0886 0
      vertex -12.418 -16.0815 0
    endloop
  endfacet
  facet normal 0 -0 -1
    outer loop
      vertex -16.1248 12.2675 0
      vertex -12.2593 16.1284 0
      vertex -16.1416 12.232 0
    endloop
  endfacet
  facet normal 0 0 -1
    outer loop
      vertex -16.0778 -12.4481 0
      vertex -12.418 -16.0815 0
      vertex -12.457 -16.077 0
    endloop
  endfacet
  facet normal 0 0 -1
    outer loop
      vertex -12.2593 16.1284 0
      vertex -16.1248 12.2675 0
      vertex -12.2956 16.1134 0
    endloop
  endfacet
  facet normal 0 0 -1
    outer loop
      vertex -16.0752 -12.4873 0
      vertex -12.457 -16.077 0
      vertex -12.4962 -16.075 0
    endloop
  endfacet
  facet normal 0 -0 -1
    outer loop
      vertex -16.1103 12.304 0
      vertex -12.2956 16.1134 0
      vertex -16.1248 12.2675 0
    endloop
  endfacet
  facet normal 0 0 -1
    outer loop
      vertex -16.0752 -12.5266 0
      vertex -12.4962 -16.075 0
      vertex -12.5355 -16.0756 0
    endloop
  endfacet
  facet normal 0 0 -1
    outer loop
      vertex -12.2956 16.1134 0
      vertex -16.1103 12.304 0
      vertex -12.3327 16.1007 0
    endloop
  endfacet
  facet normal 0 0 -1
    outer loop
      vertex -16.0778 -12.5657 0
      vertex -12.5355 -16.0756 0
      vertex -12.5746 -16.0787 0
    endloop
  endfacet
  facet normal 0 -0 -1
    outer loop
      vertex -16.0982 12.3413 0
      vertex -12.3327 16.1007 0
      vertex -16.1103 12.304 0
    endloop
  endfacet
  facet normal 0 0 -1
    outer loop
      vertex -16.0829 -12.6047 0
      vertex -12.5746 -16.0787 0
      vertex -12.6135 -16.0844 0
    endloop
  endfacet
  facet normal 0 0 -1
    outer loop
      vertex -12.3327 16.1007 0
      vertex -16.0982 12.3413 0
      vertex -12.3707 16.0906 0
    endloop
  endfacet
  facet normal 0 0 -1
    outer loop
      vertex -16.0906 -12.6432 0
      vertex -12.6135 -16.0844 0
      vertex -12.6519 -16.0927 0
    endloop
  endfacet
  facet normal 0 -0 -1
    outer loop
      vertex -16.0886 12.3794 0
      vertex -12.3707 16.0906 0
      vertex -16.0982 12.3413 0
    endloop
  endfacet
  facet normal 0 0 -1
    outer loop
      vertex -16.1007 -12.6811 0
      vertex -12.6519 -16.0927 0
      vertex -12.6896 -16.1034 0
    endloop
  endfacet
  facet normal 0 0 -1
    outer loop
      vertex -19.5947 -5.1149 0
      vertex -3.69552 -1.53073 0
      vertex -19.5921 -5.15407 0
    endloop
  endfacet
  facet normal 0 0 -1
    outer loop
      vertex -16.1134 -12.7183 0
      vertex -12.6896 -16.1034 0
      vertex -12.7266 -16.1166 0
    endloop
  endfacet
  facet normal 0 0 -1
    outer loop
      vertex -12.3707 16.0906 0
      vertex -16.0886 12.3794 0
      vertex -12.4092 16.0829 0
    endloop
  endfacet
  facet normal 0 0 -1
    outer loop
      vertex -16.1284 -12.7545 0
      vertex -12.7266 -16.1166 0
      vertex -12.7627 -16.1321 0
    endloop
  endfacet
  facet normal 0 -0 -1
    outer loop
      vertex -16.077 12.457 0
      vertex -12.4481 16.0778 0
      vertex -16.0815 12.418 0
    endloop
  endfacet
  facet normal 0 0 -1
    outer loop
      vertex -16.1457 -12.7898 0
      vertex -12.7627 -16.1321 0
      vertex -12.7976 -16.15 0
    endloop
  endfacet
  facet normal 0 0 -1
    outer loop
      vertex -12.4481 16.0778 0
      vertex -16.077 12.457 0
      vertex -12.4873 16.0752 0
    endloop
  endfacet
  facet normal 0 0 -1
    outer loop
      vertex -16.1654 -12.8238 0
      vertex -12.7976 -16.15 0
      vertex -12.8313 -16.1702 0
    endloop
  endfacet
  facet normal 0 -0 -1
    outer loop
      vertex -16.075 12.4962 0
      vertex -12.4873 16.0752 0
      vertex -16.077 12.457 0
    endloop
  endfacet
  facet normal 0 0 -1
    outer loop
      vertex -16.1872 -12.8564 0
      vertex -12.8313 -16.1702 0
      vertex -12.8636 -16.1924 0
    endloop
  endfacet
  facet normal -0 0 -1
    outer loop
      vertex -12.4873 16.0752 0
      vertex -16.075 12.4962 0
      vertex -12.5266 16.0752 0
    endloop
  endfacet
  facet normal 0 0 -1
    outer loop
      vertex -16.2111 -12.8876 0
      vertex -12.8636 -16.1924 0
      vertex -12.8944 -16.2168 0
    endloop
  endfacet
  facet normal 0 0 -1
    outer loop
      vertex -16.0756 12.5355 0
      vertex -12.5266 16.0752 0
      vertex -16.075 12.4962 0
    endloop
  endfacet
  facet normal 0 0 -1
    outer loop
      vertex -16.237 -12.9171 0
      vertex -12.8944 -16.2168 0
      vertex -12.9236 -16.2431 0
    endloop
  endfacet
  facet normal -0 0 -1
    outer loop
      vertex -12.5266 16.0752 0
      vertex -16.0756 12.5355 0
      vertex -12.5657 16.0778 0
    endloop
  endfacet
  facet normal 0 0 -1
    outer loop
      vertex -16.2647 -12.9448 0
      vertex -12.9236 -16.2431 0
      vertex -12.9509 -16.2713 0
    endloop
  endfacet
  facet normal 0 0 -1
    outer loop
      vertex -16.2647 -12.9448 0
      vertex -12.9509 -16.2713 0
      vertex -12.9763 -16.3012 0
    endloop
  endfacet
  facet normal 0 0 -1
    outer loop
      vertex -16.0787 12.5746 0
      vertex -12.5657 16.0778 0
      vertex -16.0756 12.5355 0
    endloop
  endfacet
  facet normal 0 0 -1
    outer loop
      vertex -16.3012 -12.9763 0
      vertex -12.9763 -16.3012 0
      vertex -13.9935 -17.579 0
    endloop
  endfacet
  facet normal 0 0 -1
    outer loop
      vertex -12.304 -16.1103 0
      vertex -16.1007 -12.3327 0
      vertex -16.1134 -12.2956 0
    endloop
  endfacet
  facet normal 0 0 -1
    outer loop
      vertex -17.579 -13.9935 0
      vertex -13.9935 -17.579 0
      vertex -14.1976 -17.8027 0
    endloop
  endfacet
  facet normal 0 0 -1
    outer loop
      vertex -12.2675 -16.1248 0
      vertex -16.1134 -12.2956 0
      vertex -16.1284 -12.2593 0
    endloop
  endfacet
  facet normal 0 0 -1
    outer loop
      vertex -17.579 -13.9935 0
      vertex -14.1976 -17.8027 0
      vertex -14.4287 -18.0046 0
    endloop
  endfacet
  facet normal 0 0 -1
    outer loop
      vertex -12.3413 -16.0982 0
      vertex -16.0906 -12.3707 0
      vertex -16.1007 -12.3327 0
    endloop
  endfacet
  facet normal 0 0 -1
    outer loop
      vertex -18.0046 -14.4287 0
      vertex -14.4287 -18.0046 0
      vertex -14.676 -18.1938 0
    endloop
  endfacet
  facet normal 0 0 -1
    outer loop
      vertex -12.3794 -16.0886 0
      vertex -16.0829 -12.4092 0
      vertex -16.0906 -12.3707 0
    endloop
  endfacet
  facet normal 0 0 -1
    outer loop
      vertex -18.1938 -14.676 0
      vertex -14.676 -18.1938 0
      vertex -14.9354 -18.3719 0
    endloop
  endfacet
  facet normal -0 0 -1
    outer loop
      vertex -12.6811 16.1007 0
      vertex -16.1034 12.6896 0
      vertex -12.7183 16.1134 0
    endloop
  endfacet
  facet normal 0 0 -1
    outer loop
      vertex -18.3719 -14.9354 0
      vertex -14.9354 -18.3719 0
      vertex -15.2066 -18.541 0
    endloop
  endfacet
  facet normal 0 0 -1
    outer loop
      vertex -12.418 -16.0815 0
      vertex -16.0778 -12.4481 0
      vertex -16.0829 -12.4092 0
    endloop
  endfacet
  facet normal 0 0 -1
    outer loop
      vertex -18.541 -15.2066 0
      vertex -15.2066 -18.541 0
      vertex -15.4871 -18.7009 0
    endloop
  endfacet
  facet normal 0 0 -1
    outer loop
      vertex -12.457 -16.077 0
      vertex -16.0752 -12.4873 0
      vertex -16.0778 -12.4481 0
    endloop
  endfacet
  facet normal 0 0 -1
    outer loop
      vertex -18.7009 -15.4871 0
      vertex -15.4871 -18.7009 0
      vertex -15.7772 -18.8526 0
    endloop
  endfacet
  facet normal -0 0 -1
    outer loop
      vertex -12.7545 16.1284 0
      vertex -16.1321 12.7627 0
      vertex -12.7898 16.1457 0
    endloop
  endfacet
  facet normal 0 0 -1
    outer loop
      vertex -16.2168 12.8944 0
      vertex -12.8876 16.2111 0
      vertex -16.1924 12.8636 0
    endloop
  endfacet
  facet normal 0 0 -1
    outer loop
      vertex -12.4962 -16.075 0
      vertex -16.0752 -12.5266 0
      vertex -16.0752 -12.4873 0
    endloop
  endfacet
  facet normal 0 0 -1
    outer loop
      vertex -18.8526 -15.7772 0
      vertex -15.7772 -18.8526 0
      vertex -16.0756 -18.9961 0
    endloop
  endfacet
  facet normal 0 0 -1
    outer loop
      vertex -12.5355 -16.0756 0
      vertex -16.0778 -12.5657 0
      vertex -16.0752 -12.5266 0
    endloop
  endfacet
  facet normal 0 0 -1
    outer loop
      vertex -12.5746 -16.0787 0
      vertex -16.0829 -12.6047 0
      vertex -16.0778 -12.5657 0
    endloop
  endfacet
  facet normal 0 0 -1
    outer loop
      vertex -12.6135 -16.0844 0
      vertex -16.0906 -12.6432 0
      vertex -16.0829 -12.6047 0
    endloop
  endfacet
  facet normal 0 0 -1
    outer loop
      vertex -12.6519 -16.0927 0
      vertex -16.1007 -12.6811 0
      vertex -16.0906 -12.6432 0
    endloop
  endfacet
  facet normal 0 0 -1
    outer loop
      vertex -12.6896 -16.1034 0
      vertex -16.1134 -12.7183 0
      vertex -16.1007 -12.6811 0
    endloop
  endfacet
  facet normal 0 0 -1
    outer loop
      vertex -12.7266 -16.1166 0
      vertex -16.1284 -12.7545 0
      vertex -16.1134 -12.7183 0
    endloop
  endfacet
  facet normal 0 0 -1
    outer loop
      vertex -12.7627 -16.1321 0
      vertex -16.1457 -12.7898 0
      vertex -16.1284 -12.7545 0
    endloop
  endfacet
  facet normal 0 0 -1
    outer loop
      vertex -12.7976 -16.15 0
      vertex -16.1654 -12.8238 0
      vertex -16.1457 -12.7898 0
    endloop
  endfacet
  facet normal 0 0 -1
    outer loop
      vertex -12.8313 -16.1702 0
      vertex -16.1872 -12.8564 0
      vertex -16.1654 -12.8238 0
    endloop
  endfacet
  facet normal 0 0 -1
    outer loop
      vertex -12.8636 -16.1924 0
      vertex -16.2111 -12.8876 0
      vertex -16.1872 -12.8564 0
    endloop
  endfacet
  facet normal 0 0 -1
    outer loop
      vertex -12.8944 -16.2168 0
      vertex -16.237 -12.9171 0
      vertex -16.2111 -12.8876 0
    endloop
  endfacet
  facet normal 0 0 -1
    outer loop
      vertex -12.9236 -16.2431 0
      vertex -16.2647 -12.9448 0
      vertex -16.237 -12.9171 0
    endloop
  endfacet
  facet normal 0 0 -1
    outer loop
      vertex -12.9763 -16.3012 0
      vertex -16.3012 -12.9763 0
      vertex -16.2647 -12.9448 0
    endloop
  endfacet
  facet normal 0 0 -1
    outer loop
      vertex -18.9961 -16.0756 0
      vertex -16.0756 -18.9961 0
      vertex -16.3824 -19.1318 0
    endloop
  endfacet
  facet normal 0 0 -1
    outer loop
      vertex -19.1318 -16.3824 0
      vertex -16.3824 -19.1318 0
      vertex -16.6967 -19.2596 0
    endloop
  endfacet
  facet normal 0 0 -1
    outer loop
      vertex -19.2596 -16.6967 0
      vertex -16.6967 -19.2596 0
      vertex -17.0186 -19.3799 0
    endloop
  endfacet
  facet normal 0 0 -1
    outer loop
      vertex -19.3799 -17.0186 0
      vertex -17.0186 -19.3799 0
      vertex -17.3472 -19.4925 0
    endloop
  endfacet
  facet normal 0 0 -1
    outer loop
      vertex -13.9935 -17.579 0
      vertex -17.579 -13.9935 0
      vertex -16.3012 -12.9763 0
    endloop
  endfacet
  facet normal 0 0 -1
    outer loop
      vertex -19.4925 -17.3472 0
      vertex -17.3472 -19.4925 0
      vertex -17.6828 -19.5975 0
    endloop
  endfacet
  facet normal 0 0 -1
    outer loop
      vertex -14.4287 -18.0046 0
      vertex -18.0046 -14.4287 0
      vertex -17.579 -13.9935 0
    endloop
  endfacet
  facet normal 0 0 -1
    outer loop
      vertex -17.579 -13.9935 0
      vertex -18.0046 -14.4287 0
      vertex -17.8027 -14.1976 0
    endloop
  endfacet
  facet normal 0 0 -1
    outer loop
      vertex -19.5975 -17.6828 0
      vertex -17.6828 -19.5975 0
      vertex -18.0249 -19.6949 0
    endloop
  endfacet
  facet normal 0 0 -1
    outer loop
      vertex -14.676 -18.1938 0
      vertex -18.1938 -14.676 0
      vertex -18.0046 -14.4287 0
    endloop
  endfacet
  facet normal 0 0 -1
    outer loop
      vertex -14.9354 -18.3719 0
      vertex -18.3719 -14.9354 0
      vertex -18.1938 -14.676 0
    endloop
  endfacet
  facet normal 0 0 -1
    outer loop
      vertex -19.6949 -18.0249 0
      vertex -18.0249 -19.6949 0
      vertex -18.3729 -19.7847 0
    endloop
  endfacet
  facet normal 0 0 -1
    outer loop
      vertex -15.2066 -18.541 0
      vertex -18.541 -15.2066 0
      vertex -18.3719 -14.9354 0
    endloop
  endfacet
  facet normal 0 0 -1
    outer loop
      vertex -15.4871 -18.7009 0
      vertex -18.7009 -15.4871 0
      vertex -18.541 -15.2066 0
    endloop
  endfacet
  facet normal 0 0 -1
    outer loop
      vertex -15.7772 -18.8526 0
      vertex -18.8526 -15.7772 0
      vertex -18.7009 -15.4871 0
    endloop
  endfacet
  facet normal 0 0 -1
    outer loop
      vertex -16.0756 -18.9961 0
      vertex -18.9961 -16.0756 0
      vertex -18.8526 -15.7772 0
    endloop
  endfacet
  facet normal 0 0 -1
    outer loop
      vertex -16.3824 -19.1318 0
      vertex -19.1318 -16.3824 0
      vertex -18.9961 -16.0756 0
    endloop
  endfacet
  facet normal 0 0 -1
    outer loop
      vertex -16.6967 -19.2596 0
      vertex -19.2596 -16.6967 0
      vertex -19.1318 -16.3824 0
    endloop
  endfacet
  facet normal 0 0 -1
    outer loop
      vertex -17.0186 -19.3799 0
      vertex -19.3799 -17.0186 0
      vertex -19.2596 -16.6967 0
    endloop
  endfacet
  facet normal 0 0 -1
    outer loop
      vertex -17.3472 -19.4925 0
      vertex -19.4925 -17.3472 0
      vertex -19.3799 -17.0186 0
    endloop
  endfacet
  facet normal 0 0 -1
    outer loop
      vertex -17.6828 -19.5975 0
      vertex -19.5975 -17.6828 0
      vertex -19.4925 -17.3472 0
    endloop
  endfacet
  facet normal 0 0 -1
    outer loop
      vertex -18.0249 -19.6949 0
      vertex -19.6949 -18.0249 0
      vertex -19.5975 -17.6828 0
    endloop
  endfacet
  facet normal 0 -0 -1
    outer loop
      vertex -19.6949 -18.0249 0
      vertex -18.3729 -19.7847 0
      vertex -19.7847 -18.3729 0
    endloop
  endfacet
  facet normal -0 0 -1
    outer loop
      vertex -12.8876 16.2111 0
      vertex -16.2168 12.8944 0
      vertex -12.9171 16.237 0
    endloop
  endfacet
  facet normal 0 0 -1
    outer loop
      vertex -16.2431 12.9236 0
      vertex -12.9171 16.237 0
      vertex -16.2168 12.8944 0
    endloop
  endfacet
  facet normal -0 0 -1
    outer loop
      vertex -12.9171 16.237 0
      vertex -16.2431 12.9236 0
      vertex -12.9448 16.2647 0
    endloop
  endfacet
  facet normal 0 0 -1
    outer loop
      vertex -16.2713 12.9509 0
      vertex -12.9448 16.2647 0
      vertex -16.2431 12.9236 0
    endloop
  endfacet
  facet normal -0 0 -1
    outer loop
      vertex -12.9448 16.2647 0
      vertex -16.2713 12.9509 0
      vertex -12.9763 16.3012 0
    endloop
  endfacet
  facet normal 0 0 -1
    outer loop
      vertex -16.3012 12.9763 0
      vertex -12.9763 16.3012 0
      vertex -16.2713 12.9509 0
    endloop
  endfacet
  facet normal -0 0 -1
    outer loop
      vertex -12.9763 16.3012 0
      vertex -16.3012 12.9763 0
      vertex -13.9935 17.579 0
    endloop
  endfacet
  facet normal 0 0 -1
    outer loop
      vertex -17.579 13.9935 0
      vertex -13.9935 17.579 0
      vertex -16.3012 12.9763 0
    endloop
  endfacet
  facet normal -0 0 -1
    outer loop
      vertex -13.9935 17.579 0
      vertex -17.579 13.9935 0
      vertex -14.1976 17.8027 0
    endloop
  endfacet
  facet normal -0 0 -1
    outer loop
      vertex -14.1976 17.8027 0
      vertex -17.579 13.9935 0
      vertex -14.4287 18.0046 0
    endloop
  endfacet
  facet normal 0 0 -1
    outer loop
      vertex -18.0046 14.4287 0
      vertex -14.4287 18.0046 0
      vertex -17.579 13.9935 0
    endloop
  endfacet
  facet normal -0 0 -1
    outer loop
      vertex -14.4287 18.0046 0
      vertex -18.0046 14.4287 0
      vertex -14.676 18.1938 0
    endloop
  endfacet
  facet normal 0 0 -1
    outer loop
      vertex -18.1938 14.676 0
      vertex -14.676 18.1938 0
      vertex -18.0046 14.4287 0
    endloop
  endfacet
  facet normal -0 0 -1
    outer loop
      vertex -14.676 18.1938 0
      vertex -18.1938 14.676 0
      vertex -14.9354 18.3719 0
    endloop
  endfacet
  facet normal 0 0 -1
    outer loop
      vertex -18.3719 14.9354 0
      vertex -14.9354 18.3719 0
      vertex -18.1938 14.676 0
    endloop
  endfacet
  facet normal -0 0 -1
    outer loop
      vertex -14.9354 18.3719 0
      vertex -18.3719 14.9354 0
      vertex -15.2066 18.541 0
    endloop
  endfacet
  facet normal 0 0 -1
    outer loop
      vertex -18.541 15.2066 0
      vertex -15.2066 18.541 0
      vertex -18.3719 14.9354 0
    endloop
  endfacet
  facet normal -0 0 -1
    outer loop
      vertex -15.2066 18.541 0
      vertex -18.541 15.2066 0
      vertex -15.4871 18.7009 0
    endloop
  endfacet
  facet normal 0 0 -1
    outer loop
      vertex -18.7009 15.4871 0
      vertex -15.4871 18.7009 0
      vertex -18.541 15.2066 0
    endloop
  endfacet
  facet normal -0 0 -1
    outer loop
      vertex -15.4871 18.7009 0
      vertex -18.7009 15.4871 0
      vertex -15.7772 18.8526 0
    endloop
  endfacet
  facet normal 0 0 -1
    outer loop
      vertex -18.8526 15.7772 0
      vertex -15.7772 18.8526 0
      vertex -18.7009 15.4871 0
    endloop
  endfacet
  facet normal 0 0 -1
    outer loop
      vertex -18.0046 14.4287 0
      vertex -17.579 13.9935 0
      vertex -17.8027 14.1976 0
    endloop
  endfacet
  facet normal -0 0 -1
    outer loop
      vertex -15.7772 18.8526 0
      vertex -18.8526 15.7772 0
      vertex -16.0756 18.9961 0
    endloop
  endfacet
  facet normal 0 0 -1
    outer loop
      vertex -18.9961 16.0756 0
      vertex -16.0756 18.9961 0
      vertex -18.8526 15.7772 0
    endloop
  endfacet
  facet normal -0 0 -1
    outer loop
      vertex -16.0756 18.9961 0
      vertex -18.9961 16.0756 0
      vertex -16.3824 19.1318 0
    endloop
  endfacet
  facet normal 0 0 -1
    outer loop
      vertex -19.1318 16.3824 0
      vertex -16.3824 19.1318 0
      vertex -18.9961 16.0756 0
    endloop
  endfacet
  facet normal -0 0 -1
    outer loop
      vertex -16.3824 19.1318 0
      vertex -19.1318 16.3824 0
      vertex -16.6967 19.2596 0
    endloop
  endfacet
  facet normal 0 0 -1
    outer loop
      vertex -19.2596 16.6967 0
      vertex -16.6967 19.2596 0
      vertex -19.1318 16.3824 0
    endloop
  endfacet
  facet normal -0 0 -1
    outer loop
      vertex -16.6967 19.2596 0
      vertex -19.2596 16.6967 0
      vertex -17.0186 19.3799 0
    endloop
  endfacet
  facet normal 0 0 -1
    outer loop
      vertex -19.3799 17.0186 0
      vertex -17.0186 19.3799 0
      vertex -19.2596 16.6967 0
    endloop
  endfacet
  facet normal -0 0 -1
    outer loop
      vertex -17.0186 19.3799 0
      vertex -19.3799 17.0186 0
      vertex -17.3472 19.4925 0
    endloop
  endfacet
  facet normal 0 0 -1
    outer loop
      vertex -19.4925 17.3472 0
      vertex -17.3472 19.4925 0
      vertex -19.3799 17.0186 0
    endloop
  endfacet
  facet normal -0 0 -1
    outer loop
      vertex -17.3472 19.4925 0
      vertex -19.4925 17.3472 0
      vertex -17.6828 19.5975 0
    endloop
  endfacet
  facet normal 0 0 -1
    outer loop
      vertex -19.5975 17.6828 0
      vertex -17.6828 19.5975 0
      vertex -19.4925 17.3472 0
    endloop
  endfacet
  facet normal -0 0 -1
    outer loop
      vertex -17.6828 19.5975 0
      vertex -19.5975 17.6828 0
      vertex -18.0249 19.6949 0
    endloop
  endfacet
  facet normal 0 0 -1
    outer loop
      vertex -19.6949 18.0249 0
      vertex -18.0249 19.6949 0
      vertex -19.5975 17.6828 0
    endloop
  endfacet
  facet normal -0 0 -1
    outer loop
      vertex -18.0249 19.6949 0
      vertex -19.6949 18.0249 0
      vertex -18.3729 19.7847 0
    endloop
  endfacet
  facet normal 0 0 -1
    outer loop
      vertex -18.3729 19.7847 0
      vertex -19.6949 18.0249 0
      vertex -19.7847 18.3729 0
    endloop
  endfacet
  facet normal 0 0 -1
    outer loop
      vertex -16.1924 12.8636 0
      vertex -12.8564 16.1872 0
      vertex -16.1702 12.8313 0
    endloop
  endfacet
  facet normal -0 0 -1
    outer loop
      vertex -12.8564 16.1872 0
      vertex -16.1924 12.8636 0
      vertex -12.8876 16.2111 0
    endloop
  endfacet
  facet normal -0 0 -1
    outer loop
      vertex -12.8238 16.1654 0
      vertex -16.1702 12.8313 0
      vertex -12.8564 16.1872 0
    endloop
  endfacet
  facet normal 0 0 -1
    outer loop
      vertex -16.1702 12.8313 0
      vertex -12.8238 16.1654 0
      vertex -16.15 12.7976 0
    endloop
  endfacet
  facet normal -0 0 -1
    outer loop
      vertex -12.7898 16.1457 0
      vertex -16.15 12.7976 0
      vertex -12.8238 16.1654 0
    endloop
  endfacet
  facet normal 0 0 -1
    outer loop
      vertex -16.15 12.7976 0
      vertex -12.7898 16.1457 0
      vertex -16.1321 12.7627 0
    endloop
  endfacet
  facet normal 0 0 -1
    outer loop
      vertex -16.1321 12.7627 0
      vertex -12.7545 16.1284 0
      vertex -16.1166 12.7266 0
    endloop
  endfacet
  facet normal -0 0 -1
    outer loop
      vertex -12.7183 16.1134 0
      vertex -16.1166 12.7266 0
      vertex -12.7545 16.1284 0
    endloop
  endfacet
  facet normal 0 0 -1
    outer loop
      vertex -16.1166 12.7266 0
      vertex -12.7183 16.1134 0
      vertex -16.1034 12.6896 0
    endloop
  endfacet
  facet normal 0 0 -1
    outer loop
      vertex -16.1034 12.6896 0
      vertex -12.6811 16.1007 0
      vertex -16.0927 12.6519 0
    endloop
  endfacet
  facet normal -0 0 -1
    outer loop
      vertex -3.00736 -2.63738 0
      vertex -16.1654 -12.1901 0
      vertex -3.17341 -2.43505 0
    endloop
  endfacet
  facet normal -0 0 -1
    outer loop
      vertex -12.6432 16.0906 0
      vertex -16.0927 12.6519 0
      vertex -12.6811 16.1007 0
    endloop
  endfacet
  facet normal 0 0 -1
    outer loop
      vertex -19.5921 -5.15407 0
      vertex -3.69552 -1.53073 0
      vertex -17.478 -10.2319 0
    endloop
  endfacet
  facet normal 0 0 -1
    outer loop
      vertex -16.0927 12.6519 0
      vertex -12.6432 16.0906 0
      vertex -16.0844 12.6135 0
    endloop
  endfacet
  facet normal -0 0 -1
    outer loop
      vertex -12.5657 16.0778 0
      vertex -16.0787 12.5746 0
      vertex -12.6047 16.0829 0
    endloop
  endfacet
  facet normal -0 0 -1
    outer loop
      vertex -12.6047 16.0829 0
      vertex -16.0844 12.6135 0
      vertex -12.6432 16.0906 0
    endloop
  endfacet
  facet normal 0 0 -1
    outer loop
      vertex -16.0844 12.6135 0
      vertex -12.6047 16.0829 0
      vertex -16.0787 12.5746 0
    endloop
  endfacet
  facet normal 0 -0 -1
    outer loop
      vertex -16.0815 12.418 0
      vertex -12.4092 16.0829 0
      vertex -16.0886 12.3794 0
    endloop
  endfacet
  facet normal 0 0 -1
    outer loop
      vertex -12.4092 16.0829 0
      vertex -16.0815 12.418 0
      vertex -12.4481 16.0778 0
    endloop
  endfacet
  facet normal 0 0 -1
    outer loop
      vertex -19.5998 -5.07597 0
      vertex -3.78772 -1.28576 0
      vertex -19.5947 -5.1149 0
    endloop
  endfacet
  facet normal 0 0 -1
    outer loop
      vertex -19.6075 -5.03746 0
      vertex -3.8637 -1.03528 0
      vertex -19.5998 -5.07597 0
    endloop
  endfacet
  facet normal 0 0 -1
    outer loop
      vertex -3.32588 2.22228 0
      vertex -17.4266 10.3026 0
      vertex -16.8372 11.2504 0
    endloop
  endfacet
  facet normal 0 0 -1
    outer loop
      vertex -3.32588 2.22228 0
      vertex -16.8372 11.2504 0
      vertex -16.1872 12.1574 0
    endloop
  endfacet
  facet normal 0 0 -1
    outer loop
      vertex -3.8637 1.03528 0
      vertex -19.6075 5.03746 0
      vertex -19.5984 5.08481 0
    endloop
  endfacet
  facet normal -0 0 -1
    outer loop
      vertex -3.8637 -1.03528 0
      vertex -19.6075 -5.03746 0
      vertex -3.92314 -0.780361 0
    endloop
  endfacet
  facet normal 0 0 -1
    outer loop
      vertex -3.58749 1.76915 0
      vertex -17.4484 10.2699 0
      vertex -17.4266 10.3026 0
    endloop
  endfacet
  facet normal 0 0 -1
    outer loop
      vertex -19.8609 -3.95056 0
      vertex -3.92314 -0.780361 0
      vertex -19.6075 -5.03746 0
    endloop
  endfacet
  facet normal 0 0 -1
    outer loop
      vertex -3.78772 1.28576 0
      vertex -19.5984 5.08481 0
      vertex -19.5939 5.12381 0
    endloop
  endfacet
  facet normal 0 0 -1
    outer loop
      vertex -19.5921 -5.15407 0
      vertex -17.478 -10.2319 0
      vertex -17.5044 -10.2028 0
    endloop
  endfacet
  facet normal 0 0 -1
    outer loop
      vertex -3.58749 1.76915 0
      vertex -17.4723 10.2388 0
      vertex -17.4484 10.2699 0
    endloop
  endfacet
  facet normal 0 0 -1
    outer loop
      vertex -19.5921 -5.19334 0
      vertex -17.5044 -10.2028 0
      vertex -17.5325 -10.1754 0
    endloop
  endfacet
  facet normal 0 0 -1
    outer loop
      vertex -3.69552 1.53073 0
      vertex -19.5939 5.12381 0
      vertex -17.4982 10.2092 0
    endloop
  endfacet
  facet normal 0 0 -1
    outer loop
      vertex -19.5947 -5.23251 0
      vertex -17.5325 -10.1754 0
      vertex -17.5624 -10.15 0
    endloop
  endfacet
  facet normal 0 0 -1
    outer loop
      vertex -3.69552 1.53073 0
      vertex -17.4982 10.2092 0
      vertex -17.4723 10.2388 0
    endloop
  endfacet
  facet normal 0 0 -1
    outer loop
      vertex -19.5998 -5.27144 0
      vertex -17.5624 -10.15 0
      vertex -17.5939 -10.1265 0
    endloop
  endfacet
  facet normal 0 -0 -1
    outer loop
      vertex -19.5919 5.16301 0
      vertex -17.4982 10.2092 0
      vertex -19.5939 5.12381 0
    endloop
  endfacet
  facet normal 0 0 -1
    outer loop
      vertex -19.6075 -5.30995 0
      vertex -17.5939 -10.1265 0
      vertex -17.6269 -10.1052 0
    endloop
  endfacet
  facet normal 0 0 -1
    outer loop
      vertex -17.4982 10.2092 0
      vertex -19.5919 5.16301 0
      vertex -17.526 10.1815 0
    endloop
  endfacet
  facet normal 0 0 -1
    outer loop
      vertex -19.6176 -5.34787 0
      vertex -17.6269 -10.1052 0
      vertex -17.6612 -10.0861 0
    endloop
  endfacet
  facet normal 0 0 -1
    outer loop
      vertex -19.5925 5.20227 0
      vertex -17.526 10.1815 0
      vertex -19.5919 5.16301 0
    endloop
  endfacet
  facet normal 0 0 -1
    outer loop
      vertex -19.6303 -5.38506 0
      vertex -17.6612 -10.0861 0
      vertex -17.6967 -10.0692 0
    endloop
  endfacet
  facet normal 0 0 -1
    outer loop
      vertex -17.526 10.1815 0
      vertex -19.5925 5.20227 0
      vertex -17.5555 10.1556 0
    endloop
  endfacet
  facet normal 0 0 -1
    outer loop
      vertex -19.6453 -5.42133 0
      vertex -17.6967 -10.0692 0
      vertex -17.7332 -10.0548 0
    endloop
  endfacet
  facet normal 0 0 -1
    outer loop
      vertex -19.5956 5.24141 0
      vertex -17.5555 10.1556 0
      vertex -19.5925 5.20227 0
    endloop
  endfacet
  facet normal 0 0 -1
    outer loop
      vertex -19.6626 -5.45654 0
      vertex -17.7332 -10.0548 0
      vertex -17.7705 -10.0427 0
    endloop
  endfacet
  facet normal 0 0 -1
    outer loop
      vertex -17.5555 10.1556 0
      vertex -19.5956 5.24141 0
      vertex -17.5866 10.1317 0
    endloop
  endfacet
  facet normal 0 0 -1
    outer loop
      vertex -19.6823 -5.49054 0
      vertex -17.7705 -10.0427 0
      vertex -17.8086 -10.0331 0
    endloop
  endfacet
  facet normal 0 0 -1
    outer loop
      vertex -19.6013 5.28026 0
      vertex -17.5866 10.1317 0
      vertex -19.5956 5.24141 0
    endloop
  endfacet
  facet normal 0 0 -1
    outer loop
      vertex -19.7041 -5.52319 0
      vertex -17.8086 -10.0331 0
      vertex -17.8472 -10.026 0
    endloop
  endfacet
  facet normal 0 0 -1
    outer loop
      vertex -17.5866 10.1317 0
      vertex -19.6013 5.28026 0
      vertex -17.6193 10.1099 0
    endloop
  endfacet
  facet normal 0 0 -1
    outer loop
      vertex -19.728 -5.55434 0
      vertex -17.8472 -10.026 0
      vertex -17.8862 -10.0215 0
    endloop
  endfacet
  facet normal 0 0 -1
    outer loop
      vertex -19.6096 5.31865 0
      vertex -17.6193 10.1099 0
      vertex -19.6013 5.28026 0
    endloop
  endfacet
  facet normal 0 0 -1
    outer loop
      vertex -19.7539 -5.58386 0
      vertex -17.8862 -10.0215 0
      vertex -17.9254 -10.0195 0
    endloop
  endfacet
  facet normal 0 0 -1
    outer loop
      vertex -17.6193 10.1099 0
      vertex -19.6096 5.31865 0
      vertex -17.6533 10.0902 0
    endloop
  endfacet
  facet normal 0 0 -1
    outer loop
      vertex -19.7816 -5.61162 0
      vertex -17.9254 -10.0195 0
      vertex -17.9647 -10.0201 0
    endloop
  endfacet
  facet normal 0 0 -1
    outer loop
      vertex -19.6203 5.35641 0
      vertex -17.6533 10.0902 0
      vertex -19.6096 5.31865 0
    endloop
  endfacet
  facet normal 0 0 -1
    outer loop
      vertex -19.8112 -5.63751 0
      vertex -17.9647 -10.0201 0
      vertex -18.0038 -10.0232 0
    endloop
  endfacet
  facet normal 0 0 -1
    outer loop
      vertex -19.6335 5.3934 0
      vertex -17.6885 10.0729 0
      vertex -19.6203 5.35641 0
    endloop
  endfacet
  facet normal 0 0 -1
    outer loop
      vertex -19.8423 -5.66141 0
      vertex -18.0038 -10.0232 0
      vertex -18.0427 -10.0289 0
    endloop
  endfacet
  facet normal 0 0 -1
    outer loop
      vertex -17.6885 10.0729 0
      vertex -19.6335 5.3934 0
      vertex -17.7248 10.0579 0
    endloop
  endfacet
  facet normal 0 0 -1
    outer loop
      vertex -19.875 -5.68323 0
      vertex -18.0427 -10.0289 0
      vertex -18.0811 -10.0372 0
    endloop
  endfacet
  facet normal 0 0 -1
    outer loop
      vertex -19.649 5.42944 0
      vertex -17.7248 10.0579 0
      vertex -19.6335 5.3934 0
    endloop
  endfacet
  facet normal 0 0 -1
    outer loop
      vertex -19.909 -5.70287 0
      vertex -18.0811 -10.0372 0
      vertex -18.1188 -10.0479 0
    endloop
  endfacet
  facet normal 0 0 -1
    outer loop
      vertex -17.7248 10.0579 0
      vertex -19.649 5.42944 0
      vertex -17.7619 10.0452 0
    endloop
  endfacet
  facet normal 0 0 -1
    outer loop
      vertex -19.9442 -5.72023 0
      vertex -18.1188 -10.0479 0
      vertex -18.1558 -10.0611 0
    endloop
  endfacet
  facet normal 0 0 -1
    outer loop
      vertex -19.6669 5.4644 0
      vertex -17.7619 10.0452 0
      vertex -19.649 5.42944 0
    endloop
  endfacet
  facet normal 0 0 -1
    outer loop
      vertex -19.9805 -5.73524 0
      vertex -18.1558 -10.0611 0
      vertex -18.1919 -10.0766 0
    endloop
  endfacet
  facet normal 0 0 -1
    outer loop
      vertex -19.9805 -5.73524 0
      vertex -18.1919 -10.0766 0
      vertex -18.2268 -10.0945 0
    endloop
  endfacet
  facet normal 0 0 -1
    outer loop
      vertex -17.7619 10.0452 0
      vertex -19.6669 5.4644 0
      vertex -17.7999 10.0351 0
    endloop
  endfacet
  facet normal 0 0 -1
    outer loop
      vertex -19.6871 5.49811 0
      vertex -17.7999 10.0351 0
      vertex -19.6669 5.4644 0
    endloop
  endfacet
  facet normal 0 0 -1
    outer loop
      vertex -17.5044 -10.2028 0
      vertex -19.5921 -5.19334 0
      vertex -19.5921 -5.15407 0
    endloop
  endfacet
  facet normal 0 0 -1
    outer loop
      vertex -17.5325 -10.1754 0
      vertex -19.5947 -5.23251 0
      vertex -19.5921 -5.19334 0
    endloop
  endfacet
  facet normal 0 0 -1
    outer loop
      vertex -17.5624 -10.15 0
      vertex -19.5998 -5.27144 0
      vertex -19.5947 -5.23251 0
    endloop
  endfacet
  facet normal 0 0 -1
    outer loop
      vertex -17.5939 -10.1265 0
      vertex -19.6075 -5.30995 0
      vertex -19.5998 -5.27144 0
    endloop
  endfacet
  facet normal 0 0 -1
    outer loop
      vertex -17.6269 -10.1052 0
      vertex -19.6176 -5.34787 0
      vertex -19.6075 -5.30995 0
    endloop
  endfacet
  facet normal 0 0 -1
    outer loop
      vertex -17.6612 -10.0861 0
      vertex -19.6303 -5.38506 0
      vertex -19.6176 -5.34787 0
    endloop
  endfacet
  facet normal 0 0 -1
    outer loop
      vertex -17.6967 -10.0692 0
      vertex -19.6453 -5.42133 0
      vertex -19.6303 -5.38506 0
    endloop
  endfacet
  facet normal 0 0 -1
    outer loop
      vertex -20.0262 -5.7504 0
      vertex -18.2268 -10.0945 0
      vertex -19.6556 -10.8858 0
    endloop
  endfacet
  facet normal 0 0 -1
    outer loop
      vertex -17.7332 -10.0548 0
      vertex -19.6626 -5.45654 0
      vertex -19.6453 -5.42133 0
    endloop
  endfacet
  facet normal 0 0 -1
    outer loop
      vertex -17.7705 -10.0427 0
      vertex -19.6823 -5.49054 0
      vertex -19.6626 -5.45654 0
    endloop
  endfacet
  facet normal 0 0 -1
    outer loop
      vertex -17.8086 -10.0331 0
      vertex -19.7041 -5.52319 0
      vertex -19.6823 -5.49054 0
    endloop
  endfacet
  facet normal 0 0 -1
    outer loop
      vertex -17.8472 -10.026 0
      vertex -19.728 -5.55434 0
      vertex -19.7041 -5.52319 0
    endloop
  endfacet
  facet normal 0 0 -1
    outer loop
      vertex -17.8862 -10.0215 0
      vertex -19.7539 -5.58386 0
      vertex -19.728 -5.55434 0
    endloop
  endfacet
  facet normal 0 0 -1
    outer loop
      vertex -17.9254 -10.0195 0
      vertex -19.7816 -5.61162 0
      vertex -19.7539 -5.58386 0
    endloop
  endfacet
  facet normal 0 0 -1
    outer loop
      vertex -17.9647 -10.0201 0
      vertex -19.8112 -5.63751 0
      vertex -19.7816 -5.61162 0
    endloop
  endfacet
  facet normal 0 0 -1
    outer loop
      vertex -18.0038 -10.0232 0
      vertex -19.8423 -5.66141 0
      vertex -19.8112 -5.63751 0
    endloop
  endfacet
  facet normal 0 0 -1
    outer loop
      vertex -18.0427 -10.0289 0
      vertex -19.875 -5.68323 0
      vertex -19.8423 -5.66141 0
    endloop
  endfacet
  facet normal 0 0 -1
    outer loop
      vertex -18.0811 -10.0372 0
      vertex -19.909 -5.70287 0
      vertex -19.875 -5.68323 0
    endloop
  endfacet
  facet normal 0 0 -1
    outer loop
      vertex -21.5959 -6.20113 0
      vertex -19.6556 -10.8858 0
      vertex -19.9297 -11.0144 0
    endloop
  endfacet
  facet normal 0 0 -1
    outer loop
      vertex -18.1188 -10.0479 0
      vertex -19.9442 -5.72023 0
      vertex -19.909 -5.70287 0
    endloop
  endfacet
  facet normal 0 0 -1
    outer loop
      vertex -18.1558 -10.0611 0
      vertex -19.9805 -5.73524 0
      vertex -19.9442 -5.72023 0
    endloop
  endfacet
  facet normal 0 0 -1
    outer loop
      vertex -18.2268 -10.0945 0
      vertex -20.0262 -5.7504 0
      vertex -19.9805 -5.73524 0
    endloop
  endfacet
  facet normal 0 0 -1
    outer loop
      vertex -21.5959 -6.20113 0
      vertex -19.9297 -11.0144 0
      vertex -20.2206 -11.1125 0
    endloop
  endfacet
  facet normal 0 0 -1
    outer loop
      vertex -22.1559 -6.44044 0
      vertex -20.2206 -11.1125 0
      vertex -20.521 -11.1926 0
    endloop
  endfacet
  facet normal 0 0 -1
    outer loop
      vertex -22.4249 -6.59621 0
      vertex -20.521 -11.1926 0
      vertex -20.8295 -11.258 0
    endloop
  endfacet
  facet normal 0 0 -1
    outer loop
      vertex -22.6891 -6.76797 0
      vertex -20.8295 -11.258 0
      vertex -21.1442 -11.3103 0
    endloop
  endfacet
  facet normal 0 0 -1
    outer loop
      vertex -22.9489 -6.9536 0
      vertex -21.1442 -11.3103 0
      vertex -21.4648 -11.3507 0
    endloop
  endfacet
  facet normal 0 0 -1
    outer loop
      vertex -19.6556 -10.8858 0
      vertex -21.5959 -6.20113 0
      vertex -20.0262 -5.7504 0
    endloop
  endfacet
  facet normal 0 0 -1
    outer loop
      vertex -23.2042 -7.15176 0
      vertex -21.4648 -11.3507 0
      vertex -21.7906 -11.3799 0
    endloop
  endfacet
  facet normal 0 0 -1
    outer loop
      vertex -20.2206 -11.1125 0
      vertex -21.8808 -6.30408 0
      vertex -21.5959 -6.20113 0
    endloop
  endfacet
  facet normal 0 0 -1
    outer loop
      vertex -23.4553 -7.36171 0
      vertex -21.7906 -11.3799 0
      vertex -22.1213 -11.3982 0
    endloop
  endfacet
  facet normal 0 0 -1
    outer loop
      vertex -20.2206 -11.1125 0
      vertex -22.1559 -6.44044 0
      vertex -21.8808 -6.30408 0
    endloop
  endfacet
  facet normal 0 0 -1
    outer loop
      vertex -20.521 -11.1926 0
      vertex -22.4249 -6.59621 0
      vertex -22.1559 -6.44044 0
    endloop
  endfacet
  facet normal 0 0 -1
    outer loop
      vertex -23.7018 -7.58221 0
      vertex -22.1213 -11.3982 0
      vertex -22.4569 -11.4062 0
    endloop
  endfacet
  facet normal 0 0 -1
    outer loop
      vertex -20.8295 -11.258 0
      vertex -22.6891 -6.76797 0
      vertex -22.4249 -6.59621 0
    endloop
  endfacet
  facet normal 0 0 -1
    outer loop
      vertex -23.9449 -7.81407 0
      vertex -22.4569 -11.4062 0
      vertex -22.7965 -11.404 0
    endloop
  endfacet
  facet normal 0 0 -1
    outer loop
      vertex -21.1442 -11.3103 0
      vertex -22.9489 -6.9536 0
      vertex -22.6891 -6.76797 0
    endloop
  endfacet
  facet normal 0 0 -1
    outer loop
      vertex -24.1832 -8.05544 0
      vertex -22.7965 -11.404 0
      vertex -23.1393 -11.392 0
    endloop
  endfacet
  facet normal 0 0 -1
    outer loop
      vertex -21.4648 -11.3507 0
      vertex -23.2042 -7.15176 0
      vertex -22.9489 -6.9536 0
    endloop
  endfacet
  facet normal 0 0 -1
    outer loop
      vertex -21.7906 -11.3799 0
      vertex -23.4553 -7.36171 0
      vertex -23.2042 -7.15176 0
    endloop
  endfacet
  facet normal 0 0 -1
    outer loop
      vertex -24.4176 -8.3069 0
      vertex -23.1393 -11.392 0
      vertex -23.4859 -11.3702 0
    endloop
  endfacet
  facet normal 0 0 -1
    outer loop
      vertex -22.1213 -11.3982 0
      vertex -23.7018 -7.58221 0
      vertex -23.4553 -7.36171 0
    endloop
  endfacet
  facet normal 0 0 -1
    outer loop
      vertex -24.6471 -8.56714 0
      vertex -23.4859 -11.3702 0
      vertex -23.8366 -11.3388 0
    endloop
  endfacet
  facet normal 0 0 -1
    outer loop
      vertex -22.4569 -11.4062 0
      vertex -23.9449 -7.81407 0
      vertex -23.7018 -7.58221 0
    endloop
  endfacet
  facet normal 0 0 -1
    outer loop
      vertex -22.7965 -11.404 0
      vertex -24.1832 -8.05544 0
      vertex -23.9449 -7.81407 0
    endloop
  endfacet
  facet normal 0 0 -1
    outer loop
      vertex -24.8727 -8.83717 0
      vertex -23.8366 -11.3388 0
      vertex -24.1894 -11.298 0
    endloop
  endfacet
  facet normal 0 0 -1
    outer loop
      vertex -23.1393 -11.392 0
      vertex -24.4176 -8.3069 0
      vertex -24.1832 -8.05544 0
    endloop
  endfacet
  facet normal 0 0 -1
    outer loop
      vertex -25.0933 -9.11551 0
      vertex -24.1894 -11.298 0
      vertex -24.5456 -11.2477 0
    endloop
  endfacet
  facet normal 0 0 -1
    outer loop
      vertex -23.4859 -11.3702 0
      vertex -24.6471 -8.56714 0
      vertex -24.4176 -8.3069 0
    endloop
  endfacet
  facet normal 0 0 -1
    outer loop
      vertex -23.8366 -11.3388 0
      vertex -24.8727 -8.83717 0
      vertex -24.6471 -8.56714 0
    endloop
  endfacet
  facet normal 0 0 -1
    outer loop
      vertex -24.1894 -11.298 0
      vertex -25.0933 -9.11551 0
      vertex -24.8727 -8.83717 0
    endloop
  endfacet
  facet normal 0 -0 -1
    outer loop
      vertex -25.0933 -9.11551 0
      vertex -24.5456 -11.2477 0
      vertex -25.3097 -9.40305 0
    endloop
  endfacet
  facet normal 0 0 -1
    outer loop
      vertex -17.8384 10.0274 0
      vertex -19.7094 5.53043 0
      vertex -17.8773 10.0223 0
    endloop
  endfacet
  facet normal 0 0 -1
    outer loop
      vertex -19.7337 5.56122 0
      vertex -17.8773 10.0223 0
      vertex -19.7094 5.53043 0
    endloop
  endfacet
  facet normal 0 0 -1
    outer loop
      vertex -17.8773 10.0223 0
      vertex -19.7337 5.56122 0
      vertex -17.9165 10.0197 0
    endloop
  endfacet
  facet normal 0 0 -1
    outer loop
      vertex -19.7601 5.59035 0
      vertex -17.9165 10.0197 0
      vertex -19.7337 5.56122 0
    endloop
  endfacet
  facet normal -0 0 -1
    outer loop
      vertex -17.9165 10.0197 0
      vertex -19.7601 5.59035 0
      vertex -17.9557 10.0197 0
    endloop
  endfacet
  facet normal 0 0 -1
    outer loop
      vertex -19.7882 5.61769 0
      vertex -17.9557 10.0197 0
      vertex -19.7601 5.59035 0
    endloop
  endfacet
  facet normal -0 0 -1
    outer loop
      vertex -17.9557 10.0197 0
      vertex -19.7882 5.61769 0
      vertex -17.9949 10.0223 0
    endloop
  endfacet
  facet normal 0 0 -1
    outer loop
      vertex -19.8181 5.64314 0
      vertex -17.9949 10.0223 0
      vertex -19.7882 5.61769 0
    endloop
  endfacet
  facet normal -0 0 -1
    outer loop
      vertex -17.9949 10.0223 0
      vertex -19.8181 5.64314 0
      vertex -18.0338 10.0274 0
    endloop
  endfacet
  facet normal 0 0 -1
    outer loop
      vertex -19.8496 5.66656 0
      vertex -18.0338 10.0274 0
      vertex -19.8181 5.64314 0
    endloop
  endfacet
  facet normal -0 0 -1
    outer loop
      vertex -18.0338 10.0274 0
      vertex -19.8496 5.66656 0
      vertex -18.0724 10.0351 0
    endloop
  endfacet
  facet normal 0 0 -1
    outer loop
      vertex -19.8826 5.6879 0
      vertex -18.0724 10.0351 0
      vertex -19.8496 5.66656 0
    endloop
  endfacet
  facet normal -0 0 -1
    outer loop
      vertex -18.0724 10.0351 0
      vertex -19.8826 5.6879 0
      vertex -18.1103 10.0452 0
    endloop
  endfacet
  facet normal 0 0 -1
    outer loop
      vertex -19.9169 5.70702 0
      vertex -18.1103 10.0452 0
      vertex -19.8826 5.6879 0
    endloop
  endfacet
  facet normal -0 0 -1
    outer loop
      vertex -18.1103 10.0452 0
      vertex -19.9169 5.70702 0
      vertex -18.1475 10.0579 0
    endloop
  endfacet
  facet normal 0 0 -1
    outer loop
      vertex -19.9523 5.72386 0
      vertex -18.1475 10.0579 0
      vertex -19.9169 5.70702 0
    endloop
  endfacet
  facet normal -0 0 -1
    outer loop
      vertex -18.1475 10.0579 0
      vertex -19.9523 5.72386 0
      vertex -18.1837 10.0729 0
    endloop
  endfacet
  facet normal 0 0 -1
    outer loop
      vertex -19.9888 5.73834 0
      vertex -18.1837 10.0729 0
      vertex -19.9523 5.72386 0
    endloop
  endfacet
  facet normal -0 0 -1
    outer loop
      vertex -18.1837 10.0729 0
      vertex -19.9888 5.73834 0
      vertex -18.2268 10.0945 0
    endloop
  endfacet
  facet normal 0 0 -1
    outer loop
      vertex -20.0262 5.7504 0
      vertex -18.2268 10.0945 0
      vertex -19.9888 5.73834 0
    endloop
  endfacet
  facet normal -0 0 -1
    outer loop
      vertex -18.2268 10.0945 0
      vertex -20.0262 5.7504 0
      vertex -19.6556 10.8858 0
    endloop
  endfacet
  facet normal 0 0 -1
    outer loop
      vertex -21.5959 6.20113 0
      vertex -19.6556 10.8858 0
      vertex -20.0262 5.7504 0
    endloop
  endfacet
  facet normal -0 0 -1
    outer loop
      vertex -19.6556 10.8858 0
      vertex -21.5959 6.20113 0
      vertex -19.9297 11.0144 0
    endloop
  endfacet
  facet normal -0 0 -1
    outer loop
      vertex -19.9297 11.0144 0
      vertex -21.5959 6.20113 0
      vertex -20.2206 11.1125 0
    endloop
  endfacet
  facet normal 0 0 -1
    outer loop
      vertex -21.8808 6.30408 0
      vertex -20.2206 11.1125 0
      vertex -21.5959 6.20113 0
    endloop
  endfacet
  facet normal 0 0 -1
    outer loop
      vertex -22.1559 6.44044 0
      vertex -20.2206 11.1125 0
      vertex -21.8808 6.30408 0
    endloop
  endfacet
  facet normal -0 0 -1
    outer loop
      vertex -20.2206 11.1125 0
      vertex -22.1559 6.44044 0
      vertex -20.521 11.1926 0
    endloop
  endfacet
  facet normal 0 0 -1
    outer loop
      vertex -22.4249 6.59621 0
      vertex -20.521 11.1926 0
      vertex -22.1559 6.44044 0
    endloop
  endfacet
  facet normal -0 0 -1
    outer loop
      vertex -20.521 11.1926 0
      vertex -22.4249 6.59621 0
      vertex -20.8295 11.258 0
    endloop
  endfacet
  facet normal 0 0 -1
    outer loop
      vertex -22.6891 6.76797 0
      vertex -20.8295 11.258 0
      vertex -22.4249 6.59621 0
    endloop
  endfacet
  facet normal -0 0 -1
    outer loop
      vertex -20.8295 11.258 0
      vertex -22.6891 6.76797 0
      vertex -21.1442 11.3103 0
    endloop
  endfacet
  facet normal 0 0 -1
    outer loop
      vertex -22.9489 6.9536 0
      vertex -21.1442 11.3103 0
      vertex -22.6891 6.76797 0
    endloop
  endfacet
  facet normal -0 0 -1
    outer loop
      vertex -21.1442 11.3103 0
      vertex -22.9489 6.9536 0
      vertex -21.4648 11.3507 0
    endloop
  endfacet
  facet normal 0 0 -1
    outer loop
      vertex -23.2042 7.15176 0
      vertex -21.4648 11.3507 0
      vertex -22.9489 6.9536 0
    endloop
  endfacet
  facet normal -0 0 -1
    outer loop
      vertex -21.4648 11.3507 0
      vertex -23.2042 7.15176 0
      vertex -21.7906 11.3799 0
    endloop
  endfacet
  facet normal 0 0 -1
    outer loop
      vertex -23.4553 7.36171 0
      vertex -21.7906 11.3799 0
      vertex -23.2042 7.15176 0
    endloop
  endfacet
  facet normal -0 0 -1
    outer loop
      vertex -21.7906 11.3799 0
      vertex -23.4553 7.36171 0
      vertex -22.1213 11.3982 0
    endloop
  endfacet
  facet normal 0 0 -1
    outer loop
      vertex -23.7018 7.58221 0
      vertex -22.1213 11.3982 0
      vertex -23.4553 7.36171 0
    endloop
  endfacet
  facet normal -0 0 -1
    outer loop
      vertex -22.1213 11.3982 0
      vertex -23.7018 7.58221 0
      vertex -22.4569 11.4062 0
    endloop
  endfacet
  facet normal 0 0 -1
    outer loop
      vertex -23.9449 7.81407 0
      vertex -22.4569 11.4062 0
      vertex -23.7018 7.58221 0
    endloop
  endfacet
  facet normal 0 0 -1
    outer loop
      vertex -22.4569 11.4062 0
      vertex -23.9449 7.81407 0
      vertex -22.7965 11.404 0
    endloop
  endfacet
  facet normal 0 0 -1
    outer loop
      vertex -24.1832 8.05544 0
      vertex -22.7965 11.404 0
      vertex -23.9449 7.81407 0
    endloop
  endfacet
  facet normal 0 0 -1
    outer loop
      vertex -22.7965 11.404 0
      vertex -24.1832 8.05544 0
      vertex -23.1393 11.392 0
    endloop
  endfacet
  facet normal 0 0 -1
    outer loop
      vertex -24.4176 8.3069 0
      vertex -23.1393 11.392 0
      vertex -24.1832 8.05544 0
    endloop
  endfacet
  facet normal 0 0 -1
    outer loop
      vertex -23.1393 11.392 0
      vertex -24.4176 8.3069 0
      vertex -23.4859 11.3702 0
    endloop
  endfacet
  facet normal 0 0 -1
    outer loop
      vertex -24.6471 8.56714 0
      vertex -23.4859 11.3702 0
      vertex -24.4176 8.3069 0
    endloop
  endfacet
  facet normal 0 0 -1
    outer loop
      vertex -23.4859 11.3702 0
      vertex -24.6471 8.56714 0
      vertex -23.8366 11.3388 0
    endloop
  endfacet
  facet normal 0 0 -1
    outer loop
      vertex -24.8727 8.83717 0
      vertex -23.8366 11.3388 0
      vertex -24.6471 8.56714 0
    endloop
  endfacet
  facet normal 0 0 -1
    outer loop
      vertex -23.8366 11.3388 0
      vertex -24.8727 8.83717 0
      vertex -24.1894 11.298 0
    endloop
  endfacet
  facet normal 0 0 -1
    outer loop
      vertex -25.0933 9.11551 0
      vertex -24.1894 11.298 0
      vertex -24.8727 8.83717 0
    endloop
  endfacet
  facet normal 0 0 -1
    outer loop
      vertex -24.1894 11.298 0
      vertex -25.0933 9.11551 0
      vertex -24.5456 11.2477 0
    endloop
  endfacet
  facet normal 0 0 -1
    outer loop
      vertex -24.5456 11.2477 0
      vertex -25.0933 9.11551 0
      vertex -25.3097 9.40305 0
    endloop
  endfacet
  facet normal -0 0 -1
    outer loop
      vertex -3.78772 -1.28576 0
      vertex -19.5998 -5.07597 0
      vertex -3.8637 -1.03528 0
    endloop
  endfacet
  facet normal 0 0 -1
    outer loop
      vertex -19.7094 5.53043 0
      vertex -17.8384 10.0274 0
      vertex -19.6871 5.49811 0
    endloop
  endfacet
  facet normal 0 0 -1
    outer loop
      vertex -20.0427 -2.84946 0
      vertex -3.92314 -0.780361 0
      vertex -19.8609 -3.95056 0
    endloop
  endfacet
  facet normal 0 0 -1
    outer loop
      vertex -17.7999 10.0351 0
      vertex -19.6871 5.49811 0
      vertex -17.8384 10.0274 0
    endloop
  endfacet
  facet normal -0 0 -1
    outer loop
      vertex -3.92314 -0.780361 0
      vertex -20.0427 -2.84946 0
      vertex -3.96578 -0.522104 0
    endloop
  endfacet
  facet normal -0 0 -1
    outer loop
      vertex -3.96578 -0.522104 0
      vertex -20.0427 -2.84946 0
      vertex -3.99144 -0.261612 0
    endloop
  endfacet
  facet normal 0 0 -1
    outer loop
      vertex -17.6533 10.0902 0
      vertex -19.6203 5.35641 0
      vertex -17.6885 10.0729 0
    endloop
  endfacet
  facet normal 0 0 -1
    outer loop
      vertex -20.0524 -2.80225 0
      vertex -3.99144 -0.261612 0
      vertex -20.0427 -2.84946 0
    endloop
  endfacet
  facet normal 0 0 -1
    outer loop
      vertex -20.0632 -2.76448 0
      vertex -3.99144 -0.261612 0
      vertex -20.0524 -2.80225 0
    endloop
  endfacet
  facet normal 0 0 -1
    outer loop
      vertex -3.92314 0.780361 0
      vertex -20.0427 2.84946 0
      vertex -19.8609 3.95056 0
    endloop
  endfacet
  facet normal 0 0 -1
    outer loop
      vertex -3.92314 0.780361 0
      vertex -19.8609 3.95056 0
      vertex -19.6075 5.03746 0
    endloop
  endfacet
  facet normal 0 0 -1
    outer loop
      vertex -3.99144 0.261612 0
      vertex -20.0503 2.81094 0
      vertex -20.0427 2.84946 0
    endloop
  endfacet
  facet normal -0 0 -1
    outer loop
      vertex -3.99144 -0.261612 0
      vertex -20.0632 -2.76448 0
      vertex -4 0 0
    endloop
  endfacet
  facet normal 0 0 -1
    outer loop
      vertex -3.99144 0.261612 0
      vertex -20.0605 2.77303 0
      vertex -20.0503 2.81094 0
    endloop
  endfacet
  facet normal 0 0 -1
    outer loop
      vertex -20.0731 2.73584 0
      vertex -4 0 0
      vertex -20.0632 -2.76448 0
    endloop
  endfacet
  facet normal 0 0 -1
    outer loop
      vertex -4 0 0
      vertex -20.0731 2.73584 0
      vertex -20.0605 2.77303 0
    endloop
  endfacet
  facet normal 0 0 -1
    outer loop
      vertex -20.0763 -2.72749 0
      vertex -20.0731 2.73584 0
      vertex -20.0632 -2.76448 0
    endloop
  endfacet
  facet normal 0 0 -1
    outer loop
      vertex -20.0763 -2.72749 0
      vertex -20.0882 2.69957 0
      vertex -20.0731 2.73584 0
    endloop
  endfacet
  facet normal 0 0 -1
    outer loop
      vertex -20.0919 -2.69144 0
      vertex -20.0882 2.69957 0
      vertex -20.0763 -2.72749 0
    endloop
  endfacet
  facet normal 0 0 -1
    outer loop
      vertex -20.0919 -2.69144 0
      vertex -20.1055 2.66435 0
      vertex -20.0882 2.69957 0
    endloop
  endfacet
  facet normal 0 0 -1
    outer loop
      vertex -20.1098 -2.65649 0
      vertex -20.1055 2.66435 0
      vertex -20.0919 -2.69144 0
    endloop
  endfacet
  facet normal 0 0 -1
    outer loop
      vertex -20.1098 -2.65649 0
      vertex -20.1252 2.63036 0
      vertex -20.1055 2.66435 0
    endloop
  endfacet
  facet normal 0 0 -1
    outer loop
      vertex -20.1299 -2.62279 0
      vertex -20.1252 2.63036 0
      vertex -20.1098 -2.65649 0
    endloop
  endfacet
  facet normal 0 0 -1
    outer loop
      vertex -20.1299 -2.62279 0
      vertex -20.147 2.5977 0
      vertex -20.1252 2.63036 0
    endloop
  endfacet
  facet normal 0 0 -1
    outer loop
      vertex -20.1522 -2.59047 0
      vertex -20.147 2.5977 0
      vertex -20.1299 -2.62279 0
    endloop
  endfacet
  facet normal 0 0 -1
    outer loop
      vertex -20.1522 -2.59047 0
      vertex -20.1709 2.56656 0
      vertex -20.147 2.5977 0
    endloop
  endfacet
  facet normal 0 0 -1
    outer loop
      vertex -20.1766 -2.55968 0
      vertex -20.1709 2.56656 0
      vertex -20.1522 -2.59047 0
    endloop
  endfacet
  facet normal 0 0 -1
    outer loop
      vertex -20.1766 -2.55968 0
      vertex -20.1967 2.53703 0
      vertex -20.1709 2.56656 0
    endloop
  endfacet
  facet normal 0 0 -1
    outer loop
      vertex -20.2029 -2.53055 0
      vertex -20.1967 2.53703 0
      vertex -20.1766 -2.55968 0
    endloop
  endfacet
  facet normal 0 0 -1
    outer loop
      vertex -20.2029 -2.53055 0
      vertex -20.2245 2.50928 0
      vertex -20.1967 2.53703 0
    endloop
  endfacet
  facet normal 0 0 -1
    outer loop
      vertex -20.2311 -2.5032 0
      vertex -20.2245 2.50928 0
      vertex -20.2029 -2.53055 0
    endloop
  endfacet
  facet normal 0 0 -1
    outer loop
      vertex -20.2311 -2.5032 0
      vertex -20.254 2.48338 0
      vertex -20.2245 2.50928 0
    endloop
  endfacet
  facet normal 0 0 -1
    outer loop
      vertex -20.261 -2.47775 0
      vertex -20.254 2.48338 0
      vertex -20.2311 -2.5032 0
    endloop
  endfacet
  facet normal 0 0 -1
    outer loop
      vertex -20.261 -2.47775 0
      vertex -20.2852 2.45949 0
      vertex -20.254 2.48338 0
    endloop
  endfacet
  facet normal 0 0 -1
    outer loop
      vertex -20.2925 -2.45433 0
      vertex -20.2852 2.45949 0
      vertex -20.261 -2.47775 0
    endloop
  endfacet
  facet normal 0 0 -1
    outer loop
      vertex -20.2925 -2.45433 0
      vertex -20.3178 2.43767 0
      vertex -20.2852 2.45949 0
    endloop
  endfacet
  facet normal 0 0 -1
    outer loop
      vertex -20.3255 -2.433 0
      vertex -20.3178 2.43767 0
      vertex -20.2925 -2.45433 0
    endloop
  endfacet
  facet normal 0 0 -1
    outer loop
      vertex -20.3255 -2.433 0
      vertex -20.3518 2.41805 0
      vertex -20.3178 2.43767 0
    endloop
  endfacet
  facet normal 0 0 -1
    outer loop
      vertex -20.3598 -2.41388 0
      vertex -20.3518 2.41805 0
      vertex -20.3255 -2.433 0
    endloop
  endfacet
  facet normal 0 0 -1
    outer loop
      vertex -20.3598 -2.41388 0
      vertex -20.387 2.40068 0
      vertex -20.3518 2.41805 0
    endloop
  endfacet
  facet normal 0 0 -1
    outer loop
      vertex -20.3952 -2.39703 0
      vertex -20.387 2.40068 0
      vertex -20.3598 -2.41388 0
    endloop
  endfacet
  facet normal 0 0 -1
    outer loop
      vertex -20.3952 -2.39703 0
      vertex -20.4233 2.38565 0
      vertex -20.387 2.40068 0
    endloop
  endfacet
  facet normal 0 0 -1
    outer loop
      vertex -20.4317 -2.38255 0
      vertex -20.4233 2.38565 0
      vertex -20.3952 -2.39703 0
    endloop
  endfacet
  facet normal 0 0 -1
    outer loop
      vertex -20.4317 -2.38255 0
      vertex -20.4605 2.37303 0
      vertex -20.4233 2.38565 0
    endloop
  endfacet
  facet normal 0 0 -1
    outer loop
      vertex -20.4691 -2.3705 0
      vertex -20.4605 2.37303 0
      vertex -20.4317 -2.38255 0
    endloop
  endfacet
  facet normal 0 0 -1
    outer loop
      vertex -20.4691 -2.3705 0
      vertex -20.4984 2.36287 0
      vertex -20.4605 2.37303 0
    endloop
  endfacet
  facet normal 0 0 -1
    outer loop
      vertex -20.5072 -2.3609 0
      vertex -20.4984 2.36287 0
      vertex -20.4691 -2.3705 0
    endloop
  endfacet
  facet normal 0 0 -1
    outer loop
      vertex -20.5072 -2.3609 0
      vertex -20.5369 2.35521 0
      vertex -20.4984 2.36287 0
    endloop
  endfacet
  facet normal 0 0 -1
    outer loop
      vertex -20.5458 -2.35381 0
      vertex -20.5369 2.35521 0
      vertex -20.5072 -2.3609 0
    endloop
  endfacet
  facet normal 0 0 -1
    outer loop
      vertex -20.5458 -2.35381 0
      vertex -20.5759 2.35008 0
      vertex -20.5369 2.35521 0
    endloop
  endfacet
  facet normal 0 0 -1
    outer loop
      vertex -20.5848 -2.34927 0
      vertex -20.5759 2.35008 0
      vertex -20.5458 -2.35381 0
    endloop
  endfacet
  facet normal 0 0 -1
    outer loop
      vertex -20.5848 -2.34927 0
      vertex -20.615 2.3475 0
      vertex -20.5759 2.35008 0
    endloop
  endfacet
  facet normal 0 0 -1
    outer loop
      vertex -20.624 -2.34729 0
      vertex -20.615 2.3475 0
      vertex -20.5848 -2.34927 0
    endloop
  endfacet
  facet normal 0 0 -1
    outer loop
      vertex -20.624 -2.34729 0
      vertex -20.6543 2.3475 0
      vertex -20.615 2.3475 0
    endloop
  endfacet
  facet normal 0 0 -1
    outer loop
      vertex -20.6632 -2.34787 0
      vertex -20.6543 2.3475 0
      vertex -20.624 -2.34729 0
    endloop
  endfacet
  facet normal 0 0 -1
    outer loop
      vertex -20.7024 -2.35103 0
      vertex -20.6543 2.3475 0
      vertex -20.6632 -2.34787 0
    endloop
  endfacet
  facet normal 0 0 -1
    outer loop
      vertex -20.7024 -2.35103 0
      vertex -20.7024 2.35103 0
      vertex -20.6543 2.3475 0
    endloop
  endfacet
  facet normal 0 0 -1
    outer loop
      vertex -22.3252 -2.53534 0
      vertex -20.7024 2.35103 0
      vertex -20.7024 -2.35103 0
    endloop
  endfacet
  facet normal 0 0 -1
    outer loop
      vertex -22.3252 -2.53534 0
      vertex -22.3252 2.53534 0
      vertex -20.7024 2.35103 0
    endloop
  endfacet
  facet normal 0 0 -1
    outer loop
      vertex -22.6277 -2.54919 0
      vertex -22.3252 2.53534 0
      vertex -22.3252 -2.53534 0
    endloop
  endfacet
  facet normal 0 0 -1
    outer loop
      vertex -22.6277 -2.54919 0
      vertex -22.6277 2.54919 0
      vertex -22.3252 2.53534 0
    endloop
  endfacet
  facet normal 0 0 -1
    outer loop
      vertex -22.9339 -2.52852 0
      vertex -22.6277 2.54919 0
      vertex -22.6277 -2.54919 0
    endloop
  endfacet
  facet normal 0 0 -1
    outer loop
      vertex -22.9339 -2.52852 0
      vertex -22.9339 2.52852 0
      vertex -22.6277 2.54919 0
    endloop
  endfacet
  facet normal 0 0 -1
    outer loop
      vertex -23.2423 -2.4875 0
      vertex -22.9339 2.52852 0
      vertex -22.9339 -2.52852 0
    endloop
  endfacet
  facet normal 0 0 -1
    outer loop
      vertex -23.2423 -2.4875 0
      vertex -23.2423 2.4875 0
      vertex -22.9339 2.52852 0
    endloop
  endfacet
  facet normal 0 0 -1
    outer loop
      vertex -23.5521 -2.42996 0
      vertex -23.2423 2.4875 0
      vertex -23.2423 -2.4875 0
    endloop
  endfacet
  facet normal 0 0 -1
    outer loop
      vertex -23.5521 -2.42996 0
      vertex -23.5521 2.42996 0
      vertex -23.2423 2.4875 0
    endloop
  endfacet
  facet normal 0 0 -1
    outer loop
      vertex -23.8626 -2.35797 0
      vertex -23.5521 2.42996 0
      vertex -23.5521 -2.42996 0
    endloop
  endfacet
  facet normal 0 0 -1
    outer loop
      vertex -23.8626 -2.35797 0
      vertex -23.8626 2.35797 0
      vertex -23.5521 2.42996 0
    endloop
  endfacet
  facet normal 0 0 -1
    outer loop
      vertex -24.1748 -2.27245 0
      vertex -23.8626 2.35797 0
      vertex -23.8626 -2.35797 0
    endloop
  endfacet
  facet normal 0 0 -1
    outer loop
      vertex -24.1748 -2.27245 0
      vertex -24.1748 2.27245 0
      vertex -23.8626 2.35797 0
    endloop
  endfacet
  facet normal 0 0 -1
    outer loop
      vertex -24.4868 -2.17474 0
      vertex -24.1748 2.27245 0
      vertex -24.1748 -2.27245 0
    endloop
  endfacet
  facet normal 0 0 -1
    outer loop
      vertex -24.4868 -2.17474 0
      vertex -24.4868 2.17474 0
      vertex -24.1748 2.27245 0
    endloop
  endfacet
  facet normal 0 0 -1
    outer loop
      vertex -24.7995 -2.06508 0
      vertex -24.4868 2.17474 0
      vertex -24.4868 -2.17474 0
    endloop
  endfacet
  facet normal 0 0 -1
    outer loop
      vertex -24.7995 -2.06508 0
      vertex -24.7995 2.06508 0
      vertex -24.4868 2.17474 0
    endloop
  endfacet
  facet normal 0 0 -1
    outer loop
      vertex -25.1126 -1.94403 0
      vertex -24.7995 2.06508 0
      vertex -24.7995 -2.06508 0
    endloop
  endfacet
  facet normal 0 0 -1
    outer loop
      vertex -25.1126 -1.94403 0
      vertex -25.1126 1.94403 0
      vertex -24.7995 2.06508 0
    endloop
  endfacet
  facet normal 0 0 -1
    outer loop
      vertex -25.4252 -1.81219 0
      vertex -25.1126 1.94403 0
      vertex -25.1126 -1.94403 0
    endloop
  endfacet
  facet normal 0 0 -1
    outer loop
      vertex -25.4252 -1.81219 0
      vertex -25.4252 1.81219 0
      vertex -25.1126 1.94403 0
    endloop
  endfacet
  facet normal 0 0 -1
    outer loop
      vertex -25.7377 -1.66971 0
      vertex -25.4252 1.81219 0
      vertex -25.4252 -1.81219 0
    endloop
  endfacet
  facet normal 0 0 -1
    outer loop
      vertex -25.7377 -1.66971 0
      vertex -25.7377 1.66971 0
      vertex -25.4252 1.81219 0
    endloop
  endfacet
  facet normal 0 0 -1
    outer loop
      vertex -26.0492 -1.51715 0
      vertex -25.7377 1.66971 0
      vertex -25.7377 -1.66971 0
    endloop
  endfacet
  facet normal 0 0 -1
    outer loop
      vertex -26.0492 -1.51715 0
      vertex -26.0492 1.51715 0
      vertex -25.7377 1.66971 0
    endloop
  endfacet
  facet normal 0 0 -1
    outer loop
      vertex -26.3613 -1.35384 0
      vertex -26.0492 1.51715 0
      vertex -26.0492 -1.51715 0
    endloop
  endfacet
  facet normal 0 0 -1
    outer loop
      vertex -26.3613 -1.35384 0
      vertex -26.3613 1.35384 0
      vertex -26.0492 1.51715 0
    endloop
  endfacet
  facet normal 0 0 -1
    outer loop
      vertex -26.6719 -1.18092 0
      vertex -26.3613 1.35384 0
      vertex -26.3613 -1.35384 0
    endloop
  endfacet
  facet normal 0 0 -1
    outer loop
      vertex -26.6719 -1.18092 0
      vertex -26.6719 1.18092 0
      vertex -26.3613 1.35384 0
    endloop
  endfacet
  facet normal 0 0 -1
    outer loop
      vertex -26.9815 -0.998322 0
      vertex -26.6719 1.18092 0
      vertex -26.6719 -1.18092 0
    endloop
  endfacet
  facet normal 0 0 -1
    outer loop
      vertex -26.6719 1.18092 0
      vertex -26.9815 -0.998322 0
      vertex -26.9815 0.998322 0
    endloop
  endfacet
  facet normal 0 0 -1
    outer loop
      vertex 2.34787 -20.6632 0
      vertex -2.3475 -20.6543 0
      vertex 2.34729 -20.624 0
    endloop
  endfacet
  facet normal 0 0 -1
    outer loop
      vertex 2.35797 -23.8626 0
      vertex -2.35797 -23.8626 0
      vertex -2.42996 -23.5521 0
    endloop
  endfacet
  facet normal 0 0 -1
    outer loop
      vertex 2.42996 -23.5521 0
      vertex -2.42996 -23.5521 0
      vertex -2.4875 -23.2423 0
    endloop
  endfacet
  facet normal 0 0 -1
    outer loop
      vertex 2.52852 -22.9339 0
      vertex -2.52852 -22.9339 0
      vertex 2.53534 -22.3252 0
    endloop
  endfacet
  facet normal -0 0 -1
    outer loop
      vertex 2.53534 -22.3252 0
      vertex -2.52852 -22.9339 0
      vertex -2.53534 -22.3252 0
    endloop
  endfacet
  facet normal 0 -0 -1
    outer loop
      vertex -2.3475 -20.6543 0
      vertex 2.34787 -20.6632 0
      vertex -2.35103 -20.7024 0
    endloop
  endfacet
  facet normal 0 -0 -1
    outer loop
      vertex -2.53534 -22.3252 0
      vertex -2.52852 -22.9339 0
      vertex -2.54919 -22.6277 0
    endloop
  endfacet
  facet normal 0 0 -1
    outer loop
      vertex 1.66971 25.7377 0
      vertex -1.66971 25.7377 0
      vertex 1.51715 26.0492 0
    endloop
  endfacet
  facet normal 0 -0 -1
    outer loop
      vertex -1.66971 25.7377 0
      vertex 1.66971 25.7377 0
      vertex -1.81219 25.4252 0
    endloop
  endfacet
  facet normal 0 0 -1
    outer loop
      vertex 1.94403 25.1126 0
      vertex -1.94403 25.1126 0
      vertex 1.81219 25.4252 0
    endloop
  endfacet
  facet normal 0 0 -1
    outer loop
      vertex 1.81219 25.4252 0
      vertex -1.81219 25.4252 0
      vertex 1.66971 25.7377 0
    endloop
  endfacet
  facet normal 0 -0 -1
    outer loop
      vertex -1.81219 25.4252 0
      vertex 1.81219 25.4252 0
      vertex -1.94403 25.1126 0
    endloop
  endfacet
  facet normal 0 -0 -1
    outer loop
      vertex -1.94403 25.1126 0
      vertex 1.94403 25.1126 0
      vertex -2.06508 24.7995 0
    endloop
  endfacet
  facet normal 0 0 -1
    outer loop
      vertex 2.17474 24.4868 0
      vertex -2.17474 24.4868 0
      vertex 2.06508 24.7995 0
    endloop
  endfacet
  facet normal 0 0 -1
    outer loop
      vertex -2.52852 22.9339 0
      vertex -2.53534 22.3252 0
      vertex -2.54919 22.6277 0
    endloop
  endfacet
  facet normal 0 0 1
    outer loop
      vertex 2.52852 22.9339 12
      vertex 2.53534 22.3252 12
      vertex 2.54919 22.6277 12
    endloop
  endfacet
  facet normal 0 0 1
    outer loop
      vertex -2.53534 22.3252 12
      vertex 2.52852 22.9339 12
      vertex 2.4875 23.2423 12
    endloop
  endfacet
  facet normal 0 0 1
    outer loop
      vertex -2.53534 22.3252 12
      vertex 2.4875 23.2423 12
      vertex 2.42996 23.5521 12
    endloop
  endfacet
  facet normal 0 0 1
    outer loop
      vertex -2.53534 22.3252 12
      vertex 2.42996 23.5521 12
      vertex 2.35797 23.8626 12
    endloop
  endfacet
  facet normal 0 0 1
    outer loop
      vertex 2.52852 22.9339 12
      vertex -2.53534 22.3252 12
      vertex 2.53534 22.3252 12
    endloop
  endfacet
  facet normal 0 0 1
    outer loop
      vertex 2.53534 22.3252 12
      vertex -2.53534 22.3252 12
      vertex 2.35103 20.7024 12
    endloop
  endfacet
  facet normal 0 -0 1
    outer loop
      vertex -2.35103 20.7024 12
      vertex 2.35103 20.7024 12
      vertex -2.53534 22.3252 12
    endloop
  endfacet
  facet normal 0 0 1
    outer loop
      vertex -2.53534 22.3252 12
      vertex 2.35797 23.8626 12
      vertex 2.27245 24.1748 12
    endloop
  endfacet
  facet normal 0 0 1
    outer loop
      vertex 7.81407 23.9449 12
      vertex 11.4062 22.4569 12
      vertex 11.404 22.7965 12
    endloop
  endfacet
  facet normal 0 0 1
    outer loop
      vertex 8.05544 24.1832 12
      vertex 11.404 22.7965 12
      vertex 11.392 23.1393 12
    endloop
  endfacet
  facet normal -0 0 1
    outer loop
      vertex 7.81407 23.9449 12
      vertex 11.404 22.7965 12
      vertex 8.05544 24.1832 12
    endloop
  endfacet
  facet normal 0 0 1
    outer loop
      vertex 8.3069 24.4176 12
      vertex 11.392 23.1393 12
      vertex 11.3702 23.4859 12
    endloop
  endfacet
  facet normal 0 0 1
    outer loop
      vertex 11.4062 22.4569 12
      vertex 7.81407 23.9449 12
      vertex 11.3982 22.1213 12
    endloop
  endfacet
  facet normal 0 0 1
    outer loop
      vertex 8.56714 24.6471 12
      vertex 11.3702 23.4859 12
      vertex 11.3388 23.8366 12
    endloop
  endfacet
  facet normal -0 0 1
    outer loop
      vertex 7.58221 23.7018 12
      vertex 11.3982 22.1213 12
      vertex 7.81407 23.9449 12
    endloop
  endfacet
  facet normal 0 0 1
    outer loop
      vertex 8.83717 24.8727 12
      vertex 11.3388 23.8366 12
      vertex 11.298 24.1892 12
    endloop
  endfacet
  facet normal 0 0 1
    outer loop
      vertex 11.3982 22.1213 12
      vertex 7.58221 23.7018 12
      vertex 11.3799 21.7906 12
    endloop
  endfacet
  facet normal 0 0 1
    outer loop
      vertex 9.11551 25.0933 12
      vertex 11.298 24.1892 12
      vertex 11.2477 24.5456 12
    endloop
  endfacet
  facet normal 0 0 1
    outer loop
      vertex 11.392 23.1393 12
      vertex 8.3069 24.4176 12
      vertex 8.05544 24.1832 12
    endloop
  endfacet
  facet normal -0 0 1
    outer loop
      vertex 7.36171 23.4553 12
      vertex 11.3799 21.7906 12
      vertex 7.58221 23.7018 12
    endloop
  endfacet
  facet normal -0 0 1
    outer loop
      vertex 7.15176 23.2042 12
      vertex 11.3507 21.4648 12
      vertex 7.36171 23.4553 12
    endloop
  endfacet
  facet normal 0 0 1
    outer loop
      vertex 11.3507 21.4648 12
      vertex 7.15176 23.2042 12
      vertex 11.3103 21.1442 12
    endloop
  endfacet
  facet normal -0 0 1
    outer loop
      vertex 6.9536 22.9489 12
      vertex 11.3103 21.1442 12
      vertex 7.15176 23.2042 12
    endloop
  endfacet
  facet normal 0 0 1
    outer loop
      vertex 11.258 20.8295 12
      vertex 6.76797 22.6891 12
      vertex 11.1926 20.521 12
    endloop
  endfacet
  facet normal -0 0 1
    outer loop
      vertex 6.59621 22.4249 12
      vertex 11.1926 20.521 12
      vertex 6.76797 22.6891 12
    endloop
  endfacet
  facet normal 0 0 1
    outer loop
      vertex 11.1926 20.521 12
      vertex 6.59621 22.4249 12
      vertex 11.1125 20.2206 12
    endloop
  endfacet
  facet normal -0 0 1
    outer loop
      vertex 6.44044 22.1559 12
      vertex 11.1125 20.2206 12
      vertex 6.59621 22.4249 12
    endloop
  endfacet
  facet normal 0 0 1
    outer loop
      vertex 11.1125 20.2206 12
      vertex 6.44044 22.1559 12
      vertex 11.0144 19.9297 12
    endloop
  endfacet
  facet normal 0 0 1
    outer loop
      vertex 5.59035 19.7601 12
      vertex 10.0197 17.9165 12
      vertex 10.0197 17.9557 12
    endloop
  endfacet
  facet normal 0 0 1
    outer loop
      vertex 11.3702 23.4859 12
      vertex 8.56714 24.6471 12
      vertex 8.3069 24.4176 12
    endloop
  endfacet
  facet normal 0 0 1
    outer loop
      vertex 11.3388 23.8366 12
      vertex 8.83717 24.8727 12
      vertex 8.56714 24.6471 12
    endloop
  endfacet
  facet normal 0 0 1
    outer loop
      vertex 11.298 24.1892 12
      vertex 9.11551 25.0933 12
      vertex 8.83717 24.8727 12
    endloop
  endfacet
  facet normal -0 0 1
    outer loop
      vertex 9.11551 25.0933 12
      vertex 11.2477 24.5456 12
      vertex 9.40305 25.3097 12
    endloop
  endfacet
  facet normal 0 0 1
    outer loop
      vertex 18.0249 19.6949 12
      vertex 19.6949 18.0249 12
      vertex 19.7847 18.3729 12
    endloop
  endfacet
  facet normal 0 0 1
    outer loop
      vertex 19.6949 18.0249 12
      vertex 18.0249 19.6949 12
      vertex 19.5975 17.6828 12
    endloop
  endfacet
  facet normal -0 0 1
    outer loop
      vertex 17.6828 19.5975 12
      vertex 19.5975 17.6828 12
      vertex 18.0249 19.6949 12
    endloop
  endfacet
  facet normal -0 0 1
    outer loop
      vertex 17.3472 19.4925 12
      vertex 19.4925 17.3472 12
      vertex 17.6828 19.5975 12
    endloop
  endfacet
  facet normal 0 0 1
    outer loop
      vertex 19.4925 17.3472 12
      vertex 17.3472 19.4925 12
      vertex 19.3799 17.0186 12
    endloop
  endfacet
  facet normal 0 0 1
    outer loop
      vertex 19.3799 17.0186 12
      vertex 17.0186 19.3799 12
      vertex 19.2596 16.6967 12
    endloop
  endfacet
  facet normal -0 0 1
    outer loop
      vertex 16.6967 19.2596 12
      vertex 19.2596 16.6967 12
      vertex 17.0186 19.3799 12
    endloop
  endfacet
  facet normal 0 0 1
    outer loop
      vertex 19.2596 16.6967 12
      vertex 16.6967 19.2596 12
      vertex 19.1318 16.3824 12
    endloop
  endfacet
  facet normal 0 0 1
    outer loop
      vertex 19.1318 16.3824 12
      vertex 16.3824 19.1318 12
      vertex 18.9961 16.0756 12
    endloop
  endfacet
  facet normal -0 0 1
    outer loop
      vertex 18.0249 19.6949 12
      vertex 19.7847 18.3729 12
      vertex 18.3729 19.7847 12
    endloop
  endfacet
  facet normal 0 0 1
    outer loop
      vertex 19.5975 17.6828 12
      vertex 17.6828 19.5975 12
      vertex 19.4925 17.3472 12
    endloop
  endfacet
  facet normal -0 0 1
    outer loop
      vertex 17.0186 19.3799 12
      vertex 19.3799 17.0186 12
      vertex 17.3472 19.4925 12
    endloop
  endfacet
  facet normal -0 0 1
    outer loop
      vertex 16.3824 19.1318 12
      vertex 19.1318 16.3824 12
      vertex 16.6967 19.2596 12
    endloop
  endfacet
  facet normal -0 0 1
    outer loop
      vertex 16.0756 18.9961 12
      vertex 18.9961 16.0756 12
      vertex 16.3824 19.1318 12
    endloop
  endfacet
  facet normal 0 0 1
    outer loop
      vertex 18.9961 16.0756 12
      vertex 16.0756 18.9961 12
      vertex 18.8526 15.7772 12
    endloop
  endfacet
  facet normal -0 0 1
    outer loop
      vertex 15.7772 18.8526 12
      vertex 18.8526 15.7772 12
      vertex 16.0756 18.9961 12
    endloop
  endfacet
  facet normal 0 0 1
    outer loop
      vertex 18.8526 15.7772 12
      vertex 15.7772 18.8526 12
      vertex 18.7009 15.4871 12
    endloop
  endfacet
  facet normal -0 0 1
    outer loop
      vertex 15.4871 18.7009 12
      vertex 18.7009 15.4871 12
      vertex 15.7772 18.8526 12
    endloop
  endfacet
  facet normal 0 0 1
    outer loop
      vertex 18.7009 15.4871 12
      vertex 15.4871 18.7009 12
      vertex 18.541 15.2066 12
    endloop
  endfacet
  facet normal -0 0 1
    outer loop
      vertex 15.2066 18.541 12
      vertex 18.541 15.2066 12
      vertex 15.4871 18.7009 12
    endloop
  endfacet
  facet normal 0 0 1
    outer loop
      vertex 18.541 15.2066 12
      vertex 15.2066 18.541 12
      vertex 18.3719 14.9354 12
    endloop
  endfacet
  facet normal -0 0 1
    outer loop
      vertex 14.9354 18.3719 12
      vertex 18.3719 14.9354 12
      vertex 15.2066 18.541 12
    endloop
  endfacet
  facet normal 0 0 1
    outer loop
      vertex 18.3719 14.9354 12
      vertex 14.9354 18.3719 12
      vertex 18.1938 14.676 12
    endloop
  endfacet
  facet normal -0 0 1
    outer loop
      vertex 14.676 18.1938 12
      vertex 18.1938 14.676 12
      vertex 14.9354 18.3719 12
    endloop
  endfacet
  facet normal 0 0 1
    outer loop
      vertex 18.1938 14.676 12
      vertex 14.676 18.1938 12
      vertex 18.0046 14.4287 12
    endloop
  endfacet
  facet normal -0 0 1
    outer loop
      vertex 14.4287 18.0046 12
      vertex 18.0046 14.4287 12
      vertex 14.676 18.1938 12
    endloop
  endfacet
  facet normal 0 0 1
    outer loop
      vertex 18.0046 14.4287 12
      vertex 14.4287 18.0046 12
      vertex 17.8027 14.1976 12
    endloop
  endfacet
  facet normal 0 0 1
    outer loop
      vertex 17.8027 14.1976 12
      vertex 14.4287 18.0046 12
      vertex 17.579 13.9935 12
    endloop
  endfacet
  facet normal -0 0 1
    outer loop
      vertex 13.9935 17.579 12
      vertex 17.579 13.9935 12
      vertex 14.4287 18.0046 12
    endloop
  endfacet
  facet normal 0 0 1
    outer loop
      vertex 17.579 13.9935 12
      vertex 13.9935 17.579 12
      vertex 16.3012 12.9763 12
    endloop
  endfacet
  facet normal -0 0 1
    outer loop
      vertex 12.9763 16.3012 12
      vertex 16.3012 12.9763 12
      vertex 13.9935 17.579 12
    endloop
  endfacet
  facet normal 0 0 1
    outer loop
      vertex 16.3012 12.9763 12
      vertex 12.9763 16.3012 12
      vertex 16.2647 12.9448 12
    endloop
  endfacet
  facet normal -0 0 1
    outer loop
      vertex 12.9509 16.2713 12
      vertex 16.2647 12.9448 12
      vertex 12.9763 16.3012 12
    endloop
  endfacet
  facet normal -0 0 1
    outer loop
      vertex 12.9236 16.2431 12
      vertex 16.2647 12.9448 12
      vertex 12.9509 16.2713 12
    endloop
  endfacet
  facet normal 0 0 1
    outer loop
      vertex 16.2647 12.9448 12
      vertex 12.9236 16.2431 12
      vertex 16.237 12.9171 12
    endloop
  endfacet
  facet normal -0 0 1
    outer loop
      vertex 12.8944 16.2168 12
      vertex 16.237 12.9171 12
      vertex 12.9236 16.2431 12
    endloop
  endfacet
  facet normal 0 0 1
    outer loop
      vertex 12.4962 16.075 12
      vertex 16.0752 12.4873 12
      vertex 16.0752 12.5266 12
    endloop
  endfacet
  facet normal -0 0 1
    outer loop
      vertex 12.8636 16.1924 12
      vertex 16.2111 12.8876 12
      vertex 12.8944 16.2168 12
    endloop
  endfacet
  facet normal 0 0 1
    outer loop
      vertex 16.237 12.9171 12
      vertex 12.8944 16.2168 12
      vertex 16.2111 12.8876 12
    endloop
  endfacet
  facet normal 0 0 1
    outer loop
      vertex 24.1894 11.298 12
      vertex 25.0933 9.11551 12
      vertex 25.3097 9.40305 12
    endloop
  endfacet
  facet normal 0 0 1
    outer loop
      vertex 25.0933 9.11551 12
      vertex 24.1894 11.298 12
      vertex 24.8727 8.83717 12
    endloop
  endfacet
  facet normal 0 0 1
    outer loop
      vertex 24.1894 11.298 12
      vertex 25.3097 9.40305 12
      vertex 24.5456 11.2477 12
    endloop
  endfacet
  facet normal 0 0 1
    outer loop
      vertex 23.8366 11.3388 12
      vertex 24.8727 8.83717 12
      vertex 24.1894 11.298 12
    endloop
  endfacet
  facet normal 0 0 1
    outer loop
      vertex 24.8727 8.83717 12
      vertex 23.8366 11.3388 12
      vertex 24.6471 8.56714 12
    endloop
  endfacet
  facet normal 0 0 1
    outer loop
      vertex 23.4859 11.3702 12
      vertex 24.6471 8.56714 12
      vertex 23.8366 11.3388 12
    endloop
  endfacet
  facet normal 0 0 1
    outer loop
      vertex 24.6471 8.56714 12
      vertex 23.4859 11.3702 12
      vertex 24.4176 8.3069 12
    endloop
  endfacet
  facet normal 0 0 1
    outer loop
      vertex 23.1393 11.392 12
      vertex 24.4176 8.3069 12
      vertex 23.4859 11.3702 12
    endloop
  endfacet
  facet normal 0 0 1
    outer loop
      vertex 24.4176 8.3069 12
      vertex 23.1393 11.392 12
      vertex 24.1832 8.05544 12
    endloop
  endfacet
  facet normal 0 0 1
    outer loop
      vertex 22.7965 11.404 12
      vertex 24.1832 8.05544 12
      vertex 23.1393 11.392 12
    endloop
  endfacet
  facet normal 0 0 1
    outer loop
      vertex 24.1832 8.05544 12
      vertex 22.7965 11.404 12
      vertex 23.9449 7.81407 12
    endloop
  endfacet
  facet normal 0 0 1
    outer loop
      vertex 22.4569 11.4062 12
      vertex 23.9449 7.81407 12
      vertex 22.7965 11.404 12
    endloop
  endfacet
  facet normal 0 0 1
    outer loop
      vertex 23.9449 7.81407 12
      vertex 22.4569 11.4062 12
      vertex 23.7018 7.58221 12
    endloop
  endfacet
  facet normal -0 0 1
    outer loop
      vertex 22.1213 11.3982 12
      vertex 23.7018 7.58221 12
      vertex 22.4569 11.4062 12
    endloop
  endfacet
  facet normal 0 0 1
    outer loop
      vertex 23.7018 7.58221 12
      vertex 22.1213 11.3982 12
      vertex 23.4553 7.36171 12
    endloop
  endfacet
  facet normal -0 0 1
    outer loop
      vertex 21.7906 11.3799 12
      vertex 23.4553 7.36171 12
      vertex 22.1213 11.3982 12
    endloop
  endfacet
  facet normal 0 0 1
    outer loop
      vertex 23.4553 7.36171 12
      vertex 21.7906 11.3799 12
      vertex 23.2042 7.15176 12
    endloop
  endfacet
  facet normal -0 0 1
    outer loop
      vertex 21.4648 11.3507 12
      vertex 23.2042 7.15176 12
      vertex 21.7906 11.3799 12
    endloop
  endfacet
  facet normal 0 0 1
    outer loop
      vertex 23.2042 7.15176 12
      vertex 21.4648 11.3507 12
      vertex 22.9489 6.9536 12
    endloop
  endfacet
  facet normal -0 0 1
    outer loop
      vertex 21.1442 11.3103 12
      vertex 22.9489 6.9536 12
      vertex 21.4648 11.3507 12
    endloop
  endfacet
  facet normal 0 0 1
    outer loop
      vertex 22.9489 6.9536 12
      vertex 21.1442 11.3103 12
      vertex 22.6891 6.76797 12
    endloop
  endfacet
  facet normal -0 0 1
    outer loop
      vertex 20.8295 11.258 12
      vertex 22.6891 6.76797 12
      vertex 21.1442 11.3103 12
    endloop
  endfacet
  facet normal 0 0 1
    outer loop
      vertex 22.6891 6.76797 12
      vertex 20.8295 11.258 12
      vertex 22.4249 6.59621 12
    endloop
  endfacet
  facet normal -0 0 1
    outer loop
      vertex 20.521 11.1926 12
      vertex 22.4249 6.59621 12
      vertex 20.8295 11.258 12
    endloop
  endfacet
  facet normal 0 0 1
    outer loop
      vertex 22.4249 6.59621 12
      vertex 20.521 11.1926 12
      vertex 22.1559 6.44044 12
    endloop
  endfacet
  facet normal -0 0 1
    outer loop
      vertex 20.2206 11.1125 12
      vertex 22.1559 6.44044 12
      vertex 20.521 11.1926 12
    endloop
  endfacet
  facet normal 0 0 1
    outer loop
      vertex 22.1559 6.44044 12
      vertex 20.2206 11.1125 12
      vertex 21.8808 6.30408 12
    endloop
  endfacet
  facet normal 0 0 1
    outer loop
      vertex 21.8808 6.30408 12
      vertex 20.2206 11.1125 12
      vertex 21.5959 6.20113 12
    endloop
  endfacet
  facet normal -0 0 1
    outer loop
      vertex 19.9297 11.0144 12
      vertex 21.5959 6.20113 12
      vertex 20.2206 11.1125 12
    endloop
  endfacet
  facet normal -0 0 1
    outer loop
      vertex 19.6556 10.8858 12
      vertex 21.5959 6.20113 12
      vertex 19.9297 11.0144 12
    endloop
  endfacet
  facet normal 0 0 1
    outer loop
      vertex 21.5959 6.20113 12
      vertex 19.6556 10.8858 12
      vertex 20.0262 5.7504 12
    endloop
  endfacet
  facet normal -0 0 1
    outer loop
      vertex 18.2268 10.0945 12
      vertex 20.0262 5.7504 12
      vertex 19.6556 10.8858 12
    endloop
  endfacet
  facet normal 0 0 1
    outer loop
      vertex 20.0262 5.7504 12
      vertex 18.2268 10.0945 12
      vertex 19.9805 5.73524 12
    endloop
  endfacet
  facet normal -0 0 1
    outer loop
      vertex 18.1919 10.0766 12
      vertex 19.9805 5.73524 12
      vertex 18.2268 10.0945 12
    endloop
  endfacet
  facet normal -0 0 1
    outer loop
      vertex 18.1558 10.0611 12
      vertex 19.9805 5.73524 12
      vertex 18.1919 10.0766 12
    endloop
  endfacet
  facet normal 0 0 1
    outer loop
      vertex 19.9805 5.73524 12
      vertex 18.1558 10.0611 12
      vertex 19.9442 5.72023 12
    endloop
  endfacet
  facet normal -0 0 1
    outer loop
      vertex 18.1188 10.0479 12
      vertex 19.9442 5.72023 12
      vertex 18.1558 10.0611 12
    endloop
  endfacet
  facet normal 0 0 1
    outer loop
      vertex 19.9442 5.72023 12
      vertex 18.1188 10.0479 12
      vertex 19.909 5.70287 12
    endloop
  endfacet
  facet normal -0 0 1
    outer loop
      vertex 18.0811 10.0372 12
      vertex 19.909 5.70287 12
      vertex 18.1188 10.0479 12
    endloop
  endfacet
  facet normal 0 0 1
    outer loop
      vertex 19.909 5.70287 12
      vertex 18.0811 10.0372 12
      vertex 19.875 5.68323 12
    endloop
  endfacet
  facet normal -0 0 1
    outer loop
      vertex 18.0427 10.0289 12
      vertex 19.875 5.68323 12
      vertex 18.0811 10.0372 12
    endloop
  endfacet
  facet normal 0 0 1
    outer loop
      vertex 19.875 5.68323 12
      vertex 18.0427 10.0289 12
      vertex 19.8423 5.66141 12
    endloop
  endfacet
  facet normal -0 0 1
    outer loop
      vertex 18.0038 10.0232 12
      vertex 19.8423 5.66141 12
      vertex 18.0427 10.0289 12
    endloop
  endfacet
  facet normal 0 0 1
    outer loop
      vertex 19.8423 5.66141 12
      vertex 18.0038 10.0232 12
      vertex 19.8112 5.63751 12
    endloop
  endfacet
  facet normal -0 0 1
    outer loop
      vertex 17.9647 10.0201 12
      vertex 19.8112 5.63751 12
      vertex 18.0038 10.0232 12
    endloop
  endfacet
  facet normal 0 0 1
    outer loop
      vertex 19.8112 5.63751 12
      vertex 17.9647 10.0201 12
      vertex 19.7816 5.61162 12
    endloop
  endfacet
  facet normal -0 0 1
    outer loop
      vertex 17.9254 10.0195 12
      vertex 19.7816 5.61162 12
      vertex 17.9647 10.0201 12
    endloop
  endfacet
  facet normal 0 0 1
    outer loop
      vertex 19.7816 5.61162 12
      vertex 17.9254 10.0195 12
      vertex 19.7539 5.58386 12
    endloop
  endfacet
  facet normal 0 0 1
    outer loop
      vertex 17.8862 10.0215 12
      vertex 19.7539 5.58386 12
      vertex 17.9254 10.0195 12
    endloop
  endfacet
  facet normal 0 0 1
    outer loop
      vertex 19.7539 5.58386 12
      vertex 17.8862 10.0215 12
      vertex 19.728 5.55434 12
    endloop
  endfacet
  facet normal 0 0 1
    outer loop
      vertex 17.5044 10.2028 12
      vertex 19.5921 5.15407 12
      vertex 19.5921 5.19334 12
    endloop
  endfacet
  facet normal 0 0 1
    outer loop
      vertex 19.728 5.55434 12
      vertex 17.8472 10.026 12
      vertex 19.7041 5.52319 12
    endloop
  endfacet
  facet normal 0 0 1
    outer loop
      vertex 17.8472 10.026 12
      vertex 19.728 5.55434 12
      vertex 17.8862 10.0215 12
    endloop
  endfacet
  facet normal 0 0 1
    outer loop
      vertex 26.6719 1.18092 12
      vertex 26.9815 -0.998322 12
      vertex 26.9815 0.998322 12
    endloop
  endfacet
  facet normal 0 0 1
    outer loop
      vertex 26.6719 1.18092 12
      vertex 26.6719 -1.18092 12
      vertex 26.9815 -0.998322 12
    endloop
  endfacet
  facet normal 0 0 1
    outer loop
      vertex 26.3613 1.35384 12
      vertex 26.6719 -1.18092 12
      vertex 26.6719 1.18092 12
    endloop
  endfacet
  facet normal 0 0 1
    outer loop
      vertex 26.3613 1.35384 12
      vertex 26.3613 -1.35384 12
      vertex 26.6719 -1.18092 12
    endloop
  endfacet
  facet normal 0 0 1
    outer loop
      vertex 26.0492 1.51715 12
      vertex 26.3613 -1.35384 12
      vertex 26.3613 1.35384 12
    endloop
  endfacet
  facet normal 0 0 1
    outer loop
      vertex 26.0492 1.51715 12
      vertex 26.0492 -1.51715 12
      vertex 26.3613 -1.35384 12
    endloop
  endfacet
  facet normal 0 0 1
    outer loop
      vertex 25.7377 1.66971 12
      vertex 26.0492 -1.51715 12
      vertex 26.0492 1.51715 12
    endloop
  endfacet
  facet normal 0 0 1
    outer loop
      vertex 25.7377 1.66971 12
      vertex 25.7377 -1.66971 12
      vertex 26.0492 -1.51715 12
    endloop
  endfacet
  facet normal 0 0 1
    outer loop
      vertex 25.4252 1.81219 12
      vertex 25.7377 -1.66971 12
      vertex 25.7377 1.66971 12
    endloop
  endfacet
  facet normal 0 0 1
    outer loop
      vertex 25.4252 1.81219 12
      vertex 25.4252 -1.81219 12
      vertex 25.7377 -1.66971 12
    endloop
  endfacet
  facet normal 0 0 1
    outer loop
      vertex 25.1126 1.94403 12
      vertex 25.4252 -1.81219 12
      vertex 25.4252 1.81219 12
    endloop
  endfacet
  facet normal 0 0 1
    outer loop
      vertex 25.1126 1.94403 12
      vertex 25.1126 -1.94403 12
      vertex 25.4252 -1.81219 12
    endloop
  endfacet
  facet normal 0 0 1
    outer loop
      vertex 24.7995 2.06508 12
      vertex 25.1126 -1.94403 12
      vertex 25.1126 1.94403 12
    endloop
  endfacet
  facet normal 0 0 1
    outer loop
      vertex 24.7995 2.06508 12
      vertex 24.7995 -2.06508 12
      vertex 25.1126 -1.94403 12
    endloop
  endfacet
  facet normal 0 0 1
    outer loop
      vertex 24.4868 2.17474 12
      vertex 24.7995 -2.06508 12
      vertex 24.7995 2.06508 12
    endloop
  endfacet
  facet normal 0 0 1
    outer loop
      vertex 24.4868 2.17474 12
      vertex 24.4868 -2.17474 12
      vertex 24.7995 -2.06508 12
    endloop
  endfacet
  facet normal 0 0 1
    outer loop
      vertex 24.1748 2.27245 12
      vertex 24.4868 -2.17474 12
      vertex 24.4868 2.17474 12
    endloop
  endfacet
  facet normal 0 0 1
    outer loop
      vertex 24.1748 2.27245 12
      vertex 24.1748 -2.27245 12
      vertex 24.4868 -2.17474 12
    endloop
  endfacet
  facet normal 0 0 1
    outer loop
      vertex 23.8626 2.35797 12
      vertex 24.1748 -2.27245 12
      vertex 24.1748 2.27245 12
    endloop
  endfacet
  facet normal 0 0 1
    outer loop
      vertex 23.8626 2.35797 12
      vertex 23.8626 -2.35797 12
      vertex 24.1748 -2.27245 12
    endloop
  endfacet
  facet normal 0 0 1
    outer loop
      vertex 23.5521 2.42996 12
      vertex 23.8626 -2.35797 12
      vertex 23.8626 2.35797 12
    endloop
  endfacet
  facet normal 0 0 1
    outer loop
      vertex 23.5521 2.42996 12
      vertex 23.5521 -2.42996 12
      vertex 23.8626 -2.35797 12
    endloop
  endfacet
  facet normal 0 0 1
    outer loop
      vertex 23.2423 2.4875 12
      vertex 23.5521 -2.42996 12
      vertex 23.5521 2.42996 12
    endloop
  endfacet
  facet normal 0 0 1
    outer loop
      vertex 23.2423 2.4875 12
      vertex 23.2423 -2.4875 12
      vertex 23.5521 -2.42996 12
    endloop
  endfacet
  facet normal 0 0 1
    outer loop
      vertex 22.9339 2.52852 12
      vertex 23.2423 -2.4875 12
      vertex 23.2423 2.4875 12
    endloop
  endfacet
  facet normal 0 0 1
    outer loop
      vertex 22.9339 2.52852 12
      vertex 22.9339 -2.52852 12
      vertex 23.2423 -2.4875 12
    endloop
  endfacet
  facet normal 0 0 1
    outer loop
      vertex 22.6277 2.54919 12
      vertex 22.9339 -2.52852 12
      vertex 22.9339 2.52852 12
    endloop
  endfacet
  facet normal 0 0 1
    outer loop
      vertex 22.6277 2.54919 12
      vertex 22.6277 -2.54919 12
      vertex 22.9339 -2.52852 12
    endloop
  endfacet
  facet normal -0 0 1
    outer loop
      vertex 22.3252 2.53534 12
      vertex 22.6277 -2.54919 12
      vertex 22.6277 2.54919 12
    endloop
  endfacet
  facet normal 0 0 1
    outer loop
      vertex 22.3252 2.53534 12
      vertex 22.3252 -2.53534 12
      vertex 22.6277 -2.54919 12
    endloop
  endfacet
  facet normal -0 0 1
    outer loop
      vertex 20.7024 2.35103 12
      vertex 22.3252 -2.53534 12
      vertex 22.3252 2.53534 12
    endloop
  endfacet
  facet normal 0 0 1
    outer loop
      vertex 20.7024 2.35103 12
      vertex 20.7024 -2.35103 12
      vertex 22.3252 -2.53534 12
    endloop
  endfacet
  facet normal -0 0 1
    outer loop
      vertex 20.6632 2.34787 12
      vertex 20.7024 -2.35103 12
      vertex 20.7024 2.35103 12
    endloop
  endfacet
  facet normal 0 0 1
    outer loop
      vertex 20.6632 2.34787 12
      vertex 20.6543 -2.3475 12
      vertex 20.7024 -2.35103 12
    endloop
  endfacet
  facet normal -0 0 1
    outer loop
      vertex 20.624 2.34729 12
      vertex 20.6543 -2.3475 12
      vertex 20.6632 2.34787 12
    endloop
  endfacet
  facet normal 0 0 1
    outer loop
      vertex 20.624 2.34729 12
      vertex 20.615 -2.3475 12
      vertex 20.6543 -2.3475 12
    endloop
  endfacet
  facet normal 0 0 1
    outer loop
      vertex 20.5848 2.34927 12
      vertex 20.615 -2.3475 12
      vertex 20.624 2.34729 12
    endloop
  endfacet
  facet normal 0 0 1
    outer loop
      vertex 20.5848 2.34927 12
      vertex 20.5759 -2.35008 12
      vertex 20.615 -2.3475 12
    endloop
  endfacet
  facet normal 0 0 1
    outer loop
      vertex 20.5458 2.35381 12
      vertex 20.5759 -2.35008 12
      vertex 20.5848 2.34927 12
    endloop
  endfacet
  facet normal 0 0 1
    outer loop
      vertex 20.5458 2.35381 12
      vertex 20.5369 -2.35521 12
      vertex 20.5759 -2.35008 12
    endloop
  endfacet
  facet normal 0 0 1
    outer loop
      vertex 20.5072 2.3609 12
      vertex 20.5369 -2.35521 12
      vertex 20.5458 2.35381 12
    endloop
  endfacet
  facet normal 0 0 1
    outer loop
      vertex 20.5072 2.3609 12
      vertex 20.4984 -2.36287 12
      vertex 20.5369 -2.35521 12
    endloop
  endfacet
  facet normal 0 0 1
    outer loop
      vertex 20.4691 2.3705 12
      vertex 20.4984 -2.36287 12
      vertex 20.5072 2.3609 12
    endloop
  endfacet
  facet normal 0 0 1
    outer loop
      vertex 20.4691 2.3705 12
      vertex 20.4605 -2.37303 12
      vertex 20.4984 -2.36287 12
    endloop
  endfacet
  facet normal 0 0 1
    outer loop
      vertex 20.4317 2.38255 12
      vertex 20.4605 -2.37303 12
      vertex 20.4691 2.3705 12
    endloop
  endfacet
  facet normal 0 0 1
    outer loop
      vertex 20.4317 2.38255 12
      vertex 20.4233 -2.38565 12
      vertex 20.4605 -2.37303 12
    endloop
  endfacet
  facet normal 0 0 1
    outer loop
      vertex 20.3952 2.39703 12
      vertex 20.4233 -2.38565 12
      vertex 20.4317 2.38255 12
    endloop
  endfacet
  facet normal 0 0 1
    outer loop
      vertex 20.3952 2.39703 12
      vertex 20.387 -2.40068 12
      vertex 20.4233 -2.38565 12
    endloop
  endfacet
  facet normal 0 0 1
    outer loop
      vertex 20.3598 2.41388 12
      vertex 20.387 -2.40068 12
      vertex 20.3952 2.39703 12
    endloop
  endfacet
  facet normal 0 0 1
    outer loop
      vertex 20.3598 2.41388 12
      vertex 20.3518 -2.41805 12
      vertex 20.387 -2.40068 12
    endloop
  endfacet
  facet normal 0 0 1
    outer loop
      vertex 20.3255 2.433 12
      vertex 20.3518 -2.41805 12
      vertex 20.3598 2.41388 12
    endloop
  endfacet
  facet normal 0 0 1
    outer loop
      vertex 20.3255 2.433 12
      vertex 20.3178 -2.43767 12
      vertex 20.3518 -2.41805 12
    endloop
  endfacet
  facet normal 0 0 1
    outer loop
      vertex 20.2925 2.45433 12
      vertex 20.3178 -2.43767 12
      vertex 20.3255 2.433 12
    endloop
  endfacet
  facet normal 0 0 1
    outer loop
      vertex 20.2925 2.45433 12
      vertex 20.2852 -2.45949 12
      vertex 20.3178 -2.43767 12
    endloop
  endfacet
  facet normal 0 0 1
    outer loop
      vertex 20.261 2.47775 12
      vertex 20.2852 -2.45949 12
      vertex 20.2925 2.45433 12
    endloop
  endfacet
  facet normal 0 0 1
    outer loop
      vertex 20.261 2.47775 12
      vertex 20.254 -2.48338 12
      vertex 20.2852 -2.45949 12
    endloop
  endfacet
  facet normal 0 0 1
    outer loop
      vertex 20.2311 2.5032 12
      vertex 20.254 -2.48338 12
      vertex 20.261 2.47775 12
    endloop
  endfacet
  facet normal 0 0 1
    outer loop
      vertex 20.2311 2.5032 12
      vertex 20.2245 -2.50928 12
      vertex 20.254 -2.48338 12
    endloop
  endfacet
  facet normal 0 0 1
    outer loop
      vertex 20.2029 2.53055 12
      vertex 20.2245 -2.50928 12
      vertex 20.2311 2.5032 12
    endloop
  endfacet
  facet normal 0 0 1
    outer loop
      vertex 20.2029 2.53055 12
      vertex 20.1967 -2.53703 12
      vertex 20.2245 -2.50928 12
    endloop
  endfacet
  facet normal 0 0 1
    outer loop
      vertex 20.1766 2.55968 12
      vertex 20.1967 -2.53703 12
      vertex 20.2029 2.53055 12
    endloop
  endfacet
  facet normal 0 0 1
    outer loop
      vertex 20.1766 2.55968 12
      vertex 20.1709 -2.56656 12
      vertex 20.1967 -2.53703 12
    endloop
  endfacet
  facet normal 0 0 1
    outer loop
      vertex 20.1522 2.59047 12
      vertex 20.1709 -2.56656 12
      vertex 20.1766 2.55968 12
    endloop
  endfacet
  facet normal 0 0 1
    outer loop
      vertex 20.1522 2.59047 12
      vertex 20.147 -2.5977 12
      vertex 20.1709 -2.56656 12
    endloop
  endfacet
  facet normal 0 0 1
    outer loop
      vertex 20.1299 2.62279 12
      vertex 20.147 -2.5977 12
      vertex 20.1522 2.59047 12
    endloop
  endfacet
  facet normal 0 0 1
    outer loop
      vertex 20.1299 2.62279 12
      vertex 20.1252 -2.63036 12
      vertex 20.147 -2.5977 12
    endloop
  endfacet
  facet normal 0 0 1
    outer loop
      vertex 20.1098 2.65649 12
      vertex 20.1252 -2.63036 12
      vertex 20.1299 2.62279 12
    endloop
  endfacet
  facet normal 0 0 1
    outer loop
      vertex 20.1098 2.65649 12
      vertex 20.1055 -2.66435 12
      vertex 20.1252 -2.63036 12
    endloop
  endfacet
  facet normal 0 0 1
    outer loop
      vertex 20.0919 2.69144 12
      vertex 20.1055 -2.66435 12
      vertex 20.1098 2.65649 12
    endloop
  endfacet
  facet normal 0 0 1
    outer loop
      vertex 20.0919 2.69144 12
      vertex 20.0882 -2.69957 12
      vertex 20.1055 -2.66435 12
    endloop
  endfacet
  facet normal 0 0 1
    outer loop
      vertex 20.0763 2.72749 12
      vertex 20.0882 -2.69957 12
      vertex 20.0919 2.69144 12
    endloop
  endfacet
  facet normal 0 0 1
    outer loop
      vertex 20.0763 2.72749 12
      vertex 20.0731 -2.73584 12
      vertex 20.0882 -2.69957 12
    endloop
  endfacet
  facet normal 0 0 1
    outer loop
      vertex 20.0632 2.76448 12
      vertex 20.0731 -2.73584 12
      vertex 20.0763 2.72749 12
    endloop
  endfacet
  facet normal 0 0 1
    outer loop
      vertex 20.0632 2.76448 12
      vertex 20.0605 -2.77303 12
      vertex 20.0731 -2.73584 12
    endloop
  endfacet
  facet normal 0 0 1
    outer loop
      vertex 20.0524 2.80225 12
      vertex 20.0605 -2.77303 12
      vertex 20.0632 2.76448 12
    endloop
  endfacet
  facet normal 0 0 1
    outer loop
      vertex 20.0524 2.80225 12
      vertex 20.0503 -2.81094 12
      vertex 20.0605 -2.77303 12
    endloop
  endfacet
  facet normal 0 0 1
    outer loop
      vertex 20.0427 2.84946 12
      vertex 20.0503 -2.81094 12
      vertex 20.0524 2.80225 12
    endloop
  endfacet
  facet normal 0 0 1
    outer loop
      vertex 20.0427 2.84946 12
      vertex 20.0427 -2.84946 12
      vertex 20.0503 -2.81094 12
    endloop
  endfacet
  facet normal 0 0 1
    outer loop
      vertex 19.6075 5.03746 12
      vertex 20.0427 2.84946 12
      vertex 19.8609 3.95056 12
    endloop
  endfacet
  facet normal 0 0 1
    outer loop
      vertex 20.0427 2.84946 12
      vertex 19.6075 5.03746 12
      vertex 20.0427 -2.84946 12
    endloop
  endfacet
  facet normal 0 0 1
    outer loop
      vertex 19.6075 -5.03746 12
      vertex 20.0427 -2.84946 12
      vertex 19.6075 5.03746 12
    endloop
  endfacet
  facet normal 0 0 1
    outer loop
      vertex 20.0427 -2.84946 12
      vertex 19.6075 -5.03746 12
      vertex 19.8609 -3.95056 12
    endloop
  endfacet
  facet normal 0 0 1
    outer loop
      vertex 19.5998 5.07597 12
      vertex 19.6075 -5.03746 12
      vertex 19.6075 5.03746 12
    endloop
  endfacet
  facet normal 0 0 1
    outer loop
      vertex 19.5998 5.07597 12
      vertex 19.5984 -5.08481 12
      vertex 19.6075 -5.03746 12
    endloop
  endfacet
  facet normal 0 0 1
    outer loop
      vertex 19.5947 5.1149 12
      vertex 19.5984 -5.08481 12
      vertex 19.5998 5.07597 12
    endloop
  endfacet
  facet normal 0 0 1
    outer loop
      vertex 19.5947 5.1149 12
      vertex 19.5939 -5.12381 12
      vertex 19.5984 -5.08481 12
    endloop
  endfacet
  facet normal 0 0 1
    outer loop
      vertex 19.5921 5.15407 12
      vertex 19.5939 -5.12381 12
      vertex 19.5947 5.1149 12
    endloop
  endfacet
  facet normal 0 0 1
    outer loop
      vertex 19.5939 -5.12381 12
      vertex 19.5921 5.15407 12
      vertex 19.5919 -5.16301 12
    endloop
  endfacet
  facet normal 0 0 1
    outer loop
      vertex 24.1894 -11.298 12
      vertex 25.0933 -9.11551 12
      vertex 24.8727 -8.83717 12
    endloop
  endfacet
  facet normal 0 0 1
    outer loop
      vertex 23.8366 -11.3388 12
      vertex 24.8727 -8.83717 12
      vertex 24.6471 -8.56714 12
    endloop
  endfacet
  facet normal 0 0 1
    outer loop
      vertex 25.0933 -9.11551 12
      vertex 24.1894 -11.298 12
      vertex 25.3097 -9.40305 12
    endloop
  endfacet
  facet normal 0 0 1
    outer loop
      vertex 23.4859 -11.3702 12
      vertex 24.6471 -8.56714 12
      vertex 24.4176 -8.3069 12
    endloop
  endfacet
  facet normal 0 0 1
    outer loop
      vertex 25.3097 -9.40305 12
      vertex 24.1894 -11.298 12
      vertex 24.5456 -11.2477 12
    endloop
  endfacet
  facet normal 0 0 1
    outer loop
      vertex 23.1393 -11.392 12
      vertex 24.4176 -8.3069 12
      vertex 24.1832 -8.05544 12
    endloop
  endfacet
  facet normal 0 0 1
    outer loop
      vertex 22.7965 -11.404 12
      vertex 24.1832 -8.05544 12
      vertex 23.9449 -7.81407 12
    endloop
  endfacet
  facet normal 0 0 1
    outer loop
      vertex 24.8727 -8.83717 12
      vertex 23.8366 -11.3388 12
      vertex 24.1894 -11.298 12
    endloop
  endfacet
  facet normal 0 0 1
    outer loop
      vertex 22.4569 -11.4062 12
      vertex 23.9449 -7.81407 12
      vertex 23.7018 -7.58221 12
    endloop
  endfacet
  facet normal 0 0 1
    outer loop
      vertex 24.6471 -8.56714 12
      vertex 23.4859 -11.3702 12
      vertex 23.8366 -11.3388 12
    endloop
  endfacet
  facet normal 0 0 1
    outer loop
      vertex 22.1213 -11.3982 12
      vertex 23.7018 -7.58221 12
      vertex 23.4553 -7.36171 12
    endloop
  endfacet
  facet normal 0 0 1
    outer loop
      vertex 21.7906 -11.3799 12
      vertex 23.4553 -7.36171 12
      vertex 23.2042 -7.15176 12
    endloop
  endfacet
  facet normal 0 0 1
    outer loop
      vertex 24.4176 -8.3069 12
      vertex 23.1393 -11.392 12
      vertex 23.4859 -11.3702 12
    endloop
  endfacet
  facet normal 0 0 1
    outer loop
      vertex 21.4648 -11.3507 12
      vertex 23.2042 -7.15176 12
      vertex 22.9489 -6.9536 12
    endloop
  endfacet
  facet normal 0 0 1
    outer loop
      vertex 24.1832 -8.05544 12
      vertex 22.7965 -11.404 12
      vertex 23.1393 -11.392 12
    endloop
  endfacet
  facet normal 0 0 1
    outer loop
      vertex 21.1442 -11.3103 12
      vertex 22.9489 -6.9536 12
      vertex 22.6891 -6.76797 12
    endloop
  endfacet
  facet normal 0 0 1
    outer loop
      vertex 23.9449 -7.81407 12
      vertex 22.4569 -11.4062 12
      vertex 22.7965 -11.404 12
    endloop
  endfacet
  facet normal 0 0 1
    outer loop
      vertex 20.8295 -11.258 12
      vertex 22.6891 -6.76797 12
      vertex 22.4249 -6.59621 12
    endloop
  endfacet
  facet normal 0 0 1
    outer loop
      vertex 20.521 -11.1926 12
      vertex 22.4249 -6.59621 12
      vertex 22.1559 -6.44044 12
    endloop
  endfacet
  facet normal 0 0 1
    outer loop
      vertex 23.7018 -7.58221 12
      vertex 22.1213 -11.3982 12
      vertex 22.4569 -11.4062 12
    endloop
  endfacet
  facet normal 0 0 1
    outer loop
      vertex 20.2206 -11.1125 12
      vertex 22.1559 -6.44044 12
      vertex 21.8808 -6.30408 12
    endloop
  endfacet
  facet normal 0 0 1
    outer loop
      vertex 23.4553 -7.36171 12
      vertex 21.7906 -11.3799 12
      vertex 22.1213 -11.3982 12
    endloop
  endfacet
  facet normal 0 0 1
    outer loop
      vertex 20.2206 -11.1125 12
      vertex 21.8808 -6.30408 12
      vertex 21.5959 -6.20113 12
    endloop
  endfacet
  facet normal 0 0 1
    outer loop
      vertex 23.2042 -7.15176 12
      vertex 21.4648 -11.3507 12
      vertex 21.7906 -11.3799 12
    endloop
  endfacet
  facet normal 0 0 1
    outer loop
      vertex 22.9489 -6.9536 12
      vertex 21.1442 -11.3103 12
      vertex 21.4648 -11.3507 12
    endloop
  endfacet
  facet normal 0 0 1
    outer loop
      vertex 22.6891 -6.76797 12
      vertex 20.8295 -11.258 12
      vertex 21.1442 -11.3103 12
    endloop
  endfacet
  facet normal 0 0 1
    outer loop
      vertex 22.4249 -6.59621 12
      vertex 20.521 -11.1926 12
      vertex 20.8295 -11.258 12
    endloop
  endfacet
  facet normal 0 0 1
    outer loop
      vertex 22.1559 -6.44044 12
      vertex 20.2206 -11.1125 12
      vertex 20.521 -11.1926 12
    endloop
  endfacet
  facet normal 0 0 1
    outer loop
      vertex 19.6556 -10.8858 12
      vertex 21.5959 -6.20113 12
      vertex 20.0262 -5.7504 12
    endloop
  endfacet
  facet normal 0 0 1
    outer loop
      vertex 18.2268 -10.0945 12
      vertex 20.0262 -5.7504 12
      vertex 19.9888 -5.73834 12
    endloop
  endfacet
  facet normal 0 0 1
    outer loop
      vertex 18.1837 -10.0729 12
      vertex 19.9888 -5.73834 12
      vertex 19.9523 -5.72386 12
    endloop
  endfacet
  facet normal 0 0 1
    outer loop
      vertex 21.5959 -6.20113 12
      vertex 19.9297 -11.0144 12
      vertex 20.2206 -11.1125 12
    endloop
  endfacet
  facet normal 0 0 1
    outer loop
      vertex 18.1475 -10.0579 12
      vertex 19.9523 -5.72386 12
      vertex 19.9169 -5.70702 12
    endloop
  endfacet
  facet normal 0 0 1
    outer loop
      vertex 18.1103 -10.0452 12
      vertex 19.9169 -5.70702 12
      vertex 19.8826 -5.6879 12
    endloop
  endfacet
  facet normal 0 0 1
    outer loop
      vertex 18.0724 -10.0351 12
      vertex 19.8826 -5.6879 12
      vertex 19.8496 -5.66656 12
    endloop
  endfacet
  facet normal 0 0 1
    outer loop
      vertex 18.0338 -10.0274 12
      vertex 19.8496 -5.66656 12
      vertex 19.8181 -5.64314 12
    endloop
  endfacet
  facet normal 0 0 1
    outer loop
      vertex 17.9949 -10.0223 12
      vertex 19.8181 -5.64314 12
      vertex 19.7882 -5.61769 12
    endloop
  endfacet
  facet normal 0 0 1
    outer loop
      vertex 17.9557 -10.0197 12
      vertex 19.7882 -5.61769 12
      vertex 19.7601 -5.59035 12
    endloop
  endfacet
  facet normal 0 0 1
    outer loop
      vertex 17.9165 -10.0197 12
      vertex 19.7601 -5.59035 12
      vertex 19.7337 -5.56122 12
    endloop
  endfacet
  facet normal 0 0 1
    outer loop
      vertex 17.8773 -10.0223 12
      vertex 19.7337 -5.56122 12
      vertex 19.7094 -5.53043 12
    endloop
  endfacet
  facet normal 0 0 1
    outer loop
      vertex 17.8384 -10.0274 12
      vertex 19.7094 -5.53043 12
      vertex 19.6871 -5.49811 12
    endloop
  endfacet
  facet normal 0 0 1
    outer loop
      vertex 17.7999 -10.0351 12
      vertex 19.6871 -5.49811 12
      vertex 19.6669 -5.4644 12
    endloop
  endfacet
  facet normal 0 0 1
    outer loop
      vertex 21.5959 -6.20113 12
      vertex 19.6556 -10.8858 12
      vertex 19.9297 -11.0144 12
    endloop
  endfacet
  facet normal 0 0 1
    outer loop
      vertex 17.7619 -10.0452 12
      vertex 19.6669 -5.4644 12
      vertex 19.649 -5.42944 12
    endloop
  endfacet
  facet normal 0 0 1
    outer loop
      vertex 17.7248 -10.0579 12
      vertex 19.649 -5.42944 12
      vertex 19.6335 -5.3934 12
    endloop
  endfacet
  facet normal 0 0 1
    outer loop
      vertex 17.6885 -10.0729 12
      vertex 19.6335 -5.3934 12
      vertex 19.6203 -5.35641 12
    endloop
  endfacet
  facet normal 0 0 1
    outer loop
      vertex 17.6533 -10.0902 12
      vertex 19.6203 -5.35641 12
      vertex 19.6096 -5.31865 12
    endloop
  endfacet
  facet normal 0 0 1
    outer loop
      vertex 17.6193 -10.1099 12
      vertex 19.6096 -5.31865 12
      vertex 19.6013 -5.28026 12
    endloop
  endfacet
  facet normal 0 0 1
    outer loop
      vertex 17.5866 -10.1317 12
      vertex 19.6013 -5.28026 12
      vertex 19.5956 -5.24141 12
    endloop
  endfacet
  facet normal 0 0 1
    outer loop
      vertex 17.5555 -10.1556 12
      vertex 19.5956 -5.24141 12
      vertex 19.5925 -5.20227 12
    endloop
  endfacet
  facet normal 0 0 1
    outer loop
      vertex 17.526 -10.1815 12
      vertex 19.5925 -5.20227 12
      vertex 19.5919 -5.16301 12
    endloop
  endfacet
  facet normal 0 0 1
    outer loop
      vertex 17.8086 10.0331 12
      vertex 19.7041 5.52319 12
      vertex 17.8472 10.026 12
    endloop
  endfacet
  facet normal 0 0 1
    outer loop
      vertex 20.0262 -5.7504 12
      vertex 18.2268 -10.0945 12
      vertex 19.6556 -10.8858 12
    endloop
  endfacet
  facet normal 0 0 1
    outer loop
      vertex 19.7041 5.52319 12
      vertex 17.8086 10.0331 12
      vertex 19.6823 5.49054 12
    endloop
  endfacet
  facet normal 0 0 1
    outer loop
      vertex 19.9888 -5.73834 12
      vertex 18.1837 -10.0729 12
      vertex 18.2268 -10.0945 12
    endloop
  endfacet
  facet normal 0 0 1
    outer loop
      vertex 17.7705 10.0427 12
      vertex 19.6823 5.49054 12
      vertex 17.8086 10.0331 12
    endloop
  endfacet
  facet normal 0 0 1
    outer loop
      vertex 19.9523 -5.72386 12
      vertex 18.1475 -10.0579 12
      vertex 18.1837 -10.0729 12
    endloop
  endfacet
  facet normal 0 0 1
    outer loop
      vertex 19.6823 5.49054 12
      vertex 17.7705 10.0427 12
      vertex 19.6626 5.45654 12
    endloop
  endfacet
  facet normal 0 0 1
    outer loop
      vertex 19.9169 -5.70702 12
      vertex 18.1103 -10.0452 12
      vertex 18.1475 -10.0579 12
    endloop
  endfacet
  facet normal 0 0 1
    outer loop
      vertex 17.7332 10.0548 12
      vertex 19.6626 5.45654 12
      vertex 17.7705 10.0427 12
    endloop
  endfacet
  facet normal 0 0 1
    outer loop
      vertex 19.8826 -5.6879 12
      vertex 18.0724 -10.0351 12
      vertex 18.1103 -10.0452 12
    endloop
  endfacet
  facet normal 0 0 1
    outer loop
      vertex 19.6626 5.45654 12
      vertex 17.7332 10.0548 12
      vertex 19.6453 5.42133 12
    endloop
  endfacet
  facet normal 0 0 1
    outer loop
      vertex 19.8496 -5.66656 12
      vertex 18.0338 -10.0274 12
      vertex 18.0724 -10.0351 12
    endloop
  endfacet
  facet normal 0 0 1
    outer loop
      vertex 17.6967 10.0692 12
      vertex 19.6453 5.42133 12
      vertex 17.7332 10.0548 12
    endloop
  endfacet
  facet normal 0 0 1
    outer loop
      vertex 19.8181 -5.64314 12
      vertex 17.9949 -10.0223 12
      vertex 18.0338 -10.0274 12
    endloop
  endfacet
  facet normal 0 0 1
    outer loop
      vertex 19.6453 5.42133 12
      vertex 17.6967 10.0692 12
      vertex 19.6303 5.38506 12
    endloop
  endfacet
  facet normal 0 0 1
    outer loop
      vertex 19.7882 -5.61769 12
      vertex 17.9557 -10.0197 12
      vertex 17.9949 -10.0223 12
    endloop
  endfacet
  facet normal 0 0 1
    outer loop
      vertex 17.6612 10.0861 12
      vertex 19.6303 5.38506 12
      vertex 17.6967 10.0692 12
    endloop
  endfacet
  facet normal 0 0 1
    outer loop
      vertex 19.7601 -5.59035 12
      vertex 17.9165 -10.0197 12
      vertex 17.9557 -10.0197 12
    endloop
  endfacet
  facet normal 0 0 1
    outer loop
      vertex 19.6303 5.38506 12
      vertex 17.6612 10.0861 12
      vertex 19.6176 5.34787 12
    endloop
  endfacet
  facet normal 0 0 1
    outer loop
      vertex 19.7337 -5.56122 12
      vertex 17.8773 -10.0223 12
      vertex 17.9165 -10.0197 12
    endloop
  endfacet
  facet normal 0 0 1
    outer loop
      vertex 17.6269 10.1052 12
      vertex 19.6176 5.34787 12
      vertex 17.6612 10.0861 12
    endloop
  endfacet
  facet normal 0 0 1
    outer loop
      vertex 19.7094 -5.53043 12
      vertex 17.8384 -10.0274 12
      vertex 17.8773 -10.0223 12
    endloop
  endfacet
  facet normal 0 0 1
    outer loop
      vertex 19.6176 5.34787 12
      vertex 17.6269 10.1052 12
      vertex 19.6075 5.30995 12
    endloop
  endfacet
  facet normal 0 0 1
    outer loop
      vertex 19.6871 -5.49811 12
      vertex 17.7999 -10.0351 12
      vertex 17.8384 -10.0274 12
    endloop
  endfacet
  facet normal 0 0 1
    outer loop
      vertex 17.5939 10.1265 12
      vertex 19.6075 5.30995 12
      vertex 17.6269 10.1052 12
    endloop
  endfacet
  facet normal 0 0 1
    outer loop
      vertex 19.6669 -5.4644 12
      vertex 17.7619 -10.0452 12
      vertex 17.7999 -10.0351 12
    endloop
  endfacet
  facet normal 0 0 1
    outer loop
      vertex 19.6075 5.30995 12
      vertex 17.5939 10.1265 12
      vertex 19.5998 5.27144 12
    endloop
  endfacet
  facet normal 0 0 1
    outer loop
      vertex 19.649 -5.42944 12
      vertex 17.7248 -10.0579 12
      vertex 17.7619 -10.0452 12
    endloop
  endfacet
  facet normal 0 0 1
    outer loop
      vertex 17.5624 10.15 12
      vertex 19.5998 5.27144 12
      vertex 17.5939 10.1265 12
    endloop
  endfacet
  facet normal 0 0 1
    outer loop
      vertex 19.6335 -5.3934 12
      vertex 17.6885 -10.0729 12
      vertex 17.7248 -10.0579 12
    endloop
  endfacet
  facet normal 0 0 1
    outer loop
      vertex 19.5998 5.27144 12
      vertex 17.5624 10.15 12
      vertex 19.5947 5.23251 12
    endloop
  endfacet
  facet normal 0 0 1
    outer loop
      vertex 19.6203 -5.35641 12
      vertex 17.6533 -10.0902 12
      vertex 17.6885 -10.0729 12
    endloop
  endfacet
  facet normal 0 0 1
    outer loop
      vertex 17.5325 10.1754 12
      vertex 19.5947 5.23251 12
      vertex 17.5624 10.15 12
    endloop
  endfacet
  facet normal 0 0 1
    outer loop
      vertex 19.6096 -5.31865 12
      vertex 17.6193 -10.1099 12
      vertex 17.6533 -10.0902 12
    endloop
  endfacet
  facet normal 0 0 1
    outer loop
      vertex 19.5947 5.23251 12
      vertex 17.5325 10.1754 12
      vertex 19.5921 5.19334 12
    endloop
  endfacet
  facet normal 0 0 1
    outer loop
      vertex 19.6013 -5.28026 12
      vertex 17.5866 -10.1317 12
      vertex 17.6193 -10.1099 12
    endloop
  endfacet
  facet normal 0 0 1
    outer loop
      vertex 17.5044 10.2028 12
      vertex 19.5921 5.19334 12
      vertex 17.5325 10.1754 12
    endloop
  endfacet
  facet normal 0 0 1
    outer loop
      vertex 19.5956 -5.24141 12
      vertex 17.5555 -10.1556 12
      vertex 17.5866 -10.1317 12
    endloop
  endfacet
  facet normal 0 0 1
    outer loop
      vertex 19.5921 5.15407 12
      vertex 17.5044 10.2028 12
      vertex 17.478 10.2319 12
    endloop
  endfacet
  facet normal 0 0 1
    outer loop
      vertex 19.5925 -5.20227 12
      vertex 17.526 -10.1815 12
      vertex 17.5555 -10.1556 12
    endloop
  endfacet
  facet normal 0 0 1
    outer loop
      vertex 19.5921 5.15407 12
      vertex 17.478 10.2319 12
      vertex 17.4537 10.2627 12
    endloop
  endfacet
  facet normal 0 0 1
    outer loop
      vertex 19.5919 -5.16301 12
      vertex 17.4982 -10.2092 12
      vertex 17.526 -10.1815 12
    endloop
  endfacet
  facet normal 0 0 1
    outer loop
      vertex 19.5921 5.15407 12
      vertex 17.4537 10.2627 12
      vertex 17.4266 10.3026 12
    endloop
  endfacet
  facet normal 0 0 1
    outer loop
      vertex 19.5919 -5.16301 12
      vertex 17.4723 -10.2388 12
      vertex 17.4982 -10.2092 12
    endloop
  endfacet
  facet normal 0 0 1
    outer loop
      vertex 19.5921 5.15407 12
      vertex 17.4266 10.3026 12
      vertex 19.5919 -5.16301 12
    endloop
  endfacet
  facet normal 0 0 1
    outer loop
      vertex 19.5919 -5.16301 12
      vertex 17.4484 -10.2699 12
      vertex 17.4723 -10.2388 12
    endloop
  endfacet
  facet normal 0 0 1
    outer loop
      vertex 17.4266 -10.3026 12
      vertex 19.5919 -5.16301 12
      vertex 17.4266 10.3026 12
    endloop
  endfacet
  facet normal 0 0 1
    outer loop
      vertex 19.5919 -5.16301 12
      vertex 17.4266 -10.3026 12
      vertex 17.4484 -10.2699 12
    endloop
  endfacet
  facet normal 0 0 1
    outer loop
      vertex 16.1872 12.1574 12
      vertex 17.4266 10.3026 12
      vertex 16.8372 11.2504 12
    endloop
  endfacet
  facet normal 0 0 1
    outer loop
      vertex 17.4266 10.3026 12
      vertex 16.1872 12.1574 12
      vertex 17.4266 -10.3026 12
    endloop
  endfacet
  facet normal 0 0 1
    outer loop
      vertex 16.1872 -12.1574 12
      vertex 17.4266 -10.3026 12
      vertex 16.1872 12.1574 12
    endloop
  endfacet
  facet normal 0 0 1
    outer loop
      vertex 17.4266 -10.3026 12
      vertex 16.1872 -12.1574 12
      vertex 16.8372 -11.2504 12
    endloop
  endfacet
  facet normal 0 0 1
    outer loop
      vertex 16.1654 12.1901 12
      vertex 16.1872 -12.1574 12
      vertex 16.1872 12.1574 12
    endloop
  endfacet
  facet normal 0 0 1
    outer loop
      vertex 16.1654 12.1901 12
      vertex 16.1607 -12.1977 12
      vertex 16.1872 -12.1574 12
    endloop
  endfacet
  facet normal 0 0 1
    outer loop
      vertex 16.1458 12.2241 12
      vertex 16.1607 -12.1977 12
      vertex 16.1654 12.1901 12
    endloop
  endfacet
  facet normal 0 0 1
    outer loop
      vertex 16.1458 12.2241 12
      vertex 16.1416 -12.232 12
      vertex 16.1607 -12.1977 12
    endloop
  endfacet
  facet normal 0 0 1
    outer loop
      vertex 16.1284 12.2593 12
      vertex 16.1416 -12.232 12
      vertex 16.1458 12.2241 12
    endloop
  endfacet
  facet normal 0 0 1
    outer loop
      vertex 16.1284 12.2593 12
      vertex 16.1248 -12.2675 12
      vertex 16.1416 -12.232 12
    endloop
  endfacet
  facet normal 0 0 1
    outer loop
      vertex 16.1134 12.2956 12
      vertex 16.1248 -12.2675 12
      vertex 16.1284 12.2593 12
    endloop
  endfacet
  facet normal 0 0 1
    outer loop
      vertex 16.1134 12.2956 12
      vertex 16.1103 -12.304 12
      vertex 16.1248 -12.2675 12
    endloop
  endfacet
  facet normal 0 0 1
    outer loop
      vertex 16.1007 12.3327 12
      vertex 16.1103 -12.304 12
      vertex 16.1134 12.2956 12
    endloop
  endfacet
  facet normal 0 0 1
    outer loop
      vertex 16.1007 12.3327 12
      vertex 16.0982 -12.3413 12
      vertex 16.1103 -12.304 12
    endloop
  endfacet
  facet normal 0 0 1
    outer loop
      vertex 16.0906 12.3707 12
      vertex 16.0982 -12.3413 12
      vertex 16.1007 12.3327 12
    endloop
  endfacet
  facet normal 0 0 1
    outer loop
      vertex 16.0906 12.3707 12
      vertex 16.0886 -12.3794 12
      vertex 16.0982 -12.3413 12
    endloop
  endfacet
  facet normal 0 0 1
    outer loop
      vertex 16.0829 12.4092 12
      vertex 16.0886 -12.3794 12
      vertex 16.0906 12.3707 12
    endloop
  endfacet
  facet normal 0 0 1
    outer loop
      vertex 16.0829 12.4092 12
      vertex 16.0815 -12.418 12
      vertex 16.0886 -12.3794 12
    endloop
  endfacet
  facet normal 0 0 1
    outer loop
      vertex 16.0778 12.4481 12
      vertex 16.0815 -12.418 12
      vertex 16.0829 12.4092 12
    endloop
  endfacet
  facet normal 0 0 1
    outer loop
      vertex 16.0778 12.4481 12
      vertex 16.077 -12.457 12
      vertex 16.0815 -12.418 12
    endloop
  endfacet
  facet normal 0 0 1
    outer loop
      vertex 16.0752 12.4873 12
      vertex 16.077 -12.457 12
      vertex 16.0778 12.4481 12
    endloop
  endfacet
  facet normal 0 0 1
    outer loop
      vertex 16.077 -12.457 12
      vertex 16.0752 12.4873 12
      vertex 16.075 -12.4962 12
    endloop
  endfacet
  facet normal 0 0 1
    outer loop
      vertex 18.0249 -19.6949 12
      vertex 19.6949 -18.0249 12
      vertex 19.5975 -17.6828 12
    endloop
  endfacet
  facet normal 0 0 1
    outer loop
      vertex 17.6828 -19.5975 12
      vertex 19.5975 -17.6828 12
      vertex 19.4925 -17.3472 12
    endloop
  endfacet
  facet normal 0 0 1
    outer loop
      vertex 17.3472 -19.4925 12
      vertex 19.4925 -17.3472 12
      vertex 19.3799 -17.0186 12
    endloop
  endfacet
  facet normal 0 0 1
    outer loop
      vertex 17.0186 -19.3799 12
      vertex 19.3799 -17.0186 12
      vertex 19.2596 -16.6967 12
    endloop
  endfacet
  facet normal 0 0 1
    outer loop
      vertex 16.6967 -19.2596 12
      vertex 19.2596 -16.6967 12
      vertex 19.1318 -16.3824 12
    endloop
  endfacet
  facet normal 0 0 1
    outer loop
      vertex 16.3824 -19.1318 12
      vertex 19.1318 -16.3824 12
      vertex 18.9961 -16.0756 12
    endloop
  endfacet
  facet normal 0 0 1
    outer loop
      vertex 16.0756 -18.9961 12
      vertex 18.9961 -16.0756 12
      vertex 18.8526 -15.7772 12
    endloop
  endfacet
  facet normal 0 0 1
    outer loop
      vertex 15.7772 -18.8526 12
      vertex 18.8526 -15.7772 12
      vertex 18.7009 -15.4871 12
    endloop
  endfacet
  facet normal 0 0 1
    outer loop
      vertex 15.4871 -18.7009 12
      vertex 18.7009 -15.4871 12
      vertex 18.541 -15.2066 12
    endloop
  endfacet
  facet normal 0 0 1
    outer loop
      vertex 19.3799 -17.0186 12
      vertex 17.0186 -19.3799 12
      vertex 17.3472 -19.4925 12
    endloop
  endfacet
  facet normal 0 0 1
    outer loop
      vertex 15.2066 -18.541 12
      vertex 18.541 -15.2066 12
      vertex 18.3719 -14.9354 12
    endloop
  endfacet
  facet normal 0 0 1
    outer loop
      vertex 14.9354 -18.3719 12
      vertex 18.3719 -14.9354 12
      vertex 18.1938 -14.676 12
    endloop
  endfacet
  facet normal 0 0 1
    outer loop
      vertex 19.7847 -18.3729 12
      vertex 18.0249 -19.6949 12
      vertex 18.3729 -19.7847 12
    endloop
  endfacet
  facet normal 0 0 1
    outer loop
      vertex 14.676 -18.1938 12
      vertex 18.1938 -14.676 12
      vertex 18.0046 -14.4287 12
    endloop
  endfacet
  facet normal 0 0 1
    outer loop
      vertex 14.4287 -18.0046 12
      vertex 18.0046 -14.4287 12
      vertex 17.8027 -14.1976 12
    endloop
  endfacet
  facet normal 0 0 1
    outer loop
      vertex 19.6949 -18.0249 12
      vertex 18.0249 -19.6949 12
      vertex 19.7847 -18.3729 12
    endloop
  endfacet
  facet normal 0 0 1
    outer loop
      vertex 14.4287 -18.0046 12
      vertex 17.8027 -14.1976 12
      vertex 17.579 -13.9935 12
    endloop
  endfacet
  facet normal 0 0 1
    outer loop
      vertex 19.5975 -17.6828 12
      vertex 17.6828 -19.5975 12
      vertex 18.0249 -19.6949 12
    endloop
  endfacet
  facet normal 0 0 1
    outer loop
      vertex 19.4925 -17.3472 12
      vertex 17.3472 -19.4925 12
      vertex 17.6828 -19.5975 12
    endloop
  endfacet
  facet normal 0 0 1
    outer loop
      vertex 19.2596 -16.6967 12
      vertex 16.6967 -19.2596 12
      vertex 17.0186 -19.3799 12
    endloop
  endfacet
  facet normal 0 0 1
    outer loop
      vertex 19.1318 -16.3824 12
      vertex 16.3824 -19.1318 12
      vertex 16.6967 -19.2596 12
    endloop
  endfacet
  facet normal 0 0 1
    outer loop
      vertex 13.9935 -17.579 12
      vertex 17.579 -13.9935 12
      vertex 16.3012 -12.9763 12
    endloop
  endfacet
  facet normal 0 0 1
    outer loop
      vertex 12.9763 -16.3012 12
      vertex 16.3012 -12.9763 12
      vertex 16.2713 -12.9509 12
    endloop
  endfacet
  facet normal 0 0 1
    outer loop
      vertex 12.9448 -16.2647 12
      vertex 16.2713 -12.9509 12
      vertex 16.2431 -12.9236 12
    endloop
  endfacet
  facet normal 0 0 1
    outer loop
      vertex 12.9171 -16.237 12
      vertex 16.2431 -12.9236 12
      vertex 16.2168 -12.8944 12
    endloop
  endfacet
  facet normal 0 0 1
    outer loop
      vertex 12.8876 -16.2111 12
      vertex 16.2168 -12.8944 12
      vertex 16.1924 -12.8636 12
    endloop
  endfacet
  facet normal 0 0 1
    outer loop
      vertex 12.8564 -16.1872 12
      vertex 16.1924 -12.8636 12
      vertex 16.1702 -12.8313 12
    endloop
  endfacet
  facet normal 0 0 1
    outer loop
      vertex 12.8238 -16.1654 12
      vertex 16.1702 -12.8313 12
      vertex 16.15 -12.7976 12
    endloop
  endfacet
  facet normal 0 0 1
    outer loop
      vertex 12.7898 -16.1457 12
      vertex 16.15 -12.7976 12
      vertex 16.1321 -12.7627 12
    endloop
  endfacet
  facet normal 0 0 1
    outer loop
      vertex 12.7545 -16.1284 12
      vertex 16.1321 -12.7627 12
      vertex 16.1166 -12.7266 12
    endloop
  endfacet
  facet normal 0 0 1
    outer loop
      vertex 12.7183 -16.1134 12
      vertex 16.1166 -12.7266 12
      vertex 16.1034 -12.6896 12
    endloop
  endfacet
  facet normal 0 0 1
    outer loop
      vertex 12.6811 -16.1007 12
      vertex 16.1034 -12.6896 12
      vertex 16.0927 -12.6519 12
    endloop
  endfacet
  facet normal 0 0 1
    outer loop
      vertex 12.6432 -16.0906 12
      vertex 16.0927 -12.6519 12
      vertex 16.0844 -12.6135 12
    endloop
  endfacet
  facet normal 0 0 1
    outer loop
      vertex 12.6047 -16.0829 12
      vertex 16.0844 -12.6135 12
      vertex 16.0787 -12.5746 12
    endloop
  endfacet
  facet normal 0 0 1
    outer loop
      vertex 18.9961 -16.0756 12
      vertex 16.0756 -18.9961 12
      vertex 16.3824 -19.1318 12
    endloop
  endfacet
  facet normal 0 0 1
    outer loop
      vertex 12.5657 -16.0778 12
      vertex 16.0787 -12.5746 12
      vertex 16.0756 -12.5355 12
    endloop
  endfacet
  facet normal 0 0 1
    outer loop
      vertex 12.5266 -16.0752 12
      vertex 16.0756 -12.5355 12
      vertex 16.075 -12.4962 12
    endloop
  endfacet
  facet normal -0 0 1
    outer loop
      vertex 12.7266 16.1166 12
      vertex 16.1284 12.7545 12
      vertex 12.7627 16.1321 12
    endloop
  endfacet
  facet normal 0 0 1
    outer loop
      vertex 16.1284 12.7545 12
      vertex 12.7266 16.1166 12
      vertex 16.1134 12.7183 12
    endloop
  endfacet
  facet normal 0 0 1
    outer loop
      vertex 16.2111 12.8876 12
      vertex 12.8636 16.1924 12
      vertex 16.1872 12.8564 12
    endloop
  endfacet
  facet normal 0 0 1
    outer loop
      vertex 16.2713 -12.9509 12
      vertex 12.9448 -16.2647 12
      vertex 12.9763 -16.3012 12
    endloop
  endfacet
  facet normal -0 0 1
    outer loop
      vertex 12.8313 16.1702 12
      vertex 16.1872 12.8564 12
      vertex 12.8636 16.1924 12
    endloop
  endfacet
  facet normal 0 0 1
    outer loop
      vertex 16.3012 -12.9763 12
      vertex 12.9763 -16.3012 12
      vertex 13.9935 -17.579 12
    endloop
  endfacet
  facet normal 0 0 1
    outer loop
      vertex 16.1872 12.8564 12
      vertex 12.8313 16.1702 12
      vertex 16.1654 12.8238 12
    endloop
  endfacet
  facet normal 0 0 1
    outer loop
      vertex 16.1457 12.7898 12
      vertex 12.7627 16.1321 12
      vertex 16.1284 12.7545 12
    endloop
  endfacet
  facet normal -0 0 1
    outer loop
      vertex 12.7976 16.15 12
      vertex 16.1654 12.8238 12
      vertex 12.8313 16.1702 12
    endloop
  endfacet
  facet normal 0 0 1
    outer loop
      vertex 18.8526 -15.7772 12
      vertex 15.7772 -18.8526 12
      vertex 16.0756 -18.9961 12
    endloop
  endfacet
  facet normal 0 0 1
    outer loop
      vertex 16.1654 12.8238 12
      vertex 12.7976 16.15 12
      vertex 16.1457 12.7898 12
    endloop
  endfacet
  facet normal 0 0 1
    outer loop
      vertex 18.541 -15.2066 12
      vertex 15.2066 -18.541 12
      vertex 15.4871 -18.7009 12
    endloop
  endfacet
  facet normal 0 0 1
    outer loop
      vertex 13.9935 17.579 12
      vertex 14.4287 18.0046 12
      vertex 14.1976 17.8027 12
    endloop
  endfacet
  facet normal 0 0 1
    outer loop
      vertex 18.3719 -14.9354 12
      vertex 14.9354 -18.3719 12
      vertex 15.2066 -18.541 12
    endloop
  endfacet
  facet normal -0 0 1
    outer loop
      vertex 12.7627 16.1321 12
      vertex 16.1457 12.7898 12
      vertex 12.7976 16.15 12
    endloop
  endfacet
  facet normal 0 0 1
    outer loop
      vertex 18.1938 -14.676 12
      vertex 14.676 -18.1938 12
      vertex 14.9354 -18.3719 12
    endloop
  endfacet
  facet normal 0 0 1
    outer loop
      vertex 18.0046 -14.4287 12
      vertex 14.4287 -18.0046 12
      vertex 14.676 -18.1938 12
    endloop
  endfacet
  facet normal 0 0 1
    outer loop
      vertex 14.4287 -18.0046 12
      vertex 13.9935 -17.579 12
      vertex 14.1976 -17.8027 12
    endloop
  endfacet
  facet normal 0 0 1
    outer loop
      vertex 17.579 -13.9935 12
      vertex 13.9935 -17.579 12
      vertex 14.4287 -18.0046 12
    endloop
  endfacet
  facet normal 0 0 1
    outer loop
      vertex 18.7009 -15.4871 12
      vertex 15.4871 -18.7009 12
      vertex 15.7772 -18.8526 12
    endloop
  endfacet
  facet normal -0 0 1
    outer loop
      vertex 12.6896 16.1034 12
      vertex 16.1134 12.7183 12
      vertex 12.7266 16.1166 12
    endloop
  endfacet
  facet normal 0 0 1
    outer loop
      vertex 16.2431 -12.9236 12
      vertex 12.9171 -16.237 12
      vertex 12.9448 -16.2647 12
    endloop
  endfacet
  facet normal 0 0 1
    outer loop
      vertex 16.1134 12.7183 12
      vertex 12.6896 16.1034 12
      vertex 16.1007 12.6811 12
    endloop
  endfacet
  facet normal 0 0 1
    outer loop
      vertex 16.2168 -12.8944 12
      vertex 12.8876 -16.2111 12
      vertex 12.9171 -16.237 12
    endloop
  endfacet
  facet normal -0 0 1
    outer loop
      vertex 12.6519 16.0927 12
      vertex 16.1007 12.6811 12
      vertex 12.6896 16.1034 12
    endloop
  endfacet
  facet normal 0 0 1
    outer loop
      vertex 16.1924 -12.8636 12
      vertex 12.8564 -16.1872 12
      vertex 12.8876 -16.2111 12
    endloop
  endfacet
  facet normal 0 0 1
    outer loop
      vertex 16.1007 12.6811 12
      vertex 12.6519 16.0927 12
      vertex 16.0906 12.6432 12
    endloop
  endfacet
  facet normal 0 0 1
    outer loop
      vertex 16.1702 -12.8313 12
      vertex 12.8238 -16.1654 12
      vertex 12.8564 -16.1872 12
    endloop
  endfacet
  facet normal -0 0 1
    outer loop
      vertex 12.6135 16.0844 12
      vertex 16.0906 12.6432 12
      vertex 12.6519 16.0927 12
    endloop
  endfacet
  facet normal 0 0 1
    outer loop
      vertex 16.15 -12.7976 12
      vertex 12.7898 -16.1457 12
      vertex 12.8238 -16.1654 12
    endloop
  endfacet
  facet normal 0 0 1
    outer loop
      vertex 16.0906 12.6432 12
      vertex 12.6135 16.0844 12
      vertex 16.0829 12.6047 12
    endloop
  endfacet
  facet normal 0 0 1
    outer loop
      vertex 16.1321 -12.7627 12
      vertex 12.7545 -16.1284 12
      vertex 12.7898 -16.1457 12
    endloop
  endfacet
  facet normal -0 0 1
    outer loop
      vertex 12.5746 16.0787 12
      vertex 16.0829 12.6047 12
      vertex 12.6135 16.0844 12
    endloop
  endfacet
  facet normal 0 0 1
    outer loop
      vertex 16.1166 -12.7266 12
      vertex 12.7183 -16.1134 12
      vertex 12.7545 -16.1284 12
    endloop
  endfacet
  facet normal 0 0 1
    outer loop
      vertex 16.0829 12.6047 12
      vertex 12.5746 16.0787 12
      vertex 16.0778 12.5657 12
    endloop
  endfacet
  facet normal 0 0 1
    outer loop
      vertex 16.1034 -12.6896 12
      vertex 12.6811 -16.1007 12
      vertex 12.7183 -16.1134 12
    endloop
  endfacet
  facet normal -0 0 1
    outer loop
      vertex 12.5355 16.0756 12
      vertex 16.0778 12.5657 12
      vertex 12.5746 16.0787 12
    endloop
  endfacet
  facet normal 0 0 1
    outer loop
      vertex 16.0927 -12.6519 12
      vertex 12.6432 -16.0906 12
      vertex 12.6811 -16.1007 12
    endloop
  endfacet
  facet normal 0 0 1
    outer loop
      vertex 16.0778 12.5657 12
      vertex 12.5355 16.0756 12
      vertex 16.0752 12.5266 12
    endloop
  endfacet
  facet normal 0 0 1
    outer loop
      vertex 16.0844 -12.6135 12
      vertex 12.6047 -16.0829 12
      vertex 12.6432 -16.0906 12
    endloop
  endfacet
  facet normal -0 0 1
    outer loop
      vertex 12.4962 16.075 12
      vertex 16.0752 12.5266 12
      vertex 12.5355 16.0756 12
    endloop
  endfacet
  facet normal 0 0 1
    outer loop
      vertex 16.0787 -12.5746 12
      vertex 12.5657 -16.0778 12
      vertex 12.6047 -16.0829 12
    endloop
  endfacet
  facet normal 0 0 1
    outer loop
      vertex 16.0752 12.4873 12
      vertex 12.4962 16.075 12
      vertex 12.457 16.077 12
    endloop
  endfacet
  facet normal 0 0 1
    outer loop
      vertex 16.0756 -12.5355 12
      vertex 12.5266 -16.0752 12
      vertex 12.5657 -16.0778 12
    endloop
  endfacet
  facet normal 0 0 1
    outer loop
      vertex 16.0752 12.4873 12
      vertex 12.457 16.077 12
      vertex 12.418 16.0815 12
    endloop
  endfacet
  facet normal 0 0 1
    outer loop
      vertex 16.075 -12.4962 12
      vertex 12.4873 -16.0752 12
      vertex 12.5266 -16.0752 12
    endloop
  endfacet
  facet normal 0 0 1
    outer loop
      vertex 16.0752 12.4873 12
      vertex 12.418 16.0815 12
      vertex 12.3794 16.0886 12
    endloop
  endfacet
  facet normal 0 0 1
    outer loop
      vertex 16.075 -12.4962 12
      vertex 12.4481 -16.0778 12
      vertex 12.4873 -16.0752 12
    endloop
  endfacet
  facet normal 0 0 1
    outer loop
      vertex 16.0752 12.4873 12
      vertex 12.3794 16.0886 12
      vertex 12.3413 16.0982 12
    endloop
  endfacet
  facet normal 0 0 1
    outer loop
      vertex 16.075 -12.4962 12
      vertex 12.4092 -16.0829 12
      vertex 12.4481 -16.0778 12
    endloop
  endfacet
  facet normal 0 0 1
    outer loop
      vertex 16.0752 12.4873 12
      vertex 12.3413 16.0982 12
      vertex 12.304 16.1103 12
    endloop
  endfacet
  facet normal 0 0 1
    outer loop
      vertex 16.075 -12.4962 12
      vertex 12.3707 -16.0906 12
      vertex 12.4092 -16.0829 12
    endloop
  endfacet
  facet normal 0 0 1
    outer loop
      vertex 16.0752 12.4873 12
      vertex 12.304 16.1103 12
      vertex 12.2675 16.1248 12
    endloop
  endfacet
  facet normal 0 0 1
    outer loop
      vertex 16.075 -12.4962 12
      vertex 12.3327 -16.1007 12
      vertex 12.3707 -16.0906 12
    endloop
  endfacet
  facet normal 0 0 1
    outer loop
      vertex 16.0752 12.4873 12
      vertex 12.2675 16.1248 12
      vertex 12.232 16.1416 12
    endloop
  endfacet
  facet normal 0 0 1
    outer loop
      vertex 16.075 -12.4962 12
      vertex 12.2956 -16.1134 12
      vertex 12.3327 -16.1007 12
    endloop
  endfacet
  facet normal 0 0 1
    outer loop
      vertex 16.0752 12.4873 12
      vertex 12.232 16.1416 12
      vertex 12.1977 16.1607 12
    endloop
  endfacet
  facet normal 0 0 1
    outer loop
      vertex 16.075 -12.4962 12
      vertex 12.2593 -16.1284 12
      vertex 12.2956 -16.1134 12
    endloop
  endfacet
  facet normal 0 0 1
    outer loop
      vertex 16.0752 12.4873 12
      vertex 12.1977 16.1607 12
      vertex 12.1574 16.1872 12
    endloop
  endfacet
  facet normal 0 0 1
    outer loop
      vertex 16.075 -12.4962 12
      vertex 12.2241 -16.1458 12
      vertex 12.2593 -16.1284 12
    endloop
  endfacet
  facet normal 0 0 1
    outer loop
      vertex 16.0752 12.4873 12
      vertex 12.1574 16.1872 12
      vertex 16.075 -12.4962 12
    endloop
  endfacet
  facet normal 0 0 1
    outer loop
      vertex 16.075 -12.4962 12
      vertex 12.1901 -16.1654 12
      vertex 12.2241 -16.1458 12
    endloop
  endfacet
  facet normal 0 0 1
    outer loop
      vertex 12.1574 -16.1872 12
      vertex 16.075 -12.4962 12
      vertex 12.1574 16.1872 12
    endloop
  endfacet
  facet normal 0 0 1
    outer loop
      vertex 16.075 -12.4962 12
      vertex 12.1574 -16.1872 12
      vertex 12.1901 -16.1654 12
    endloop
  endfacet
  facet normal 0 0 1
    outer loop
      vertex 10.3026 17.4266 12
      vertex 12.1574 16.1872 12
      vertex 11.2504 16.8372 12
    endloop
  endfacet
  facet normal 0 0 1
    outer loop
      vertex 12.1574 16.1872 12
      vertex 10.3026 17.4266 12
      vertex 12.1574 -16.1872 12
    endloop
  endfacet
  facet normal 0 0 1
    outer loop
      vertex 10.3026 -17.4266 12
      vertex 12.1574 -16.1872 12
      vertex 10.3026 17.4266 12
    endloop
  endfacet
  facet normal 0 0 1
    outer loop
      vertex 12.1574 -16.1872 12
      vertex 10.3026 -17.4266 12
      vertex 11.2504 -16.8372 12
    endloop
  endfacet
  facet normal 0 0 1
    outer loop
      vertex 10.2699 17.4484 12
      vertex 10.3026 -17.4266 12
      vertex 10.3026 17.4266 12
    endloop
  endfacet
  facet normal 0 0 1
    outer loop
      vertex 10.2699 17.4484 12
      vertex 10.2627 -17.4537 12
      vertex 10.3026 -17.4266 12
    endloop
  endfacet
  facet normal 0 0 1
    outer loop
      vertex 10.2388 17.4723 12
      vertex 10.2627 -17.4537 12
      vertex 10.2699 17.4484 12
    endloop
  endfacet
  facet normal 0 0 1
    outer loop
      vertex 10.2388 17.4723 12
      vertex 10.2319 -17.478 12
      vertex 10.2627 -17.4537 12
    endloop
  endfacet
  facet normal 0 0 1
    outer loop
      vertex 10.2092 17.4982 12
      vertex 10.2319 -17.478 12
      vertex 10.2388 17.4723 12
    endloop
  endfacet
  facet normal 0 0 1
    outer loop
      vertex 10.2092 17.4982 12
      vertex 10.2028 -17.5044 12
      vertex 10.2319 -17.478 12
    endloop
  endfacet
  facet normal 0 0 1
    outer loop
      vertex 10.1815 17.526 12
      vertex 10.2028 -17.5044 12
      vertex 10.2092 17.4982 12
    endloop
  endfacet
  facet normal 0 0 1
    outer loop
      vertex 10.1815 17.526 12
      vertex 10.1754 -17.5325 12
      vertex 10.2028 -17.5044 12
    endloop
  endfacet
  facet normal 0 0 1
    outer loop
      vertex 10.1556 17.5555 12
      vertex 10.1754 -17.5325 12
      vertex 10.1815 17.526 12
    endloop
  endfacet
  facet normal 0 0 1
    outer loop
      vertex 10.1556 17.5555 12
      vertex 10.15 -17.5624 12
      vertex 10.1754 -17.5325 12
    endloop
  endfacet
  facet normal 0 0 1
    outer loop
      vertex 10.1317 17.5866 12
      vertex 10.15 -17.5624 12
      vertex 10.1556 17.5555 12
    endloop
  endfacet
  facet normal 0 0 1
    outer loop
      vertex 10.1317 17.5866 12
      vertex 10.1265 -17.5939 12
      vertex 10.15 -17.5624 12
    endloop
  endfacet
  facet normal 0 0 1
    outer loop
      vertex 10.1099 17.6193 12
      vertex 10.1265 -17.5939 12
      vertex 10.1317 17.5866 12
    endloop
  endfacet
  facet normal 0 0 1
    outer loop
      vertex 10.1099 17.6193 12
      vertex 10.1052 -17.6269 12
      vertex 10.1265 -17.5939 12
    endloop
  endfacet
  facet normal 0 0 1
    outer loop
      vertex 10.0902 17.6533 12
      vertex 10.1052 -17.6269 12
      vertex 10.1099 17.6193 12
    endloop
  endfacet
  facet normal 0 0 1
    outer loop
      vertex 10.0902 17.6533 12
      vertex 10.0861 -17.6612 12
      vertex 10.1052 -17.6269 12
    endloop
  endfacet
  facet normal 0 0 1
    outer loop
      vertex 10.0729 17.6885 12
      vertex 10.0861 -17.6612 12
      vertex 10.0902 17.6533 12
    endloop
  endfacet
  facet normal 0 0 1
    outer loop
      vertex 10.0729 17.6885 12
      vertex 10.0692 -17.6967 12
      vertex 10.0861 -17.6612 12
    endloop
  endfacet
  facet normal 0 0 1
    outer loop
      vertex 10.0579 17.7248 12
      vertex 10.0692 -17.6967 12
      vertex 10.0729 17.6885 12
    endloop
  endfacet
  facet normal 0 0 1
    outer loop
      vertex 10.0579 17.7248 12
      vertex 10.0548 -17.7332 12
      vertex 10.0692 -17.6967 12
    endloop
  endfacet
  facet normal 0 0 1
    outer loop
      vertex 10.0452 17.7619 12
      vertex 10.0548 -17.7332 12
      vertex 10.0579 17.7248 12
    endloop
  endfacet
  facet normal 0 0 1
    outer loop
      vertex 10.0452 17.7619 12
      vertex 10.0427 -17.7705 12
      vertex 10.0548 -17.7332 12
    endloop
  endfacet
  facet normal 0 0 1
    outer loop
      vertex 10.0351 17.7999 12
      vertex 10.0427 -17.7705 12
      vertex 10.0452 17.7619 12
    endloop
  endfacet
  facet normal 0 0 1
    outer loop
      vertex 10.0351 17.7999 12
      vertex 10.0331 -17.8086 12
      vertex 10.0427 -17.7705 12
    endloop
  endfacet
  facet normal 0 0 1
    outer loop
      vertex 10.0274 17.8384 12
      vertex 10.0331 -17.8086 12
      vertex 10.0351 17.7999 12
    endloop
  endfacet
  facet normal 0 0 1
    outer loop
      vertex 10.0274 17.8384 12
      vertex 10.026 -17.8472 12
      vertex 10.0331 -17.8086 12
    endloop
  endfacet
  facet normal 0 0 1
    outer loop
      vertex 10.0223 17.8773 12
      vertex 10.026 -17.8472 12
      vertex 10.0274 17.8384 12
    endloop
  endfacet
  facet normal 0 0 1
    outer loop
      vertex 10.0223 17.8773 12
      vertex 10.0215 -17.8862 12
      vertex 10.026 -17.8472 12
    endloop
  endfacet
  facet normal 0 0 1
    outer loop
      vertex 10.0197 17.9165 12
      vertex 10.0215 -17.8862 12
      vertex 10.0223 17.8773 12
    endloop
  endfacet
  facet normal 0 0 1
    outer loop
      vertex 10.0215 -17.8862 12
      vertex 10.0197 17.9165 12
      vertex 10.0195 -17.9254 12
    endloop
  endfacet
  facet normal 0 0 1
    outer loop
      vertex 7.81407 -23.9449 12
      vertex 11.4062 -22.4569 12
      vertex 11.3982 -22.1213 12
    endloop
  endfacet
  facet normal 0 0 1
    outer loop
      vertex 11.4062 -22.4569 12
      vertex 7.81407 -23.9449 12
      vertex 11.404 -22.7965 12
    endloop
  endfacet
  facet normal 0 0 1
    outer loop
      vertex 7.58221 -23.7018 12
      vertex 11.3982 -22.1213 12
      vertex 11.3799 -21.7906 12
    endloop
  endfacet
  facet normal 0 0 1
    outer loop
      vertex 11.404 -22.7965 12
      vertex 7.81407 -23.9449 12
      vertex 8.05544 -24.1832 12
    endloop
  endfacet
  facet normal 0 0 1
    outer loop
      vertex 7.36171 -23.4553 12
      vertex 11.3799 -21.7906 12
      vertex 11.3507 -21.4648 12
    endloop
  endfacet
  facet normal 0 0 1
    outer loop
      vertex 11.404 -22.7965 12
      vertex 8.05544 -24.1832 12
      vertex 11.392 -23.1393 12
    endloop
  endfacet
  facet normal 0 0 1
    outer loop
      vertex 7.15176 -23.2042 12
      vertex 11.3507 -21.4648 12
      vertex 11.3103 -21.1442 12
    endloop
  endfacet
  facet normal 0 0 1
    outer loop
      vertex 11.392 -23.1393 12
      vertex 8.3069 -24.4176 12
      vertex 11.3702 -23.4859 12
    endloop
  endfacet
  facet normal 0 0 1
    outer loop
      vertex 6.9536 -22.9489 12
      vertex 11.3103 -21.1442 12
      vertex 11.258 -20.8295 12
    endloop
  endfacet
  facet normal 0 -0 1
    outer loop
      vertex 8.56714 -24.6471 12
      vertex 11.3702 -23.4859 12
      vertex 8.3069 -24.4176 12
    endloop
  endfacet
  facet normal 0 0 1
    outer loop
      vertex 6.76797 -22.6891 12
      vertex 11.258 -20.8295 12
      vertex 11.1926 -20.521 12
    endloop
  endfacet
  facet normal 0 0 1
    outer loop
      vertex 6.59621 -22.4249 12
      vertex 11.1926 -20.521 12
      vertex 11.1125 -20.2206 12
    endloop
  endfacet
  facet normal 0 0 1
    outer loop
      vertex 6.44044 -22.1559 12
      vertex 11.1125 -20.2206 12
      vertex 11.0144 -19.9297 12
    endloop
  endfacet
  facet normal 0 0 1
    outer loop
      vertex 6.44044 -22.1559 12
      vertex 11.0144 -19.9297 12
      vertex 10.8858 -19.6556 12
    endloop
  endfacet
  facet normal 0 0 1
    outer loop
      vertex 6.20113 -21.5959 12
      vertex 10.8858 -19.6556 12
      vertex 10.0945 -18.2268 12
    endloop
  endfacet
  facet normal 0 0 1
    outer loop
      vertex 5.7504 -20.0262 12
      vertex 10.0945 -18.2268 12
      vertex 10.0766 -18.1919 12
    endloop
  endfacet
  facet normal 0 0 1
    outer loop
      vertex 5.73524 -19.9805 12
      vertex 10.0766 -18.1919 12
      vertex 10.0611 -18.1558 12
    endloop
  endfacet
  facet normal 0 0 1
    outer loop
      vertex 5.72023 -19.9442 12
      vertex 10.0611 -18.1558 12
      vertex 10.0479 -18.1188 12
    endloop
  endfacet
  facet normal 0 0 1
    outer loop
      vertex 5.70287 -19.909 12
      vertex 10.0479 -18.1188 12
      vertex 10.0372 -18.0811 12
    endloop
  endfacet
  facet normal 0 0 1
    outer loop
      vertex 5.68323 -19.875 12
      vertex 10.0372 -18.0811 12
      vertex 10.0289 -18.0427 12
    endloop
  endfacet
  facet normal 0 0 1
    outer loop
      vertex 11.3982 -22.1213 12
      vertex 7.58221 -23.7018 12
      vertex 7.81407 -23.9449 12
    endloop
  endfacet
  facet normal 0 0 1
    outer loop
      vertex 5.66141 -19.8423 12
      vertex 10.0289 -18.0427 12
      vertex 10.0232 -18.0038 12
    endloop
  endfacet
  facet normal 0 0 1
    outer loop
      vertex 5.63751 -19.8112 12
      vertex 10.0232 -18.0038 12
      vertex 10.0201 -17.9647 12
    endloop
  endfacet
  facet normal 0 0 1
    outer loop
      vertex 5.61162 -19.7816 12
      vertex 10.0201 -17.9647 12
      vertex 10.0195 -17.9254 12
    endloop
  endfacet
  facet normal 0 0 1
    outer loop
      vertex 10.0197 17.9165 12
      vertex 3.99144 0.261612 12
      vertex 4 0 12
    endloop
  endfacet
  facet normal 0 0 1
    outer loop
      vertex 11.3799 21.7906 12
      vertex 7.36171 23.4553 12
      vertex 11.3507 21.4648 12
    endloop
  endfacet
  facet normal -0 0 1
    outer loop
      vertex 3.99144 -0.261612 12
      vertex 10.0195 -17.9254 12
      vertex 4 0 12
    endloop
  endfacet
  facet normal 0 0 1
    outer loop
      vertex 11.3103 21.1442 12
      vertex 6.9536 22.9489 12
      vertex 11.258 20.8295 12
    endloop
  endfacet
  facet normal -0 0 1
    outer loop
      vertex 3.96578 -0.522104 12
      vertex 10.0195 -17.9254 12
      vertex 3.99144 -0.261612 12
    endloop
  endfacet
  facet normal -0 0 1
    outer loop
      vertex 6.76797 22.6891 12
      vertex 11.258 20.8295 12
      vertex 6.9536 22.9489 12
    endloop
  endfacet
  facet normal -0 0 1
    outer loop
      vertex 3.92314 -0.780361 12
      vertex 10.0195 -17.9254 12
      vertex 3.96578 -0.522104 12
    endloop
  endfacet
  facet normal 0 0 1
    outer loop
      vertex 11.0144 19.9297 12
      vertex 6.44044 22.1559 12
      vertex 10.8858 19.6556 12
    endloop
  endfacet
  facet normal -0 0 1
    outer loop
      vertex 3.8637 -1.03528 12
      vertex 10.0195 -17.9254 12
      vertex 3.92314 -0.780361 12
    endloop
  endfacet
  facet normal -0 0 1
    outer loop
      vertex 6.20113 21.5959 12
      vertex 10.8858 19.6556 12
      vertex 6.44044 22.1559 12
    endloop
  endfacet
  facet normal -0 0 1
    outer loop
      vertex 3.78772 -1.28576 12
      vertex 10.0195 -17.9254 12
      vertex 3.8637 -1.03528 12
    endloop
  endfacet
  facet normal 0 0 1
    outer loop
      vertex 10.8858 19.6556 12
      vertex 6.20113 21.5959 12
      vertex 10.0945 18.2268 12
    endloop
  endfacet
  facet normal 0 0 1
    outer loop
      vertex 10.0479 -18.1188 12
      vertex 5.70287 -19.909 12
      vertex 5.72023 -19.9442 12
    endloop
  endfacet
  facet normal -0 0 1
    outer loop
      vertex 5.7504 20.0262 12
      vertex 10.0945 18.2268 12
      vertex 6.20113 21.5959 12
    endloop
  endfacet
  facet normal 0 0 1
    outer loop
      vertex 10.0766 -18.1919 12
      vertex 5.73524 -19.9805 12
      vertex 5.7504 -20.0262 12
    endloop
  endfacet
  facet normal 0 0 1
    outer loop
      vertex 10.0945 18.2268 12
      vertex 5.7504 20.0262 12
      vertex 10.0729 18.1837 12
    endloop
  endfacet
  facet normal 0 0 1
    outer loop
      vertex 10.0945 -18.2268 12
      vertex 5.7504 -20.0262 12
      vertex 6.20113 -21.5959 12
    endloop
  endfacet
  facet normal -0 0 1
    outer loop
      vertex 5.73834 19.9888 12
      vertex 10.0729 18.1837 12
      vertex 5.7504 20.0262 12
    endloop
  endfacet
  facet normal 0 0 1
    outer loop
      vertex 11.2477 -24.5456 12
      vertex 9.11551 -25.0933 12
      vertex 9.40305 -25.3097 12
    endloop
  endfacet
  facet normal -0 0 1
    outer loop
      vertex 5.72386 19.9523 12
      vertex 10.0729 18.1837 12
      vertex 5.73834 19.9888 12
    endloop
  endfacet
  facet normal 0 -0 1
    outer loop
      vertex 9.11551 -25.0933 12
      vertex 11.298 -24.1894 12
      vertex 8.83717 -24.8727 12
    endloop
  endfacet
  facet normal 0 0 1
    outer loop
      vertex 10.0729 18.1837 12
      vertex 5.72386 19.9523 12
      vertex 10.0579 18.1475 12
    endloop
  endfacet
  facet normal 0 0 1
    outer loop
      vertex 11.3388 -23.8366 12
      vertex 8.83717 -24.8727 12
      vertex 11.298 -24.1894 12
    endloop
  endfacet
  facet normal -0 0 1
    outer loop
      vertex 5.70702 19.9169 12
      vertex 10.0579 18.1475 12
      vertex 5.72386 19.9523 12
    endloop
  endfacet
  facet normal 0 0 1
    outer loop
      vertex 11.3702 -23.4859 12
      vertex 8.56714 -24.6471 12
      vertex 11.3388 -23.8366 12
    endloop
  endfacet
  facet normal 0 0 1
    outer loop
      vertex 10.0579 18.1475 12
      vertex 5.70702 19.9169 12
      vertex 10.0452 18.1103 12
    endloop
  endfacet
  facet normal 0 -0 1
    outer loop
      vertex 8.3069 -24.4176 12
      vertex 11.392 -23.1393 12
      vertex 8.05544 -24.1832 12
    endloop
  endfacet
  facet normal 0 0 1
    outer loop
      vertex 6.20113 21.5959 12
      vertex 6.44044 22.1559 12
      vertex 6.30408 21.8808 12
    endloop
  endfacet
  facet normal 0 0 1
    outer loop
      vertex 11.3507 -21.4648 12
      vertex 7.15176 -23.2042 12
      vertex 7.36171 -23.4553 12
    endloop
  endfacet
  facet normal -0 0 1
    outer loop
      vertex 5.6879 19.8826 12
      vertex 10.0452 18.1103 12
      vertex 5.70702 19.9169 12
    endloop
  endfacet
  facet normal 0 0 1
    outer loop
      vertex 10.8858 -19.6556 12
      vertex 6.20113 -21.5959 12
      vertex 6.44044 -22.1559 12
    endloop
  endfacet
  facet normal 0 0 1
    outer loop
      vertex 10.0452 18.1103 12
      vertex 5.6879 19.8826 12
      vertex 10.0351 18.0724 12
    endloop
  endfacet
  facet normal 0 0 1
    outer loop
      vertex 11.258 -20.8295 12
      vertex 6.76797 -22.6891 12
      vertex 6.9536 -22.9489 12
    endloop
  endfacet
  facet normal -0 0 1
    outer loop
      vertex 5.66656 19.8496 12
      vertex 10.0351 18.0724 12
      vertex 5.6879 19.8826 12
    endloop
  endfacet
  facet normal 0 0 1
    outer loop
      vertex 11.1125 -20.2206 12
      vertex 6.44044 -22.1559 12
      vertex 6.59621 -22.4249 12
    endloop
  endfacet
  facet normal 0 0 1
    outer loop
      vertex 10.0351 18.0724 12
      vertex 5.66656 19.8496 12
      vertex 10.0274 18.0338 12
    endloop
  endfacet
  facet normal 0 0 1
    outer loop
      vertex 6.44044 -22.1559 12
      vertex 6.20113 -21.5959 12
      vertex 6.30408 -21.8808 12
    endloop
  endfacet
  facet normal -0 0 1
    outer loop
      vertex 5.64314 19.8181 12
      vertex 10.0274 18.0338 12
      vertex 5.66656 19.8496 12
    endloop
  endfacet
  facet normal 0 0 1
    outer loop
      vertex 11.1926 -20.521 12
      vertex 6.59621 -22.4249 12
      vertex 6.76797 -22.6891 12
    endloop
  endfacet
  facet normal 0 0 1
    outer loop
      vertex 10.0274 18.0338 12
      vertex 5.64314 19.8181 12
      vertex 10.0223 17.9949 12
    endloop
  endfacet
  facet normal 0 0 1
    outer loop
      vertex 11.3103 -21.1442 12
      vertex 6.9536 -22.9489 12
      vertex 7.15176 -23.2042 12
    endloop
  endfacet
  facet normal -0 0 1
    outer loop
      vertex 5.61769 19.7882 12
      vertex 10.0223 17.9949 12
      vertex 5.64314 19.8181 12
    endloop
  endfacet
  facet normal 0 0 1
    outer loop
      vertex 11.3799 -21.7906 12
      vertex 7.36171 -23.4553 12
      vertex 7.58221 -23.7018 12
    endloop
  endfacet
  facet normal 0 0 1
    outer loop
      vertex 10.0223 17.9949 12
      vertex 5.61769 19.7882 12
      vertex 10.0197 17.9557 12
    endloop
  endfacet
  facet normal 0 -0 1
    outer loop
      vertex 8.83717 -24.8727 12
      vertex 11.3388 -23.8366 12
      vertex 8.56714 -24.6471 12
    endloop
  endfacet
  facet normal -0 0 1
    outer loop
      vertex 5.59035 19.7601 12
      vertex 10.0197 17.9557 12
      vertex 5.61769 19.7882 12
    endloop
  endfacet
  facet normal 0 0 1
    outer loop
      vertex 11.298 -24.1894 12
      vertex 9.11551 -25.0933 12
      vertex 11.2477 -24.5456 12
    endloop
  endfacet
  facet normal 0 0 1
    outer loop
      vertex 10.0197 17.9165 12
      vertex 5.59035 19.7601 12
      vertex 5.56122 19.7337 12
    endloop
  endfacet
  facet normal 0 0 1
    outer loop
      vertex 10.0611 -18.1558 12
      vertex 5.72023 -19.9442 12
      vertex 5.73524 -19.9805 12
    endloop
  endfacet
  facet normal 0 0 1
    outer loop
      vertex 10.0197 17.9165 12
      vertex 5.56122 19.7337 12
      vertex 5.53043 19.7094 12
    endloop
  endfacet
  facet normal -0 0 1
    outer loop
      vertex 3.69552 -1.53073 12
      vertex 10.0195 -17.9254 12
      vertex 3.78772 -1.28576 12
    endloop
  endfacet
  facet normal 0 0 1
    outer loop
      vertex 10.0197 17.9165 12
      vertex 5.53043 19.7094 12
      vertex 5.49811 19.6871 12
    endloop
  endfacet
  facet normal 0 0 1
    outer loop
      vertex 10.0372 -18.0811 12
      vertex 5.68323 -19.875 12
      vertex 5.70287 -19.909 12
    endloop
  endfacet
  facet normal 0 0 1
    outer loop
      vertex 10.0197 17.9165 12
      vertex 5.49811 19.6871 12
      vertex 5.4644 19.6669 12
    endloop
  endfacet
  facet normal -0 0 1
    outer loop
      vertex 3.58749 -1.76915 12
      vertex 10.0195 -17.9254 12
      vertex 3.69552 -1.53073 12
    endloop
  endfacet
  facet normal 0 0 1
    outer loop
      vertex 10.0197 17.9165 12
      vertex 5.4644 19.6669 12
      vertex 5.42944 19.649 12
    endloop
  endfacet
  facet normal 0 0 1
    outer loop
      vertex 10.0289 -18.0427 12
      vertex 5.66141 -19.8423 12
      vertex 5.68323 -19.875 12
    endloop
  endfacet
  facet normal 0 0 1
    outer loop
      vertex 10.0197 17.9165 12
      vertex 5.42944 19.649 12
      vertex 5.3934 19.6335 12
    endloop
  endfacet
  facet normal 0 0 1
    outer loop
      vertex 10.0232 -18.0038 12
      vertex 5.63751 -19.8112 12
      vertex 5.66141 -19.8423 12
    endloop
  endfacet
  facet normal 0 0 1
    outer loop
      vertex 10.0197 17.9165 12
      vertex 5.3934 19.6335 12
      vertex 5.35641 19.6203 12
    endloop
  endfacet
  facet normal -0 0 1
    outer loop
      vertex 3.4641 -2 12
      vertex 10.0195 -17.9254 12
      vertex 3.58749 -1.76915 12
    endloop
  endfacet
  facet normal 0 0 1
    outer loop
      vertex 10.0197 17.9165 12
      vertex 5.35641 19.6203 12
      vertex 5.31865 19.6096 12
    endloop
  endfacet
  facet normal 0 0 1
    outer loop
      vertex 10.0201 -17.9647 12
      vertex 5.61162 -19.7816 12
      vertex 5.63751 -19.8112 12
    endloop
  endfacet
  facet normal 0 0 1
    outer loop
      vertex 10.0197 17.9165 12
      vertex 5.31865 19.6096 12
      vertex 5.28026 19.6013 12
    endloop
  endfacet
  facet normal -0 0 1
    outer loop
      vertex 3.32588 -2.22228 12
      vertex 10.0195 -17.9254 12
      vertex 3.4641 -2 12
    endloop
  endfacet
  facet normal 0 0 1
    outer loop
      vertex 10.0197 17.9165 12
      vertex 5.28026 19.6013 12
      vertex 5.24141 19.5956 12
    endloop
  endfacet
  facet normal 0 0 1
    outer loop
      vertex 10.0195 -17.9254 12
      vertex 5.58386 -19.7539 12
      vertex 5.61162 -19.7816 12
    endloop
  endfacet
  facet normal 0 0 1
    outer loop
      vertex 10.0197 17.9165 12
      vertex 5.24141 19.5956 12
      vertex 5.20227 19.5925 12
    endloop
  endfacet
  facet normal -0 0 1
    outer loop
      vertex 3.17341 -2.43505 12
      vertex 10.0195 -17.9254 12
      vertex 3.32588 -2.22228 12
    endloop
  endfacet
  facet normal 0 0 1
    outer loop
      vertex 10.0197 17.9165 12
      vertex 5.20227 19.5925 12
      vertex 5.16301 19.5919 12
    endloop
  endfacet
  facet normal 0 0 1
    outer loop
      vertex 10.0195 -17.9254 12
      vertex 5.55434 -19.728 12
      vertex 5.58386 -19.7539 12
    endloop
  endfacet
  facet normal 0 0 1
    outer loop
      vertex 1.53073 3.69552 12
      vertex 10.0197 17.9165 12
      vertex 5.16301 19.5919 12
    endloop
  endfacet
  facet normal -0 0 1
    outer loop
      vertex 3.00736 -2.63738 12
      vertex 10.0195 -17.9254 12
      vertex 3.17341 -2.43505 12
    endloop
  endfacet
  facet normal 0 0 1
    outer loop
      vertex 1.53073 3.69552 12
      vertex 5.16301 19.5919 12
      vertex 5.12381 19.5939 12
    endloop
  endfacet
  facet normal 0 0 1
    outer loop
      vertex 10.0195 -17.9254 12
      vertex 5.52319 -19.7041 12
      vertex 5.55434 -19.728 12
    endloop
  endfacet
  facet normal 0 0 1
    outer loop
      vertex 1.28576 3.78772 12
      vertex 5.12381 19.5939 12
      vertex 5.08481 19.5984 12
    endloop
  endfacet
  facet normal -0 0 1
    outer loop
      vertex 2.82843 -2.82843 12
      vertex 10.0195 -17.9254 12
      vertex 3.00736 -2.63738 12
    endloop
  endfacet
  facet normal 0 0 1
    outer loop
      vertex 1.28576 3.78772 12
      vertex 5.08481 19.5984 12
      vertex 5.03746 19.6075 12
    endloop
  endfacet
  facet normal 0 0 1
    outer loop
      vertex 10.0195 -17.9254 12
      vertex 5.49054 -19.6823 12
      vertex 5.52319 -19.7041 12
    endloop
  endfacet
  facet normal 0 0 1
    outer loop
      vertex 10.0195 -17.9254 12
      vertex 5.45654 -19.6626 12
      vertex 5.49054 -19.6823 12
    endloop
  endfacet
  facet normal 0 0 1
    outer loop
      vertex 10.0197 17.9165 12
      vertex 4 0 12
      vertex 10.0195 -17.9254 12
    endloop
  endfacet
  facet normal 0 0 1
    outer loop
      vertex 10.0197 17.9165 12
      vertex 3.96578 0.522104 12
      vertex 3.99144 0.261612 12
    endloop
  endfacet
  facet normal 0 0 1
    outer loop
      vertex 0.780361 3.92314 12
      vertex 5.03746 19.6075 12
      vertex 3.95056 19.8609 12
    endloop
  endfacet
  facet normal 0 0 1
    outer loop
      vertex 10.0197 17.9165 12
      vertex 3.92314 0.780361 12
      vertex 3.96578 0.522104 12
    endloop
  endfacet
  facet normal 0 0 1
    outer loop
      vertex 10.0197 17.9165 12
      vertex 3.8637 1.03528 12
      vertex 3.92314 0.780361 12
    endloop
  endfacet
  facet normal 0 0 1
    outer loop
      vertex 10.0197 17.9165 12
      vertex 3.78772 1.28576 12
      vertex 3.8637 1.03528 12
    endloop
  endfacet
  facet normal 0 0 1
    outer loop
      vertex 10.0197 17.9165 12
      vertex 3.69552 1.53073 12
      vertex 3.78772 1.28576 12
    endloop
  endfacet
  facet normal 0 0 1
    outer loop
      vertex 10.0197 17.9165 12
      vertex 3.58749 1.76915 12
      vertex 3.69552 1.53073 12
    endloop
  endfacet
  facet normal 0 0 1
    outer loop
      vertex 10.0197 17.9165 12
      vertex 3.4641 2 12
      vertex 3.58749 1.76915 12
    endloop
  endfacet
  facet normal 0 0 1
    outer loop
      vertex 10.0197 17.9165 12
      vertex 3.32588 2.22228 12
      vertex 3.4641 2 12
    endloop
  endfacet
  facet normal 0 0 1
    outer loop
      vertex 10.0197 17.9165 12
      vertex 3.17341 2.43505 12
      vertex 3.32588 2.22228 12
    endloop
  endfacet
  facet normal 0 0 1
    outer loop
      vertex 10.0197 17.9165 12
      vertex 3.00736 2.63738 12
      vertex 3.17341 2.43505 12
    endloop
  endfacet
  facet normal 0 0 1
    outer loop
      vertex 0.780361 3.92314 12
      vertex 3.95056 19.8609 12
      vertex 2.84946 20.0427 12
    endloop
  endfacet
  facet normal 0 0 1
    outer loop
      vertex 10.0197 17.9165 12
      vertex 2.82843 2.82843 12
      vertex 3.00736 2.63738 12
    endloop
  endfacet
  facet normal 0 0 1
    outer loop
      vertex 0.522104 3.96578 12
      vertex 2.84946 20.0427 12
      vertex 2.81094 20.0503 12
    endloop
  endfacet
  facet normal 0 0 1
    outer loop
      vertex 0.261612 3.99144 12
      vertex 2.81094 20.0503 12
      vertex 2.77303 20.0605 12
    endloop
  endfacet
  facet normal 0 0 1
    outer loop
      vertex 0 4 12
      vertex 2.77303 20.0605 12
      vertex 2.73584 20.0731 12
    endloop
  endfacet
  facet normal -0 0 1
    outer loop
      vertex -2.72749 20.0763 12
      vertex 2.73584 20.0731 12
      vertex 2.69957 20.0882 12
    endloop
  endfacet
  facet normal -0 0 1
    outer loop
      vertex -2.69144 20.0919 12
      vertex 2.69957 20.0882 12
      vertex 2.66435 20.1055 12
    endloop
  endfacet
  facet normal 0 0 1
    outer loop
      vertex 10.0197 17.9165 12
      vertex 2.63738 3.00736 12
      vertex 2.82843 2.82843 12
    endloop
  endfacet
  facet normal -0 0 1
    outer loop
      vertex -2.65649 20.1098 12
      vertex 2.66435 20.1055 12
      vertex 2.63036 20.1252 12
    endloop
  endfacet
  facet normal -0 0 1
    outer loop
      vertex -2.62279 20.1299 12
      vertex 2.63036 20.1252 12
      vertex 2.5977 20.147 12
    endloop
  endfacet
  facet normal -0 0 1
    outer loop
      vertex -2.59047 20.1522 12
      vertex 2.5977 20.147 12
      vertex 2.56656 20.1709 12
    endloop
  endfacet
  facet normal -0 0 1
    outer loop
      vertex -2.55968 20.1766 12
      vertex 2.56656 20.1709 12
      vertex 2.53703 20.1967 12
    endloop
  endfacet
  facet normal -0 0 1
    outer loop
      vertex -2.53055 20.2029 12
      vertex 2.53703 20.1967 12
      vertex 2.50928 20.2245 12
    endloop
  endfacet
  facet normal -0 0 1
    outer loop
      vertex -2.5032 20.2311 12
      vertex 2.50928 20.2245 12
      vertex 2.48338 20.254 12
    endloop
  endfacet
  facet normal -0 0 1
    outer loop
      vertex -2.47775 20.261 12
      vertex 2.48338 20.254 12
      vertex 2.45949 20.2852 12
    endloop
  endfacet
  facet normal -0 0 1
    outer loop
      vertex -2.45433 20.2925 12
      vertex 2.45949 20.2852 12
      vertex 2.43767 20.3178 12
    endloop
  endfacet
  facet normal 0 0 1
    outer loop
      vertex 10.0197 17.9165 12
      vertex 2.43505 3.17341 12
      vertex 2.63738 3.00736 12
    endloop
  endfacet
  facet normal -0 0 1
    outer loop
      vertex -2.433 20.3255 12
      vertex 2.43767 20.3178 12
      vertex 2.41805 20.3518 12
    endloop
  endfacet
  facet normal -0 0 1
    outer loop
      vertex -2.41388 20.3598 12
      vertex 2.41805 20.3518 12
      vertex 2.40068 20.387 12
    endloop
  endfacet
  facet normal -0 0 1
    outer loop
      vertex -2.39703 20.3952 12
      vertex 2.40068 20.387 12
      vertex 2.38565 20.4233 12
    endloop
  endfacet
  facet normal -0 0 1
    outer loop
      vertex -2.38255 20.4317 12
      vertex 2.38565 20.4233 12
      vertex 2.37303 20.4605 12
    endloop
  endfacet
  facet normal -0 0 1
    outer loop
      vertex -2.3705 20.4691 12
      vertex 2.37303 20.4605 12
      vertex 2.36287 20.4984 12
    endloop
  endfacet
  facet normal -0 0 1
    outer loop
      vertex -2.3609 20.5072 12
      vertex 2.36287 20.4984 12
      vertex 2.35521 20.5369 12
    endloop
  endfacet
  facet normal -0 0 1
    outer loop
      vertex -2.35381 20.5458 12
      vertex 2.35521 20.5369 12
      vertex 2.35008 20.5759 12
    endloop
  endfacet
  facet normal -0 0 1
    outer loop
      vertex -2.34927 20.5848 12
      vertex 2.35008 20.5759 12
      vertex 2.3475 20.615 12
    endloop
  endfacet
  facet normal 0 0 1
    outer loop
      vertex 2.35103 20.7024 12
      vertex -2.35103 20.7024 12
      vertex 2.3475 20.6543 12
    endloop
  endfacet
  facet normal 0 0 1
    outer loop
      vertex 10.0197 17.9165 12
      vertex 2.22228 3.32588 12
      vertex 2.43505 3.17341 12
    endloop
  endfacet
  facet normal 0 0 1
    outer loop
      vertex -2.27245 24.1748 12
      vertex 2.27245 24.1748 12
      vertex 2.17474 24.4868 12
    endloop
  endfacet
  facet normal 0 0 1
    outer loop
      vertex -2.17474 24.4868 12
      vertex 2.17474 24.4868 12
      vertex 2.06508 24.7995 12
    endloop
  endfacet
  facet normal 0 0 1
    outer loop
      vertex 10.0197 17.9165 12
      vertex 2 3.4641 12
      vertex 2.22228 3.32588 12
    endloop
  endfacet
  facet normal 0 0 1
    outer loop
      vertex -2.06508 24.7995 12
      vertex 2.06508 24.7995 12
      vertex 1.94403 25.1126 12
    endloop
  endfacet
  facet normal 0 0 1
    outer loop
      vertex -1.94403 25.1126 12
      vertex 1.94403 25.1126 12
      vertex 1.81219 25.4252 12
    endloop
  endfacet
  facet normal 0 0 1
    outer loop
      vertex 2.40068 20.387 12
      vertex -2.39703 20.3952 12
      vertex -2.41388 20.3598 12
    endloop
  endfacet
  facet normal 0 0 1
    outer loop
      vertex -1.81219 25.4252 12
      vertex 1.81219 25.4252 12
      vertex 1.66971 25.7377 12
    endloop
  endfacet
  facet normal 0 0 1
    outer loop
      vertex 2.41805 20.3518 12
      vertex -2.41388 20.3598 12
      vertex -2.433 20.3255 12
    endloop
  endfacet
  facet normal 0 0 1
    outer loop
      vertex -1.66971 25.7377 12
      vertex 1.66971 25.7377 12
      vertex 1.51715 26.0492 12
    endloop
  endfacet
  facet normal 0 0 1
    outer loop
      vertex -1.51715 26.0492 12
      vertex 1.51715 26.0492 12
      vertex 1.35384 26.3613 12
    endloop
  endfacet
  facet normal 0 0 1
    outer loop
      vertex 2.38565 20.4233 12
      vertex -2.38255 20.4317 12
      vertex -2.39703 20.3952 12
    endloop
  endfacet
  facet normal 0 0 1
    outer loop
      vertex -1.35384 26.3613 12
      vertex 1.35384 26.3613 12
      vertex 1.18092 26.6719 12
    endloop
  endfacet
  facet normal 0 0 1
    outer loop
      vertex 2.37303 20.4605 12
      vertex -2.3705 20.4691 12
      vertex -2.38255 20.4317 12
    endloop
  endfacet
  facet normal 0 0 1
    outer loop
      vertex -1.18092 26.6719 12
      vertex 1.18092 26.6719 12
      vertex 0.998322 26.9815 12
    endloop
  endfacet
  facet normal 0 0 1
    outer loop
      vertex 2.43767 20.3178 12
      vertex -2.433 20.3255 12
      vertex -2.45433 20.2925 12
    endloop
  endfacet
  facet normal 0 0 1
    outer loop
      vertex 10.0197 17.9165 12
      vertex 1.76915 3.58749 12
      vertex 2 3.4641 12
    endloop
  endfacet
  facet normal 0 0 1
    outer loop
      vertex 2.45949 20.2852 12
      vertex -2.45433 20.2925 12
      vertex -2.47775 20.261 12
    endloop
  endfacet
  facet normal 0 0 1
    outer loop
      vertex 2.48338 20.254 12
      vertex -2.47775 20.261 12
      vertex -2.5032 20.2311 12
    endloop
  endfacet
  facet normal 0 0 1
    outer loop
      vertex 10.0197 17.9165 12
      vertex 1.53073 3.69552 12
      vertex 1.76915 3.58749 12
    endloop
  endfacet
  facet normal 0 0 1
    outer loop
      vertex 2.50928 20.2245 12
      vertex -2.5032 20.2311 12
      vertex -2.53055 20.2029 12
    endloop
  endfacet
  facet normal 0 0 1
    outer loop
      vertex 5.12381 19.5939 12
      vertex 1.28576 3.78772 12
      vertex 1.53073 3.69552 12
    endloop
  endfacet
  facet normal 0 0 1
    outer loop
      vertex -1.18092 26.6719 12
      vertex 0.998322 26.9815 12
      vertex -0.998322 26.9815 12
    endloop
  endfacet
  facet normal 0 0 1
    outer loop
      vertex 2.35521 20.5369 12
      vertex -2.35381 20.5458 12
      vertex -2.3609 20.5072 12
    endloop
  endfacet
  facet normal 0 0 1
    outer loop
      vertex 1.18092 26.6719 12
      vertex -1.18092 26.6719 12
      vertex -1.35384 26.3613 12
    endloop
  endfacet
  facet normal 0 0 1
    outer loop
      vertex 2.35008 20.5759 12
      vertex -2.34927 20.5848 12
      vertex -2.35381 20.5458 12
    endloop
  endfacet
  facet normal 0 0 1
    outer loop
      vertex 1.35384 26.3613 12
      vertex -1.35384 26.3613 12
      vertex -1.51715 26.0492 12
    endloop
  endfacet
  facet normal 0 0 1
    outer loop
      vertex 1.51715 26.0492 12
      vertex -1.51715 26.0492 12
      vertex -1.66971 25.7377 12
    endloop
  endfacet
  facet normal 0 0 1
    outer loop
      vertex 2.36287 20.4984 12
      vertex -2.3609 20.5072 12
      vertex -2.3705 20.4691 12
    endloop
  endfacet
  facet normal 0 0 1
    outer loop
      vertex 1.66971 25.7377 12
      vertex -1.66971 25.7377 12
      vertex -1.81219 25.4252 12
    endloop
  endfacet
  facet normal 0 0 1
    outer loop
      vertex 2.53703 20.1967 12
      vertex -2.53055 20.2029 12
      vertex -2.55968 20.1766 12
    endloop
  endfacet
  facet normal 0 0 1
    outer loop
      vertex 1.81219 25.4252 12
      vertex -1.81219 25.4252 12
      vertex -1.94403 25.1126 12
    endloop
  endfacet
  facet normal 0 0 1
    outer loop
      vertex 1.94403 25.1126 12
      vertex -1.94403 25.1126 12
      vertex -2.06508 24.7995 12
    endloop
  endfacet
  facet normal 0 0 1
    outer loop
      vertex 5.03746 19.6075 12
      vertex 1.03528 3.8637 12
      vertex 1.28576 3.78772 12
    endloop
  endfacet
  facet normal 0 0 1
    outer loop
      vertex 2.06508 24.7995 12
      vertex -2.06508 24.7995 12
      vertex -2.17474 24.4868 12
    endloop
  endfacet
  facet normal 0 0 1
    outer loop
      vertex 2.17474 24.4868 12
      vertex -2.17474 24.4868 12
      vertex -2.27245 24.1748 12
    endloop
  endfacet
  facet normal 0 0 1
    outer loop
      vertex 2.3475 20.615 12
      vertex -2.34729 20.624 12
      vertex -2.34927 20.5848 12
    endloop
  endfacet
  facet normal 0 0 1
    outer loop
      vertex 2.27245 24.1748 12
      vertex -2.27245 24.1748 12
      vertex -2.35797 23.8626 12
    endloop
  endfacet
  facet normal 0 0 1
    outer loop
      vertex 2.56656 20.1709 12
      vertex -2.55968 20.1766 12
      vertex -2.59047 20.1522 12
    endloop
  endfacet
  facet normal 0 0 1
    outer loop
      vertex 2.5977 20.147 12
      vertex -2.59047 20.1522 12
      vertex -2.62279 20.1299 12
    endloop
  endfacet
  facet normal 0 0 1
    outer loop
      vertex 5.03746 19.6075 12
      vertex 0.780361 3.92314 12
      vertex 1.03528 3.8637 12
    endloop
  endfacet
  facet normal 0 0 1
    outer loop
      vertex 2.63036 20.1252 12
      vertex -2.62279 20.1299 12
      vertex -2.65649 20.1098 12
    endloop
  endfacet
  facet normal 0 0 1
    outer loop
      vertex 2.84946 20.0427 12
      vertex 0.522104 3.96578 12
      vertex 0.780361 3.92314 12
    endloop
  endfacet
  facet normal 0 0 1
    outer loop
      vertex 2.66435 20.1055 12
      vertex -2.65649 20.1098 12
      vertex -2.69144 20.0919 12
    endloop
  endfacet
  facet normal 0 0 1
    outer loop
      vertex 2.81094 20.0503 12
      vertex 0.261612 3.99144 12
      vertex 0.522104 3.96578 12
    endloop
  endfacet
  facet normal 0 0 1
    outer loop
      vertex 2.69957 20.0882 12
      vertex -2.69144 20.0919 12
      vertex -2.72749 20.0763 12
    endloop
  endfacet
  facet normal 0 0 1
    outer loop
      vertex 2.73584 20.0731 12
      vertex -2.72749 20.0763 12
      vertex 0 4 12
    endloop
  endfacet
  facet normal 0 0 1
    outer loop
      vertex 2.77303 20.0605 12
      vertex 0 4 12
      vertex 0.261612 3.99144 12
    endloop
  endfacet
  facet normal -0 0 1
    outer loop
      vertex -2.76448 20.0632 12
      vertex 0 4 12
      vertex -2.72749 20.0763 12
    endloop
  endfacet
  facet normal 0 0 1
    outer loop
      vertex 0 4 12
      vertex -2.76448 20.0632 12
      vertex -0.261612 3.99144 12
    endloop
  endfacet
  facet normal -0 0 1
    outer loop
      vertex -2.80225 20.0524 12
      vertex -0.261612 3.99144 12
      vertex -2.76448 20.0632 12
    endloop
  endfacet
  facet normal 0 0 1
    outer loop
      vertex -0.261612 3.99144 12
      vertex -2.80225 20.0524 12
      vertex -0.522104 3.96578 12
    endloop
  endfacet
  facet normal -0 0 1
    outer loop
      vertex -2.84946 20.0427 12
      vertex -0.522104 3.96578 12
      vertex -2.80225 20.0524 12
    endloop
  endfacet
  facet normal 0 0 1
    outer loop
      vertex -0.522104 3.96578 12
      vertex -2.84946 20.0427 12
      vertex -0.780361 3.92314 12
    endloop
  endfacet
  facet normal -0 0 1
    outer loop
      vertex -3.95056 19.8609 12
      vertex -0.780361 3.92314 12
      vertex -2.84946 20.0427 12
    endloop
  endfacet
  facet normal -0 0 1
    outer loop
      vertex -5.03746 19.6075 12
      vertex -0.780361 3.92314 12
      vertex -3.95056 19.8609 12
    endloop
  endfacet
  facet normal 0 0 1
    outer loop
      vertex -0.780361 3.92314 12
      vertex -5.03746 19.6075 12
      vertex -1.03528 3.8637 12
    endloop
  endfacet
  facet normal 0 0 1
    outer loop
      vertex -1.03528 3.8637 12
      vertex -5.03746 19.6075 12
      vertex -1.28576 3.78772 12
    endloop
  endfacet
  facet normal -0 0 1
    outer loop
      vertex -5.07597 19.5998 12
      vertex -1.28576 3.78772 12
      vertex -5.03746 19.6075 12
    endloop
  endfacet
  facet normal -0 0 1
    outer loop
      vertex -5.1149 19.5947 12
      vertex -1.28576 3.78772 12
      vertex -5.07597 19.5998 12
    endloop
  endfacet
  facet normal 0 0 1
    outer loop
      vertex -1.28576 3.78772 12
      vertex -5.1149 19.5947 12
      vertex -1.53073 3.69552 12
    endloop
  endfacet
  facet normal -0 0 1
    outer loop
      vertex -5.15407 19.5921 12
      vertex -1.53073 3.69552 12
      vertex -5.1149 19.5947 12
    endloop
  endfacet
  facet normal -0 0 1
    outer loop
      vertex -10.2319 17.478 12
      vertex -1.53073 3.69552 12
      vertex -5.15407 19.5921 12
    endloop
  endfacet
  facet normal 0 0 1
    outer loop
      vertex -1.53073 3.69552 12
      vertex -10.2319 17.478 12
      vertex -1.76915 3.58749 12
    endloop
  endfacet
  facet normal -0 0 1
    outer loop
      vertex -10.2627 17.4537 12
      vertex -1.76915 3.58749 12
      vertex -10.2319 17.478 12
    endloop
  endfacet
  facet normal -0 0 1
    outer loop
      vertex -10.3026 17.4266 12
      vertex -2 3.4641 12
      vertex -10.2627 17.4537 12
    endloop
  endfacet
  facet normal 0 0 1
    outer loop
      vertex -2 3.4641 12
      vertex -10.3026 17.4266 12
      vertex -2.22228 3.32588 12
    endloop
  endfacet
  facet normal -0 0 1
    outer loop
      vertex -11.2504 16.8372 12
      vertex -2.22228 3.32588 12
      vertex -10.3026 17.4266 12
    endloop
  endfacet
  facet normal -0 0 1
    outer loop
      vertex -12.1574 16.1872 12
      vertex -2.22228 3.32588 12
      vertex -11.2504 16.8372 12
    endloop
  endfacet
  facet normal 0 0 1
    outer loop
      vertex -2.22228 3.32588 12
      vertex -12.1574 16.1872 12
      vertex -2.43505 3.17341 12
    endloop
  endfacet
  facet normal 0 0 1
    outer loop
      vertex -2.43505 3.17341 12
      vertex -12.1574 16.1872 12
      vertex -2.63738 3.00736 12
    endloop
  endfacet
  facet normal -0 0 1
    outer loop
      vertex -12.1901 16.1654 12
      vertex -2.63738 3.00736 12
      vertex -12.1574 16.1872 12
    endloop
  endfacet
  facet normal -0 0 1
    outer loop
      vertex -12.2241 16.1458 12
      vertex -2.63738 3.00736 12
      vertex -12.1901 16.1654 12
    endloop
  endfacet
  facet normal 0 0 1
    outer loop
      vertex -2.63738 3.00736 12
      vertex -12.2241 16.1458 12
      vertex -2.82843 2.82843 12
    endloop
  endfacet
  facet normal -0 0 1
    outer loop
      vertex -12.2593 16.1284 12
      vertex -2.82843 2.82843 12
      vertex -12.2241 16.1458 12
    endloop
  endfacet
  facet normal -0 0 1
    outer loop
      vertex -16.1416 12.232 12
      vertex -2.82843 2.82843 12
      vertex -12.2593 16.1284 12
    endloop
  endfacet
  facet normal 0 0 1
    outer loop
      vertex -2.82843 2.82843 12
      vertex -16.1416 12.232 12
      vertex -3.00736 2.63738 12
    endloop
  endfacet
  facet normal -0 0 1
    outer loop
      vertex 2.63738 -3.00736 12
      vertex 10.0195 -17.9254 12
      vertex 2.82843 -2.82843 12
    endloop
  endfacet
  facet normal 0 0 1
    outer loop
      vertex 10.0195 -17.9254 12
      vertex 5.42133 -19.6453 12
      vertex 5.45654 -19.6626 12
    endloop
  endfacet
  facet normal -0 0 1
    outer loop
      vertex 2.43505 -3.17341 12
      vertex 10.0195 -17.9254 12
      vertex 2.63738 -3.00736 12
    endloop
  endfacet
  facet normal 0 0 1
    outer loop
      vertex 10.0195 -17.9254 12
      vertex 5.38506 -19.6303 12
      vertex 5.42133 -19.6453 12
    endloop
  endfacet
  facet normal -0 0 1
    outer loop
      vertex 2.22228 -3.32588 12
      vertex 10.0195 -17.9254 12
      vertex 2.43505 -3.17341 12
    endloop
  endfacet
  facet normal 0 0 1
    outer loop
      vertex 10.0195 -17.9254 12
      vertex 5.34787 -19.6176 12
      vertex 5.38506 -19.6303 12
    endloop
  endfacet
  facet normal 0 0 1
    outer loop
      vertex 10.0195 -17.9254 12
      vertex 5.30995 -19.6075 12
      vertex 5.34787 -19.6176 12
    endloop
  endfacet
  facet normal -0 0 1
    outer loop
      vertex 2 -3.4641 12
      vertex 10.0195 -17.9254 12
      vertex 2.22228 -3.32588 12
    endloop
  endfacet
  facet normal 0 0 1
    outer loop
      vertex 10.0195 -17.9254 12
      vertex 5.27144 -19.5998 12
      vertex 5.30995 -19.6075 12
    endloop
  endfacet
  facet normal -0 0 1
    outer loop
      vertex 1.76915 -3.58749 12
      vertex 10.0195 -17.9254 12
      vertex 2 -3.4641 12
    endloop
  endfacet
  facet normal 0 0 1
    outer loop
      vertex 10.0195 -17.9254 12
      vertex 5.23251 -19.5947 12
      vertex 5.27144 -19.5998 12
    endloop
  endfacet
  facet normal 0 -0 1
    outer loop
      vertex 5.15407 -19.5921 12
      vertex 10.0195 -17.9254 12
      vertex 1.76915 -3.58749 12
    endloop
  endfacet
  facet normal 0 0 1
    outer loop
      vertex 10.0195 -17.9254 12
      vertex 5.19334 -19.5921 12
      vertex 5.23251 -19.5947 12
    endloop
  endfacet
  facet normal 0 0 1
    outer loop
      vertex 10.0195 -17.9254 12
      vertex 5.15407 -19.5921 12
      vertex 5.19334 -19.5921 12
    endloop
  endfacet
  facet normal -0 0 1
    outer loop
      vertex 1.53073 -3.69552 12
      vertex 5.15407 -19.5921 12
      vertex 1.76915 -3.58749 12
    endloop
  endfacet
  facet normal 0 0 1
    outer loop
      vertex 5.15407 -19.5921 12
      vertex 1.53073 -3.69552 12
      vertex 5.1149 -19.5947 12
    endloop
  endfacet
  facet normal -0 0 1
    outer loop
      vertex 1.28576 -3.78772 12
      vertex 5.1149 -19.5947 12
      vertex 1.53073 -3.69552 12
    endloop
  endfacet
  facet normal 0 0 1
    outer loop
      vertex 5.1149 -19.5947 12
      vertex 1.28576 -3.78772 12
      vertex 5.07597 -19.5998 12
    endloop
  endfacet
  facet normal 0 0 1
    outer loop
      vertex 5.07597 -19.5998 12
      vertex 1.28576 -3.78772 12
      vertex 5.03746 -19.6075 12
    endloop
  endfacet
  facet normal -0 0 1
    outer loop
      vertex 1.03528 -3.8637 12
      vertex 5.03746 -19.6075 12
      vertex 1.28576 -3.78772 12
    endloop
  endfacet
  facet normal -0 0 1
    outer loop
      vertex 0.780361 -3.92314 12
      vertex 5.03746 -19.6075 12
      vertex 1.03528 -3.8637 12
    endloop
  endfacet
  facet normal 0 0 1
    outer loop
      vertex 5.03746 -19.6075 12
      vertex 0.780361 -3.92314 12
      vertex 3.95056 -19.8609 12
    endloop
  endfacet
  facet normal 0 0 1
    outer loop
      vertex 3.95056 -19.8609 12
      vertex 0.780361 -3.92314 12
      vertex 2.84946 -20.0427 12
    endloop
  endfacet
  facet normal -0 0 1
    outer loop
      vertex 0.522104 -3.96578 12
      vertex 2.84946 -20.0427 12
      vertex 0.780361 -3.92314 12
    endloop
  endfacet
  facet normal 0 0 1
    outer loop
      vertex 2.84946 -20.0427 12
      vertex 0.522104 -3.96578 12
      vertex 2.80225 -20.0524 12
    endloop
  endfacet
  facet normal -0 0 1
    outer loop
      vertex 0.261612 -3.99144 12
      vertex 2.80225 -20.0524 12
      vertex 0.522104 -3.96578 12
    endloop
  endfacet
  facet normal 0 0 1
    outer loop
      vertex 2.80225 -20.0524 12
      vertex 0.261612 -3.99144 12
      vertex 2.76448 -20.0632 12
    endloop
  endfacet
  facet normal -0 0 1
    outer loop
      vertex 0 -4 12
      vertex 2.76448 -20.0632 12
      vertex 0.261612 -3.99144 12
    endloop
  endfacet
  facet normal 0 0 1
    outer loop
      vertex 2.76448 -20.0632 12
      vertex 0 -4 12
      vertex 2.72749 -20.0763 12
    endloop
  endfacet
  facet normal -0 0 1
    outer loop
      vertex -2.73584 -20.0731 12
      vertex 2.72749 -20.0763 12
      vertex 0 -4 12
    endloop
  endfacet
  facet normal 0 -0 1
    outer loop
      vertex -2.69957 -20.0882 12
      vertex 2.72749 -20.0763 12
      vertex -2.73584 -20.0731 12
    endloop
  endfacet
  facet normal 0 0 1
    outer loop
      vertex 2.72749 -20.0763 12
      vertex -2.69957 -20.0882 12
      vertex 2.69144 -20.0919 12
    endloop
  endfacet
  facet normal 0 -0 1
    outer loop
      vertex -2.66435 -20.1055 12
      vertex 2.69144 -20.0919 12
      vertex -2.69957 -20.0882 12
    endloop
  endfacet
  facet normal 0 0 1
    outer loop
      vertex 2.69144 -20.0919 12
      vertex -2.66435 -20.1055 12
      vertex 2.65649 -20.1098 12
    endloop
  endfacet
  facet normal 0 -0 1
    outer loop
      vertex -2.63036 -20.1252 12
      vertex 2.65649 -20.1098 12
      vertex -2.66435 -20.1055 12
    endloop
  endfacet
  facet normal 0 0 1
    outer loop
      vertex 2.65649 -20.1098 12
      vertex -2.63036 -20.1252 12
      vertex 2.62279 -20.1299 12
    endloop
  endfacet
  facet normal 0 -0 1
    outer loop
      vertex -2.5977 -20.147 12
      vertex 2.62279 -20.1299 12
      vertex -2.63036 -20.1252 12
    endloop
  endfacet
  facet normal 0 0 1
    outer loop
      vertex 2.62279 -20.1299 12
      vertex -2.5977 -20.147 12
      vertex 2.59047 -20.1522 12
    endloop
  endfacet
  facet normal 0 -0 1
    outer loop
      vertex -2.56656 -20.1709 12
      vertex 2.59047 -20.1522 12
      vertex -2.5977 -20.147 12
    endloop
  endfacet
  facet normal 0 0 1
    outer loop
      vertex 2.59047 -20.1522 12
      vertex -2.56656 -20.1709 12
      vertex 2.55968 -20.1766 12
    endloop
  endfacet
  facet normal 0 -0 1
    outer loop
      vertex -2.50928 -20.2245 12
      vertex 2.53055 -20.2029 12
      vertex -2.53703 -20.1967 12
    endloop
  endfacet
  facet normal 0 0 1
    outer loop
      vertex 2.3705 -20.4691 12
      vertex -2.36287 -20.4984 12
      vertex 2.3609 -20.5072 12
    endloop
  endfacet
  facet normal 0 0 1
    outer loop
      vertex 2.3609 -20.5072 12
      vertex -2.35521 -20.5369 12
      vertex 2.35381 -20.5458 12
    endloop
  endfacet
  facet normal 0 -0 1
    outer loop
      vertex -2.35008 -20.5759 12
      vertex 2.35381 -20.5458 12
      vertex -2.35521 -20.5369 12
    endloop
  endfacet
  facet normal 0 0 1
    outer loop
      vertex 2.38255 -20.4317 12
      vertex -2.37303 -20.4605 12
      vertex 2.3705 -20.4691 12
    endloop
  endfacet
  facet normal 0 -0 1
    outer loop
      vertex -2.3475 -20.615 12
      vertex 2.34927 -20.5848 12
      vertex -2.35008 -20.5759 12
    endloop
  endfacet
  facet normal 0 0 1
    outer loop
      vertex 2.53055 -20.2029 12
      vertex -2.50928 -20.2245 12
      vertex 2.5032 -20.2311 12
    endloop
  endfacet
  facet normal 0 0 1
    outer loop
      vertex 2.34927 -20.5848 12
      vertex -2.3475 -20.615 12
      vertex 2.34729 -20.624 12
    endloop
  endfacet
  facet normal 0 0 1
    outer loop
      vertex -2.35103 -20.7024 12
      vertex 2.34729 -20.624 12
      vertex -2.3475 -20.6543 12
    endloop
  endfacet
  facet normal 0 -0 1
    outer loop
      vertex -2.48338 -20.254 12
      vertex 2.5032 -20.2311 12
      vertex -2.50928 -20.2245 12
    endloop
  endfacet
  facet normal 0 0 1
    outer loop
      vertex -2.53534 -22.3252 12
      vertex 2.34729 -20.624 12
      vertex -2.35103 -20.7024 12
    endloop
  endfacet
  facet normal 0 0 1
    outer loop
      vertex 2.5032 -20.2311 12
      vertex -2.48338 -20.254 12
      vertex 2.47775 -20.261 12
    endloop
  endfacet
  facet normal -0 -0 1
    outer loop
      vertex -2.52852 -22.9339 12
      vertex 2.27245 -24.1748 12
      vertex -2.53534 -22.3252 12
    endloop
  endfacet
  facet normal 0 -0 1
    outer loop
      vertex -2.45949 -20.2852 12
      vertex 2.47775 -20.261 12
      vertex -2.48338 -20.254 12
    endloop
  endfacet
  facet normal 0 0 1
    outer loop
      vertex 2.47775 -20.261 12
      vertex -2.45949 -20.2852 12
      vertex 2.45433 -20.2925 12
    endloop
  endfacet
  facet normal 0 -0 1
    outer loop
      vertex -2.43767 -20.3178 12
      vertex 2.45433 -20.2925 12
      vertex -2.45949 -20.2852 12
    endloop
  endfacet
  facet normal 0 -0 1
    outer loop
      vertex -2.53703 -20.1967 12
      vertex 2.55968 -20.1766 12
      vertex -2.56656 -20.1709 12
    endloop
  endfacet
  facet normal 0 0 1
    outer loop
      vertex -2.77303 -20.0605 12
      vertex 0 -4 12
      vertex -0.261612 -3.99144 12
    endloop
  endfacet
  facet normal 0 0 1
    outer loop
      vertex -2.81094 -20.0503 12
      vertex -0.261612 -3.99144 12
      vertex -0.522104 -3.96578 12
    endloop
  endfacet
  facet normal 0 0 1
    outer loop
      vertex -2.84946 -20.0427 12
      vertex -0.522104 -3.96578 12
      vertex -0.780361 -3.92314 12
    endloop
  endfacet
  facet normal -0 -0 1
    outer loop
      vertex -2.4875 -23.2423 12
      vertex 2.27245 -24.1748 12
      vertex -2.52852 -22.9339 12
    endloop
  endfacet
  facet normal 0 0 1
    outer loop
      vertex -5.03746 -19.6075 12
      vertex -0.780361 -3.92314 12
      vertex -1.03528 -3.8637 12
    endloop
  endfacet
  facet normal 0 0 1
    outer loop
      vertex 2.27245 -24.1748 12
      vertex -2.27245 -24.1748 12
      vertex 2.17474 -24.4868 12
    endloop
  endfacet
  facet normal 0 0 1
    outer loop
      vertex -5.03746 -19.6075 12
      vertex -1.03528 -3.8637 12
      vertex -1.28576 -3.78772 12
    endloop
  endfacet
  facet normal 0 -0 1
    outer loop
      vertex -2.17474 -24.4868 12
      vertex 2.17474 -24.4868 12
      vertex -2.27245 -24.1748 12
    endloop
  endfacet
  facet normal 0 -0 1
    outer loop
      vertex -2.06508 -24.7995 12
      vertex 2.06508 -24.7995 12
      vertex -2.17474 -24.4868 12
    endloop
  endfacet
  facet normal 0 0 1
    outer loop
      vertex -5.12381 -19.5939 12
      vertex -1.28576 -3.78772 12
      vertex -1.53073 -3.69552 12
    endloop
  endfacet
  facet normal 0 0 1
    outer loop
      vertex 2.06508 -24.7995 12
      vertex -2.06508 -24.7995 12
      vertex 1.94403 -25.1126 12
    endloop
  endfacet
  facet normal 0 0 1
    outer loop
      vertex -10.2388 -17.4723 12
      vertex -1.53073 -3.69552 12
      vertex -1.76915 -3.58749 12
    endloop
  endfacet
  facet normal 0 0 1
    outer loop
      vertex 0.998322 -26.9815 12
      vertex -1.18092 -26.6719 12
      vertex -0.998322 -26.9815 12
    endloop
  endfacet
  facet normal 0 0 1
    outer loop
      vertex 1.18092 -26.6719 12
      vertex -1.18092 -26.6719 12
      vertex 0.998322 -26.9815 12
    endloop
  endfacet
  facet normal 0 0 1
    outer loop
      vertex -10.2699 -17.4484 12
      vertex -1.76915 -3.58749 12
      vertex -2 -3.4641 12
    endloop
  endfacet
  facet normal 0 0 1
    outer loop
      vertex 1.35384 -26.3613 12
      vertex -1.35384 -26.3613 12
      vertex 1.18092 -26.6719 12
    endloop
  endfacet
  facet normal 0 -0 1
    outer loop
      vertex -1.35384 -26.3613 12
      vertex 1.35384 -26.3613 12
      vertex -1.51715 -26.0492 12
    endloop
  endfacet
  facet normal 0 0 1
    outer loop
      vertex -10.3026 -17.4266 12
      vertex -2 -3.4641 12
      vertex -2.22228 -3.32588 12
    endloop
  endfacet
  facet normal 0 0 1
    outer loop
      vertex 1.51715 -26.0492 12
      vertex -1.51715 -26.0492 12
      vertex 1.35384 -26.3613 12
    endloop
  endfacet
  facet normal 0 -0 1
    outer loop
      vertex -1.51715 -26.0492 12
      vertex 1.51715 -26.0492 12
      vertex -1.66971 -25.7377 12
    endloop
  endfacet
  facet normal 0 -0 1
    outer loop
      vertex -1.18092 -26.6719 12
      vertex 1.18092 -26.6719 12
      vertex -1.35384 -26.3613 12
    endloop
  endfacet
  facet normal 0 -0 1
    outer loop
      vertex -2.27245 -24.1748 12
      vertex 2.27245 -24.1748 12
      vertex -2.35797 -23.8626 12
    endloop
  endfacet
  facet normal -0 -0 1
    outer loop
      vertex -2.35797 -23.8626 12
      vertex 2.27245 -24.1748 12
      vertex -2.42996 -23.5521 12
    endloop
  endfacet
  facet normal -0 -0 1
    outer loop
      vertex -2.42996 -23.5521 12
      vertex 2.27245 -24.1748 12
      vertex -2.4875 -23.2423 12
    endloop
  endfacet
  facet normal 0 0 1
    outer loop
      vertex 2.34729 -20.624 12
      vertex -2.53534 -22.3252 12
      vertex 2.27245 -24.1748 12
    endloop
  endfacet
  facet normal 0 0 1
    outer loop
      vertex -2.3475 -20.6543 12
      vertex 2.34729 -20.624 12
      vertex -2.3475 -20.615 12
    endloop
  endfacet
  facet normal 0 0 1
    outer loop
      vertex 2.35381 -20.5458 12
      vertex -2.35008 -20.5759 12
      vertex 2.34927 -20.5848 12
    endloop
  endfacet
  facet normal 0 0 1
    outer loop
      vertex -12.1574 -16.1872 12
      vertex -2.22228 -3.32588 12
      vertex -2.43505 -3.17341 12
    endloop
  endfacet
  facet normal 0 -0 1
    outer loop
      vertex -2.35521 -20.5369 12
      vertex 2.3609 -20.5072 12
      vertex -2.36287 -20.4984 12
    endloop
  endfacet
  facet normal 0 -0 1
    outer loop
      vertex -2.36287 -20.4984 12
      vertex 2.3705 -20.4691 12
      vertex -2.37303 -20.4605 12
    endloop
  endfacet
  facet normal 0 -0 1
    outer loop
      vertex -2.37303 -20.4605 12
      vertex 2.38255 -20.4317 12
      vertex -2.38565 -20.4233 12
    endloop
  endfacet
  facet normal 0 0 1
    outer loop
      vertex 2.39703 -20.3952 12
      vertex -2.38565 -20.4233 12
      vertex 2.38255 -20.4317 12
    endloop
  endfacet
  facet normal 0 -0 1
    outer loop
      vertex -2.38565 -20.4233 12
      vertex 2.39703 -20.3952 12
      vertex -2.40068 -20.387 12
    endloop
  endfacet
  facet normal 0 0 1
    outer loop
      vertex 2.41388 -20.3598 12
      vertex -2.40068 -20.387 12
      vertex 2.39703 -20.3952 12
    endloop
  endfacet
  facet normal 0 -0 1
    outer loop
      vertex -2.40068 -20.387 12
      vertex 2.41388 -20.3598 12
      vertex -2.41805 -20.3518 12
    endloop
  endfacet
  facet normal 0 0 1
    outer loop
      vertex 2.433 -20.3255 12
      vertex -2.41805 -20.3518 12
      vertex 2.41388 -20.3598 12
    endloop
  endfacet
  facet normal 0 0 1
    outer loop
      vertex -12.1574 -16.1872 12
      vertex -2.43505 -3.17341 12
      vertex -2.63738 -3.00736 12
    endloop
  endfacet
  facet normal 0 -0 1
    outer loop
      vertex -2.41805 -20.3518 12
      vertex 2.433 -20.3255 12
      vertex -2.43767 -20.3178 12
    endloop
  endfacet
  facet normal 0 0 1
    outer loop
      vertex 2.45433 -20.2925 12
      vertex -2.43767 -20.3178 12
      vertex 2.433 -20.3255 12
    endloop
  endfacet
  facet normal 0 0 1
    outer loop
      vertex 2.55968 -20.1766 12
      vertex -2.53703 -20.1967 12
      vertex 2.53055 -20.2029 12
    endloop
  endfacet
  facet normal 0 0 1
    outer loop
      vertex 0 -4 12
      vertex -2.77303 -20.0605 12
      vertex -2.73584 -20.0731 12
    endloop
  endfacet
  facet normal 0 0 1
    outer loop
      vertex -0.261612 -3.99144 12
      vertex -2.81094 -20.0503 12
      vertex -2.77303 -20.0605 12
    endloop
  endfacet
  facet normal 0 0 1
    outer loop
      vertex -12.1574 -16.1872 12
      vertex -2.63738 -3.00736 12
      vertex -2.82843 -2.82843 12
    endloop
  endfacet
  facet normal 0 0 1
    outer loop
      vertex -0.522104 -3.96578 12
      vertex -2.84946 -20.0427 12
      vertex -2.81094 -20.0503 12
    endloop
  endfacet
  facet normal 0 0 1
    outer loop
      vertex -16.1458 -12.2241 12
      vertex -2.82843 -2.82843 12
      vertex -3.00736 -2.63738 12
    endloop
  endfacet
  facet normal 0 0 1
    outer loop
      vertex -16.1654 -12.1901 12
      vertex -3.00736 -2.63738 12
      vertex -3.17341 -2.43505 12
    endloop
  endfacet
  facet normal 0 0 1
    outer loop
      vertex -16.1872 -12.1574 12
      vertex -3.17341 -2.43505 12
      vertex -3.32588 -2.22228 12
    endloop
  endfacet
  facet normal 0 0 1
    outer loop
      vertex -17.4266 -10.3026 12
      vertex -3.32588 -2.22228 12
      vertex -3.4641 -2 12
    endloop
  endfacet
  facet normal 0 0 1
    outer loop
      vertex -17.4266 -10.3026 12
      vertex -3.4641 -2 12
      vertex -3.58749 -1.76915 12
    endloop
  endfacet
  facet normal 0 0 1
    outer loop
      vertex -17.478 -10.2319 12
      vertex -3.58749 -1.76915 12
      vertex -3.69552 -1.53073 12
    endloop
  endfacet
  facet normal 0 0 1
    outer loop
      vertex -19.5947 -5.1149 12
      vertex -3.69552 -1.53073 12
      vertex -3.78772 -1.28576 12
    endloop
  endfacet
  facet normal 0 0 1
    outer loop
      vertex -19.5998 -5.07597 12
      vertex -3.78772 -1.28576 12
      vertex -3.8637 -1.03528 12
    endloop
  endfacet
  facet normal 0 0 1
    outer loop
      vertex -19.6075 -5.03746 12
      vertex -3.8637 -1.03528 12
      vertex -3.92314 -0.780361 12
    endloop
  endfacet
  facet normal 0 0 1
    outer loop
      vertex -0.780361 -3.92314 12
      vertex -3.95056 -19.8609 12
      vertex -2.84946 -20.0427 12
    endloop
  endfacet
  facet normal 0 0 1
    outer loop
      vertex -20.0427 -2.84946 12
      vertex -3.92314 -0.780361 12
      vertex -3.96578 -0.522104 12
    endloop
  endfacet
  facet normal 0 0 1
    outer loop
      vertex -20.0427 -2.84946 12
      vertex -3.96578 -0.522104 12
      vertex -3.99144 -0.261612 12
    endloop
  endfacet
  facet normal 0 0 1
    outer loop
      vertex -20.0632 -2.76448 12
      vertex -3.99144 -0.261612 12
      vertex -4 0 12
    endloop
  endfacet
  facet normal -0 0 1
    outer loop
      vertex -16.1607 12.1977 12
      vertex -3.00736 2.63738 12
      vertex -16.1416 12.232 12
    endloop
  endfacet
  facet normal 0 0 1
    outer loop
      vertex -0.780361 -3.92314 12
      vertex -5.03746 -19.6075 12
      vertex -3.95056 -19.8609 12
    endloop
  endfacet
  facet normal -0 0 1
    outer loop
      vertex -16.1872 12.1574 12
      vertex -3.17341 2.43505 12
      vertex -16.1607 12.1977 12
    endloop
  endfacet
  facet normal 0 0 1
    outer loop
      vertex -3.32588 2.22228 12
      vertex -17.4266 10.3026 12
      vertex -3.4641 2 12
    endloop
  endfacet
  facet normal 0 0 1
    outer loop
      vertex -3.17341 2.43505 12
      vertex -16.1872 12.1574 12
      vertex -3.32588 2.22228 12
    endloop
  endfacet
  facet normal 0 0 1
    outer loop
      vertex -2 -3.4641 12
      vertex -10.3026 -17.4266 12
      vertex -10.2699 -17.4484 12
    endloop
  endfacet
  facet normal 0 0 1
    outer loop
      vertex -1.76915 3.58749 12
      vertex -10.2627 17.4537 12
      vertex -2 3.4641 12
    endloop
  endfacet
  facet normal 0 0 1
    outer loop
      vertex -1.28576 -3.78772 12
      vertex -5.08481 -19.5984 12
      vertex -5.03746 -19.6075 12
    endloop
  endfacet
  facet normal 0 0 1
    outer loop
      vertex -10.2028 17.5044 12
      vertex -5.15407 19.5921 12
      vertex -5.19334 19.5921 12
    endloop
  endfacet
  facet normal 0 0 1
    outer loop
      vertex -1.76915 -3.58749 12
      vertex -10.2699 -17.4484 12
      vertex -10.2388 -17.4723 12
    endloop
  endfacet
  facet normal 0 0 1
    outer loop
      vertex -10.1754 17.5325 12
      vertex -5.19334 19.5921 12
      vertex -5.23251 19.5947 12
    endloop
  endfacet
  facet normal 0 0 1
    outer loop
      vertex -1.53073 -3.69552 12
      vertex -10.2388 -17.4723 12
      vertex -10.2092 -17.4982 12
    endloop
  endfacet
  facet normal 0 0 1
    outer loop
      vertex -10.15 17.5624 12
      vertex -5.23251 19.5947 12
      vertex -5.27144 19.5998 12
    endloop
  endfacet
  facet normal 0 0 1
    outer loop
      vertex -1.28576 -3.78772 12
      vertex -5.12381 -19.5939 12
      vertex -5.08481 -19.5984 12
    endloop
  endfacet
  facet normal 0 0 1
    outer loop
      vertex -10.1265 17.5939 12
      vertex -5.27144 19.5998 12
      vertex -5.30995 19.6075 12
    endloop
  endfacet
  facet normal 0 0 1
    outer loop
      vertex -1.53073 -3.69552 12
      vertex -10.2092 -17.4982 12
      vertex -5.12381 -19.5939 12
    endloop
  endfacet
  facet normal 0 0 1
    outer loop
      vertex -10.1052 17.6269 12
      vertex -5.30995 19.6075 12
      vertex -5.34787 19.6176 12
    endloop
  endfacet
  facet normal 0 0 1
    outer loop
      vertex -5.12381 -19.5939 12
      vertex -10.2092 -17.4982 12
      vertex -5.16301 -19.5919 12
    endloop
  endfacet
  facet normal 0 0 1
    outer loop
      vertex -10.0861 17.6612 12
      vertex -5.34787 19.6176 12
      vertex -5.38506 19.6303 12
    endloop
  endfacet
  facet normal -0 -0 1
    outer loop
      vertex -10.1815 -17.526 12
      vertex -5.16301 -19.5919 12
      vertex -10.2092 -17.4982 12
    endloop
  endfacet
  facet normal 0 0 1
    outer loop
      vertex -10.0692 17.6967 12
      vertex -5.38506 19.6303 12
      vertex -5.42133 19.6453 12
    endloop
  endfacet
  facet normal 0 0 1
    outer loop
      vertex -5.16301 -19.5919 12
      vertex -10.1815 -17.526 12
      vertex -5.20227 -19.5925 12
    endloop
  endfacet
  facet normal 0 0 1
    outer loop
      vertex -10.0548 17.7332 12
      vertex -5.42133 19.6453 12
      vertex -5.45654 19.6626 12
    endloop
  endfacet
  facet normal -0 -0 1
    outer loop
      vertex -10.1556 -17.5555 12
      vertex -5.20227 -19.5925 12
      vertex -10.1815 -17.526 12
    endloop
  endfacet
  facet normal 0 0 1
    outer loop
      vertex -10.0427 17.7705 12
      vertex -5.45654 19.6626 12
      vertex -5.49054 19.6823 12
    endloop
  endfacet
  facet normal 0 0 1
    outer loop
      vertex -5.20227 -19.5925 12
      vertex -10.1556 -17.5555 12
      vertex -5.24141 -19.5956 12
    endloop
  endfacet
  facet normal 0 0 1
    outer loop
      vertex -10.0331 17.8086 12
      vertex -5.49054 19.6823 12
      vertex -5.52319 19.7041 12
    endloop
  endfacet
  facet normal -0 -0 1
    outer loop
      vertex -10.1317 -17.5866 12
      vertex -5.24141 -19.5956 12
      vertex -10.1556 -17.5555 12
    endloop
  endfacet
  facet normal 0 0 1
    outer loop
      vertex -10.026 17.8472 12
      vertex -5.52319 19.7041 12
      vertex -5.55434 19.728 12
    endloop
  endfacet
  facet normal 0 0 1
    outer loop
      vertex -5.24141 -19.5956 12
      vertex -10.1317 -17.5866 12
      vertex -5.28026 -19.6013 12
    endloop
  endfacet
  facet normal 0 0 1
    outer loop
      vertex -10.0215 17.8862 12
      vertex -5.55434 19.728 12
      vertex -5.58386 19.7539 12
    endloop
  endfacet
  facet normal -0 -0 1
    outer loop
      vertex -10.1099 -17.6193 12
      vertex -5.28026 -19.6013 12
      vertex -10.1317 -17.5866 12
    endloop
  endfacet
  facet normal 0 0 1
    outer loop
      vertex -10.0195 17.9254 12
      vertex -5.58386 19.7539 12
      vertex -5.61162 19.7816 12
    endloop
  endfacet
  facet normal -0 0 1
    outer loop
      vertex -17.4266 10.3026 12
      vertex -3.32588 2.22228 12
      vertex -16.8372 11.2504 12
    endloop
  endfacet
  facet normal 0 0 1
    outer loop
      vertex -10.0201 17.9647 12
      vertex -5.61162 19.7816 12
      vertex -5.63751 19.8112 12
    endloop
  endfacet
  facet normal 0 0 1
    outer loop
      vertex -5.28026 -19.6013 12
      vertex -10.1099 -17.6193 12
      vertex -5.31865 -19.6096 12
    endloop
  endfacet
  facet normal 0 0 1
    outer loop
      vertex -10.0232 18.0038 12
      vertex -5.63751 19.8112 12
      vertex -5.66141 19.8423 12
    endloop
  endfacet
  facet normal -0 -0 1
    outer loop
      vertex -10.0729 -17.6885 12
      vertex -5.35641 -19.6203 12
      vertex -10.0902 -17.6533 12
    endloop
  endfacet
  facet normal 0 0 1
    outer loop
      vertex -10.0289 18.0427 12
      vertex -5.66141 19.8423 12
      vertex -5.68323 19.875 12
    endloop
  endfacet
  facet normal 0 0 1
    outer loop
      vertex -5.35641 -19.6203 12
      vertex -10.0729 -17.6885 12
      vertex -5.3934 -19.6335 12
    endloop
  endfacet
  facet normal 0 0 1
    outer loop
      vertex -10.0372 18.0811 12
      vertex -5.68323 19.875 12
      vertex -5.70287 19.909 12
    endloop
  endfacet
  facet normal -0 -0 1
    outer loop
      vertex -10.0579 -17.7248 12
      vertex -5.3934 -19.6335 12
      vertex -10.0729 -17.6885 12
    endloop
  endfacet
  facet normal 0 0 1
    outer loop
      vertex -10.0479 18.1188 12
      vertex -5.70287 19.909 12
      vertex -5.72023 19.9442 12
    endloop
  endfacet
  facet normal 0 0 1
    outer loop
      vertex -5.3934 -19.6335 12
      vertex -10.0579 -17.7248 12
      vertex -5.42944 -19.649 12
    endloop
  endfacet
  facet normal 0 0 1
    outer loop
      vertex -10.0611 18.1558 12
      vertex -5.72023 19.9442 12
      vertex -5.73524 19.9805 12
    endloop
  endfacet
  facet normal -0 -0 1
    outer loop
      vertex -10.0452 -17.7619 12
      vertex -5.42944 -19.649 12
      vertex -10.0579 -17.7248 12
    endloop
  endfacet
  facet normal 0 0 1
    outer loop
      vertex -10.0766 18.1919 12
      vertex -5.73524 19.9805 12
      vertex -5.7504 20.0262 12
    endloop
  endfacet
  facet normal 0 0 1
    outer loop
      vertex -5.42944 -19.649 12
      vertex -10.0452 -17.7619 12
      vertex -5.4644 -19.6669 12
    endloop
  endfacet
  facet normal 0 0 1
    outer loop
      vertex -10.0945 18.2268 12
      vertex -5.7504 20.0262 12
      vertex -6.20113 21.5959 12
    endloop
  endfacet
  facet normal 0 0 1
    outer loop
      vertex -5.23251 19.5947 12
      vertex -10.15 17.5624 12
      vertex -10.1754 17.5325 12
    endloop
  endfacet
  facet normal 0 0 1
    outer loop
      vertex -10.8858 19.6556 12
      vertex -6.20113 21.5959 12
      vertex -6.30408 21.8808 12
    endloop
  endfacet
  facet normal 0 0 1
    outer loop
      vertex -5.27144 19.5998 12
      vertex -10.1265 17.5939 12
      vertex -10.15 17.5624 12
    endloop
  endfacet
  facet normal 0 0 1
    outer loop
      vertex -10.8858 19.6556 12
      vertex -6.30408 21.8808 12
      vertex -6.44044 22.1559 12
    endloop
  endfacet
  facet normal 0 0 1
    outer loop
      vertex -5.19334 19.5921 12
      vertex -10.1754 17.5325 12
      vertex -10.2028 17.5044 12
    endloop
  endfacet
  facet normal 0 0 1
    outer loop
      vertex -11.1125 20.2206 12
      vertex -6.44044 22.1559 12
      vertex -6.59621 22.4249 12
    endloop
  endfacet
  facet normal 0 0 1
    outer loop
      vertex -5.30995 19.6075 12
      vertex -10.1052 17.6269 12
      vertex -10.1265 17.5939 12
    endloop
  endfacet
  facet normal 0 0 1
    outer loop
      vertex -11.1926 20.521 12
      vertex -6.59621 22.4249 12
      vertex -6.76797 22.6891 12
    endloop
  endfacet
  facet normal 0 0 1
    outer loop
      vertex -5.34787 19.6176 12
      vertex -10.0861 17.6612 12
      vertex -10.1052 17.6269 12
    endloop
  endfacet
  facet normal 0 0 1
    outer loop
      vertex -11.258 20.8295 12
      vertex -6.76797 22.6891 12
      vertex -6.9536 22.9489 12
    endloop
  endfacet
  facet normal -0 0 1
    outer loop
      vertex -10.0197 -17.9557 12
      vertex -5.59035 -19.7601 12
      vertex -10.0197 -17.9165 12
    endloop
  endfacet
  facet normal 0 0 1
    outer loop
      vertex -11.3103 21.1442 12
      vertex -6.9536 22.9489 12
      vertex -7.15176 23.2042 12
    endloop
  endfacet
  facet normal 0 0 1
    outer loop
      vertex -5.38506 19.6303 12
      vertex -10.0692 17.6967 12
      vertex -10.0861 17.6612 12
    endloop
  endfacet
  facet normal 0 0 1
    outer loop
      vertex -11.3507 21.4648 12
      vertex -7.15176 23.2042 12
      vertex -7.36171 23.4553 12
    endloop
  endfacet
  facet normal 0 0 1
    outer loop
      vertex -5.42133 19.6453 12
      vertex -10.0548 17.7332 12
      vertex -10.0692 17.6967 12
    endloop
  endfacet
  facet normal 0 0 1
    outer loop
      vertex -11.3799 21.7906 12
      vertex -7.36171 23.4553 12
      vertex -7.58221 23.7018 12
    endloop
  endfacet
  facet normal 0 0 1
    outer loop
      vertex -5.64314 -19.8181 12
      vertex -10.0274 -18.0338 12
      vertex -5.66656 -19.8496 12
    endloop
  endfacet
  facet normal 0 0 1
    outer loop
      vertex -11.3982 22.1213 12
      vertex -7.58221 23.7018 12
      vertex -7.81407 23.9449 12
    endloop
  endfacet
  facet normal 0 0 1
    outer loop
      vertex -5.45654 19.6626 12
      vertex -10.0427 17.7705 12
      vertex -10.0548 17.7332 12
    endloop
  endfacet
  facet normal 0 0 1
    outer loop
      vertex -11.4062 22.4569 12
      vertex -7.81407 23.9449 12
      vertex -8.05544 24.1832 12
    endloop
  endfacet
  facet normal 0 0 1
    outer loop
      vertex -5.49054 19.6823 12
      vertex -10.0331 17.8086 12
      vertex -10.0427 17.7705 12
    endloop
  endfacet
  facet normal 0 0 1
    outer loop
      vertex -11.404 22.7965 12
      vertex -8.05544 24.1832 12
      vertex -8.3069 24.4176 12
    endloop
  endfacet
  facet normal -0 0 1
    outer loop
      vertex -10.0579 -18.1475 12
      vertex -5.70702 -19.9169 12
      vertex -10.0452 -18.1103 12
    endloop
  endfacet
  facet normal 0 0 1
    outer loop
      vertex -11.392 23.1393 12
      vertex -8.3069 24.4176 12
      vertex -8.56714 24.6471 12
    endloop
  endfacet
  facet normal 0 0 1
    outer loop
      vertex -5.52319 19.7041 12
      vertex -10.026 17.8472 12
      vertex -10.0331 17.8086 12
    endloop
  endfacet
  facet normal 0 0 1
    outer loop
      vertex -11.3702 23.4859 12
      vertex -8.56714 24.6471 12
      vertex -8.83717 24.8727 12
    endloop
  endfacet
  facet normal -0 0 1
    outer loop
      vertex -10.0945 -18.2268 12
      vertex -5.7504 -20.0262 12
      vertex -10.0729 -18.1837 12
    endloop
  endfacet
  facet normal 0 0 1
    outer loop
      vertex -11.3388 23.8366 12
      vertex -8.83717 24.8727 12
      vertex -9.11551 25.0933 12
    endloop
  endfacet
  facet normal 0 0 1
    outer loop
      vertex -5.55434 19.728 12
      vertex -10.0215 17.8862 12
      vertex -10.026 17.8472 12
    endloop
  endfacet
  facet normal 0 0 1
    outer loop
      vertex -11.298 24.1892 12
      vertex -9.11551 25.0933 12
      vertex -9.40305 25.3097 12
    endloop
  endfacet
  facet normal 0 0 1
    outer loop
      vertex -6.20113 -21.5959 12
      vertex -10.8858 -19.6556 12
      vertex -6.30408 -21.8808 12
    endloop
  endfacet
  facet normal 0 0 1
    outer loop
      vertex -5.58386 19.7539 12
      vertex -10.0195 17.9254 12
      vertex -10.0215 17.8862 12
    endloop
  endfacet
  facet normal 0 0 1
    outer loop
      vertex -5.61162 19.7816 12
      vertex -10.0201 17.9647 12
      vertex -10.0195 17.9254 12
    endloop
  endfacet
  facet normal 0 0 1
    outer loop
      vertex -5.63751 19.8112 12
      vertex -10.0232 18.0038 12
      vertex -10.0201 17.9647 12
    endloop
  endfacet
  facet normal 0 0 1
    outer loop
      vertex -5.66141 19.8423 12
      vertex -10.0289 18.0427 12
      vertex -10.0232 18.0038 12
    endloop
  endfacet
  facet normal 0 0 1
    outer loop
      vertex -5.68323 19.875 12
      vertex -10.0372 18.0811 12
      vertex -10.0289 18.0427 12
    endloop
  endfacet
  facet normal 0 0 1
    outer loop
      vertex -5.70287 19.909 12
      vertex -10.0479 18.1188 12
      vertex -10.0372 18.0811 12
    endloop
  endfacet
  facet normal 0 0 1
    outer loop
      vertex -5.72023 19.9442 12
      vertex -10.0611 18.1558 12
      vertex -10.0479 18.1188 12
    endloop
  endfacet
  facet normal 0 0 1
    outer loop
      vertex -5.73524 19.9805 12
      vertex -10.0766 18.1919 12
      vertex -10.0611 18.1558 12
    endloop
  endfacet
  facet normal 0 0 1
    outer loop
      vertex -5.7504 20.0262 12
      vertex -10.0945 18.2268 12
      vertex -10.0766 18.1919 12
    endloop
  endfacet
  facet normal 0 0 1
    outer loop
      vertex -6.20113 21.5959 12
      vertex -10.8858 19.6556 12
      vertex -10.0945 18.2268 12
    endloop
  endfacet
  facet normal 0 0 1
    outer loop
      vertex -6.59621 22.4249 12
      vertex -11.1926 20.521 12
      vertex -11.1125 20.2206 12
    endloop
  endfacet
  facet normal 0 0 1
    outer loop
      vertex -10.8858 19.6556 12
      vertex -11.1125 20.2206 12
      vertex -11.0144 19.9297 12
    endloop
  endfacet
  facet normal 0 0 1
    outer loop
      vertex -6.44044 22.1559 12
      vertex -11.1125 20.2206 12
      vertex -10.8858 19.6556 12
    endloop
  endfacet
  facet normal 0 0 1
    outer loop
      vertex -11.298 24.1892 12
      vertex -9.40305 25.3097 12
      vertex -11.2477 24.5456 12
    endloop
  endfacet
  facet normal 0 0 1
    outer loop
      vertex -9.11551 25.0933 12
      vertex -11.298 24.1892 12
      vertex -11.3388 23.8366 12
    endloop
  endfacet
  facet normal 0 0 1
    outer loop
      vertex -8.83717 24.8727 12
      vertex -11.3388 23.8366 12
      vertex -11.3702 23.4859 12
    endloop
  endfacet
  facet normal 0 0 1
    outer loop
      vertex -8.56714 24.6471 12
      vertex -11.3702 23.4859 12
      vertex -11.392 23.1393 12
    endloop
  endfacet
  facet normal 0 0 1
    outer loop
      vertex -6.76797 22.6891 12
      vertex -11.258 20.8295 12
      vertex -11.1926 20.521 12
    endloop
  endfacet
  facet normal 0 0 1
    outer loop
      vertex -6.9536 22.9489 12
      vertex -11.3103 21.1442 12
      vertex -11.258 20.8295 12
    endloop
  endfacet
  facet normal 0 0 1
    outer loop
      vertex -7.15176 23.2042 12
      vertex -11.3507 21.4648 12
      vertex -11.3103 21.1442 12
    endloop
  endfacet
  facet normal 0 0 1
    outer loop
      vertex -7.36171 23.4553 12
      vertex -11.3799 21.7906 12
      vertex -11.3507 21.4648 12
    endloop
  endfacet
  facet normal 0 0 1
    outer loop
      vertex -8.3069 24.4176 12
      vertex -11.392 23.1393 12
      vertex -11.404 22.7965 12
    endloop
  endfacet
  facet normal 0 0 1
    outer loop
      vertex -7.58221 23.7018 12
      vertex -11.3982 22.1213 12
      vertex -11.3799 21.7906 12
    endloop
  endfacet
  facet normal 0 0 1
    outer loop
      vertex -8.05544 24.1832 12
      vertex -11.404 22.7965 12
      vertex -11.4062 22.4569 12
    endloop
  endfacet
  facet normal 0 0 1
    outer loop
      vertex -7.81407 23.9449 12
      vertex -11.4062 22.4569 12
      vertex -11.3982 22.1213 12
    endloop
  endfacet
  facet normal 0 0 1
    outer loop
      vertex -3.92314 0.780361 12
      vertex -20.0427 2.84946 12
      vertex -3.96578 0.522104 12
    endloop
  endfacet
  facet normal 0 0 1
    outer loop
      vertex -3.69552 -1.53073 12
      vertex -19.5921 -5.15407 12
      vertex -17.478 -10.2319 12
    endloop
  endfacet
  facet normal 0 0 1
    outer loop
      vertex -3.96578 0.522104 12
      vertex -20.0427 2.84946 12
      vertex -3.99144 0.261612 12
    endloop
  endfacet
  facet normal 0 0 1
    outer loop
      vertex -3.69552 -1.53073 12
      vertex -19.5947 -5.1149 12
      vertex -19.5921 -5.15407 12
    endloop
  endfacet
  facet normal 0 0 1
    outer loop
      vertex -3.8637 -1.03528 12
      vertex -19.6075 -5.03746 12
      vertex -19.5998 -5.07597 12
    endloop
  endfacet
  facet normal 0 0 1
    outer loop
      vertex -3.78772 -1.28576 12
      vertex -19.5998 -5.07597 12
      vertex -19.5947 -5.1149 12
    endloop
  endfacet
  facet normal -0 0 1
    outer loop
      vertex -20.0503 2.81094 12
      vertex -3.99144 0.261612 12
      vertex -20.0427 2.84946 12
    endloop
  endfacet
  facet normal -0 0 1
    outer loop
      vertex -20.0605 2.77303 12
      vertex -3.99144 0.261612 12
      vertex -20.0503 2.81094 12
    endloop
  endfacet
  facet normal 0 0 1
    outer loop
      vertex -3.92314 -0.780361 12
      vertex -20.0427 -2.84946 12
      vertex -19.8609 -3.95056 12
    endloop
  endfacet
  facet normal 0 0 1
    outer loop
      vertex -3.92314 -0.780361 12
      vertex -19.8609 -3.95056 12
      vertex -19.6075 -5.03746 12
    endloop
  endfacet
  facet normal 0 0 1
    outer loop
      vertex -3.99144 0.261612 12
      vertex -20.0605 2.77303 12
      vertex -4 0 12
    endloop
  endfacet
  facet normal 0 0 1
    outer loop
      vertex -3.99144 -0.261612 12
      vertex -20.0524 -2.80225 12
      vertex -20.0427 -2.84946 12
    endloop
  endfacet
  facet normal -0 0 1
    outer loop
      vertex -20.0731 2.73584 12
      vertex -4 0 12
      vertex -20.0605 2.77303 12
    endloop
  endfacet
  facet normal 0 0 1
    outer loop
      vertex -3.99144 -0.261612 12
      vertex -20.0632 -2.76448 12
      vertex -20.0524 -2.80225 12
    endloop
  endfacet
  facet normal 0 0 1
    outer loop
      vertex -4 0 12
      vertex -20.0731 2.73584 12
      vertex -20.0632 -2.76448 12
    endloop
  endfacet
  facet normal 0 0 1
    outer loop
      vertex -20.0731 2.73584 12
      vertex -20.0763 -2.72749 12
      vertex -20.0632 -2.76448 12
    endloop
  endfacet
  facet normal -0 0 1
    outer loop
      vertex -20.0882 2.69957 12
      vertex -20.0763 -2.72749 12
      vertex -20.0731 2.73584 12
    endloop
  endfacet
  facet normal 0 0 1
    outer loop
      vertex -20.0882 2.69957 12
      vertex -20.0919 -2.69144 12
      vertex -20.0763 -2.72749 12
    endloop
  endfacet
  facet normal -0 0 1
    outer loop
      vertex -20.1055 2.66435 12
      vertex -20.0919 -2.69144 12
      vertex -20.0882 2.69957 12
    endloop
  endfacet
  facet normal 0 0 1
    outer loop
      vertex -20.1055 2.66435 12
      vertex -20.1098 -2.65649 12
      vertex -20.0919 -2.69144 12
    endloop
  endfacet
  facet normal -0 0 1
    outer loop
      vertex -20.1252 2.63036 12
      vertex -20.1098 -2.65649 12
      vertex -20.1055 2.66435 12
    endloop
  endfacet
  facet normal 0 0 1
    outer loop
      vertex -20.1252 2.63036 12
      vertex -20.1299 -2.62279 12
      vertex -20.1098 -2.65649 12
    endloop
  endfacet
  facet normal -0 0 1
    outer loop
      vertex -20.147 2.5977 12
      vertex -20.1299 -2.62279 12
      vertex -20.1252 2.63036 12
    endloop
  endfacet
  facet normal 0 0 1
    outer loop
      vertex -20.147 2.5977 12
      vertex -20.1522 -2.59047 12
      vertex -20.1299 -2.62279 12
    endloop
  endfacet
  facet normal -0 0 1
    outer loop
      vertex -20.1709 2.56656 12
      vertex -20.1522 -2.59047 12
      vertex -20.147 2.5977 12
    endloop
  endfacet
  facet normal 0 0 1
    outer loop
      vertex -20.1709 2.56656 12
      vertex -20.1766 -2.55968 12
      vertex -20.1522 -2.59047 12
    endloop
  endfacet
  facet normal -0 0 1
    outer loop
      vertex -20.1967 2.53703 12
      vertex -20.1766 -2.55968 12
      vertex -20.1709 2.56656 12
    endloop
  endfacet
  facet normal 0 0 1
    outer loop
      vertex -20.1967 2.53703 12
      vertex -20.2029 -2.53055 12
      vertex -20.1766 -2.55968 12
    endloop
  endfacet
  facet normal -0 0 1
    outer loop
      vertex -20.2245 2.50928 12
      vertex -20.2029 -2.53055 12
      vertex -20.1967 2.53703 12
    endloop
  endfacet
  facet normal 0 0 1
    outer loop
      vertex -20.2245 2.50928 12
      vertex -20.2311 -2.5032 12
      vertex -20.2029 -2.53055 12
    endloop
  endfacet
  facet normal -0 0 1
    outer loop
      vertex -20.254 2.48338 12
      vertex -20.2311 -2.5032 12
      vertex -20.2245 2.50928 12
    endloop
  endfacet
  facet normal 0 0 1
    outer loop
      vertex -20.254 2.48338 12
      vertex -20.261 -2.47775 12
      vertex -20.2311 -2.5032 12
    endloop
  endfacet
  facet normal -0 0 1
    outer loop
      vertex -20.2852 2.45949 12
      vertex -20.261 -2.47775 12
      vertex -20.254 2.48338 12
    endloop
  endfacet
  facet normal 0 0 1
    outer loop
      vertex -20.2852 2.45949 12
      vertex -20.2925 -2.45433 12
      vertex -20.261 -2.47775 12
    endloop
  endfacet
  facet normal -0 0 1
    outer loop
      vertex -20.3178 2.43767 12
      vertex -20.2925 -2.45433 12
      vertex -20.2852 2.45949 12
    endloop
  endfacet
  facet normal 0 0 1
    outer loop
      vertex -20.3178 2.43767 12
      vertex -20.3255 -2.433 12
      vertex -20.2925 -2.45433 12
    endloop
  endfacet
  facet normal -0 0 1
    outer loop
      vertex -20.3518 2.41805 12
      vertex -20.3255 -2.433 12
      vertex -20.3178 2.43767 12
    endloop
  endfacet
  facet normal 0 0 1
    outer loop
      vertex -20.3518 2.41805 12
      vertex -20.3598 -2.41388 12
      vertex -20.3255 -2.433 12
    endloop
  endfacet
  facet normal -0 0 1
    outer loop
      vertex -20.387 2.40068 12
      vertex -20.3598 -2.41388 12
      vertex -20.3518 2.41805 12
    endloop
  endfacet
  facet normal 0 0 1
    outer loop
      vertex -20.387 2.40068 12
      vertex -20.3952 -2.39703 12
      vertex -20.3598 -2.41388 12
    endloop
  endfacet
  facet normal -0 0 1
    outer loop
      vertex -20.4233 2.38565 12
      vertex -20.3952 -2.39703 12
      vertex -20.387 2.40068 12
    endloop
  endfacet
  facet normal 0 0 1
    outer loop
      vertex -20.4233 2.38565 12
      vertex -20.4317 -2.38255 12
      vertex -20.3952 -2.39703 12
    endloop
  endfacet
  facet normal -0 0 1
    outer loop
      vertex -20.4605 2.37303 12
      vertex -20.4317 -2.38255 12
      vertex -20.4233 2.38565 12
    endloop
  endfacet
  facet normal 0 0 1
    outer loop
      vertex -20.4605 2.37303 12
      vertex -20.4691 -2.3705 12
      vertex -20.4317 -2.38255 12
    endloop
  endfacet
  facet normal -0 0 1
    outer loop
      vertex -20.4984 2.36287 12
      vertex -20.4691 -2.3705 12
      vertex -20.4605 2.37303 12
    endloop
  endfacet
  facet normal 0 0 1
    outer loop
      vertex -20.4984 2.36287 12
      vertex -20.5072 -2.3609 12
      vertex -20.4691 -2.3705 12
    endloop
  endfacet
  facet normal -0 0 1
    outer loop
      vertex -20.5369 2.35521 12
      vertex -20.5072 -2.3609 12
      vertex -20.4984 2.36287 12
    endloop
  endfacet
  facet normal 0 0 1
    outer loop
      vertex -20.5369 2.35521 12
      vertex -20.5458 -2.35381 12
      vertex -20.5072 -2.3609 12
    endloop
  endfacet
  facet normal -0 0 1
    outer loop
      vertex -20.5759 2.35008 12
      vertex -20.5458 -2.35381 12
      vertex -20.5369 2.35521 12
    endloop
  endfacet
  facet normal 0 0 1
    outer loop
      vertex -20.5759 2.35008 12
      vertex -20.5848 -2.34927 12
      vertex -20.5458 -2.35381 12
    endloop
  endfacet
  facet normal -0 0 1
    outer loop
      vertex -20.615 2.3475 12
      vertex -20.5848 -2.34927 12
      vertex -20.5759 2.35008 12
    endloop
  endfacet
  facet normal 0 0 1
    outer loop
      vertex -20.615 2.3475 12
      vertex -20.624 -2.34729 12
      vertex -20.5848 -2.34927 12
    endloop
  endfacet
  facet normal -0 0 1
    outer loop
      vertex -20.6543 2.3475 12
      vertex -20.624 -2.34729 12
      vertex -20.615 2.3475 12
    endloop
  endfacet
  facet normal 0 0 1
    outer loop
      vertex -20.6543 2.3475 12
      vertex -20.6632 -2.34787 12
      vertex -20.624 -2.34729 12
    endloop
  endfacet
  facet normal 0 0 1
    outer loop
      vertex -20.7024 2.35103 12
      vertex -20.6632 -2.34787 12
      vertex -20.6543 2.3475 12
    endloop
  endfacet
  facet normal 0 0 1
    outer loop
      vertex -20.7024 2.35103 12
      vertex -20.7024 -2.35103 12
      vertex -20.6632 -2.34787 12
    endloop
  endfacet
  facet normal 0 0 1
    outer loop
      vertex -22.3252 2.53534 12
      vertex -20.7024 -2.35103 12
      vertex -20.7024 2.35103 12
    endloop
  endfacet
  facet normal 0 0 1
    outer loop
      vertex -22.3252 2.53534 12
      vertex -22.3252 -2.53534 12
      vertex -20.7024 -2.35103 12
    endloop
  endfacet
  facet normal 0 0 1
    outer loop
      vertex -22.6277 2.54919 12
      vertex -22.3252 -2.53534 12
      vertex -22.3252 2.53534 12
    endloop
  endfacet
  facet normal 0 0 1
    outer loop
      vertex -22.6277 2.54919 12
      vertex -22.6277 -2.54919 12
      vertex -22.3252 -2.53534 12
    endloop
  endfacet
  facet normal -0 0 1
    outer loop
      vertex -22.9339 2.52852 12
      vertex -22.6277 -2.54919 12
      vertex -22.6277 2.54919 12
    endloop
  endfacet
  facet normal 0 0 1
    outer loop
      vertex -22.9339 2.52852 12
      vertex -22.9339 -2.52852 12
      vertex -22.6277 -2.54919 12
    endloop
  endfacet
  facet normal -0 0 1
    outer loop
      vertex -23.2423 2.4875 12
      vertex -22.9339 -2.52852 12
      vertex -22.9339 2.52852 12
    endloop
  endfacet
  facet normal 0 0 1
    outer loop
      vertex -23.2423 2.4875 12
      vertex -23.2423 -2.4875 12
      vertex -22.9339 -2.52852 12
    endloop
  endfacet
  facet normal -0 0 1
    outer loop
      vertex -23.5521 2.42996 12
      vertex -23.2423 -2.4875 12
      vertex -23.2423 2.4875 12
    endloop
  endfacet
  facet normal 0 0 1
    outer loop
      vertex -23.5521 2.42996 12
      vertex -23.5521 -2.42996 12
      vertex -23.2423 -2.4875 12
    endloop
  endfacet
  facet normal -0 0 1
    outer loop
      vertex -23.8626 2.35797 12
      vertex -23.5521 -2.42996 12
      vertex -23.5521 2.42996 12
    endloop
  endfacet
  facet normal 0 0 1
    outer loop
      vertex -23.8626 2.35797 12
      vertex -23.8626 -2.35797 12
      vertex -23.5521 -2.42996 12
    endloop
  endfacet
  facet normal -0 0 1
    outer loop
      vertex -24.1748 2.27245 12
      vertex -23.8626 -2.35797 12
      vertex -23.8626 2.35797 12
    endloop
  endfacet
  facet normal 0 0 1
    outer loop
      vertex -24.1748 2.27245 12
      vertex -24.1748 -2.27245 12
      vertex -23.8626 -2.35797 12
    endloop
  endfacet
  facet normal -0 0 1
    outer loop
      vertex -24.4868 2.17474 12
      vertex -24.1748 -2.27245 12
      vertex -24.1748 2.27245 12
    endloop
  endfacet
  facet normal 0 0 1
    outer loop
      vertex -24.4868 2.17474 12
      vertex -24.4868 -2.17474 12
      vertex -24.1748 -2.27245 12
    endloop
  endfacet
  facet normal -0 0 1
    outer loop
      vertex -24.7995 2.06508 12
      vertex -24.4868 -2.17474 12
      vertex -24.4868 2.17474 12
    endloop
  endfacet
  facet normal 0 0 1
    outer loop
      vertex -24.7995 2.06508 12
      vertex -24.7995 -2.06508 12
      vertex -24.4868 -2.17474 12
    endloop
  endfacet
  facet normal -0 0 1
    outer loop
      vertex -25.1126 1.94403 12
      vertex -24.7995 -2.06508 12
      vertex -24.7995 2.06508 12
    endloop
  endfacet
  facet normal 0 0 1
    outer loop
      vertex -25.1126 1.94403 12
      vertex -25.1126 -1.94403 12
      vertex -24.7995 -2.06508 12
    endloop
  endfacet
  facet normal -0 0 1
    outer loop
      vertex -25.4252 1.81219 12
      vertex -25.1126 -1.94403 12
      vertex -25.1126 1.94403 12
    endloop
  endfacet
  facet normal 0 0 1
    outer loop
      vertex -25.4252 1.81219 12
      vertex -25.4252 -1.81219 12
      vertex -25.1126 -1.94403 12
    endloop
  endfacet
  facet normal -0 0 1
    outer loop
      vertex -25.7377 1.66971 12
      vertex -25.4252 -1.81219 12
      vertex -25.4252 1.81219 12
    endloop
  endfacet
  facet normal 0 0 1
    outer loop
      vertex -25.7377 1.66971 12
      vertex -25.7377 -1.66971 12
      vertex -25.4252 -1.81219 12
    endloop
  endfacet
  facet normal -0 0 1
    outer loop
      vertex -26.0492 1.51715 12
      vertex -25.7377 -1.66971 12
      vertex -25.7377 1.66971 12
    endloop
  endfacet
  facet normal 0 0 1
    outer loop
      vertex -26.0492 1.51715 12
      vertex -26.0492 -1.51715 12
      vertex -25.7377 -1.66971 12
    endloop
  endfacet
  facet normal -0 0 1
    outer loop
      vertex -26.3613 1.35384 12
      vertex -26.0492 -1.51715 12
      vertex -26.0492 1.51715 12
    endloop
  endfacet
  facet normal 0 0 1
    outer loop
      vertex -26.3613 1.35384 12
      vertex -26.3613 -1.35384 12
      vertex -26.0492 -1.51715 12
    endloop
  endfacet
  facet normal -0 0 1
    outer loop
      vertex -26.6719 1.18092 12
      vertex -26.3613 -1.35384 12
      vertex -26.3613 1.35384 12
    endloop
  endfacet
  facet normal 0 0 1
    outer loop
      vertex -26.6719 1.18092 12
      vertex -26.6719 -1.18092 12
      vertex -26.3613 -1.35384 12
    endloop
  endfacet
  facet normal -0 0 1
    outer loop
      vertex -26.9815 0.998322 12
      vertex -26.6719 -1.18092 12
      vertex -26.6719 1.18092 12
    endloop
  endfacet
  facet normal 0 0 1
    outer loop
      vertex -26.6719 -1.18092 12
      vertex -26.9815 0.998322 12
      vertex -26.9815 -0.998322 12
    endloop
  endfacet
  facet normal -0 0 1
    outer loop
      vertex -12.2956 16.1134 12
      vertex -16.1248 12.2675 12
      vertex -12.2593 16.1284 12
    endloop
  endfacet
  facet normal 0 0 1
    outer loop
      vertex -12.1574 -16.1872 12
      vertex -16.0778 -12.4481 12
      vertex -16.0752 -12.4873 12
    endloop
  endfacet
  facet normal 0 0 1
    outer loop
      vertex -16.1416 12.232 12
      vertex -12.2593 16.1284 12
      vertex -16.1248 12.2675 12
    endloop
  endfacet
  facet normal 0 0 1
    outer loop
      vertex -12.1574 -16.1872 12
      vertex -16.0829 -12.4092 12
      vertex -16.0778 -12.4481 12
    endloop
  endfacet
  facet normal 0 0 1
    outer loop
      vertex -3.00736 2.63738 12
      vertex -16.1607 12.1977 12
      vertex -3.17341 2.43505 12
    endloop
  endfacet
  facet normal 0 0 1
    outer loop
      vertex -12.1574 -16.1872 12
      vertex -16.0906 -12.3707 12
      vertex -16.0829 -12.4092 12
    endloop
  endfacet
  facet normal -0 0 1
    outer loop
      vertex -17.4982 10.2092 12
      vertex -3.69552 1.53073 12
      vertex -17.4723 10.2388 12
    endloop
  endfacet
  facet normal 0 0 1
    outer loop
      vertex -12.1574 -16.1872 12
      vertex -16.1007 -12.3327 12
      vertex -16.0906 -12.3707 12
    endloop
  endfacet
  facet normal 0 0 1
    outer loop
      vertex -3.58749 1.76915 12
      vertex -17.4723 10.2388 12
      vertex -3.69552 1.53073 12
    endloop
  endfacet
  facet normal 0 0 1
    outer loop
      vertex -12.1574 -16.1872 12
      vertex -16.1134 -12.2956 12
      vertex -16.1007 -12.3327 12
    endloop
  endfacet
  facet normal -0 0 1
    outer loop
      vertex -17.4723 10.2388 12
      vertex -3.58749 1.76915 12
      vertex -17.4484 10.2699 12
    endloop
  endfacet
  facet normal 0 0 1
    outer loop
      vertex -12.1574 -16.1872 12
      vertex -16.1284 -12.2593 12
      vertex -16.1134 -12.2956 12
    endloop
  endfacet
  facet normal -0 0 1
    outer loop
      vertex -19.5939 5.12381 12
      vertex -3.69552 1.53073 12
      vertex -17.4982 10.2092 12
    endloop
  endfacet
  facet normal 0 0 1
    outer loop
      vertex -2.82843 -2.82843 12
      vertex -16.1284 -12.2593 12
      vertex -12.1574 -16.1872 12
    endloop
  endfacet
  facet normal 0 0 1
    outer loop
      vertex -3.69552 1.53073 12
      vertex -19.5939 5.12381 12
      vertex -3.78772 1.28576 12
    endloop
  endfacet
  facet normal 0 0 1
    outer loop
      vertex -2.82843 -2.82843 12
      vertex -16.1458 -12.2241 12
      vertex -16.1284 -12.2593 12
    endloop
  endfacet
  facet normal 0 0 1
    outer loop
      vertex -3.17341 -2.43505 12
      vertex -16.1872 -12.1574 12
      vertex -16.1654 -12.1901 12
    endloop
  endfacet
  facet normal 0 0 1
    outer loop
      vertex -3.00736 -2.63738 12
      vertex -16.1654 -12.1901 12
      vertex -16.1458 -12.2241 12
    endloop
  endfacet
  facet normal 0 0 1
    outer loop
      vertex -3.78772 1.28576 12
      vertex -19.5984 5.08481 12
      vertex -3.8637 1.03528 12
    endloop
  endfacet
  facet normal -0 0 1
    outer loop
      vertex -19.6075 5.03746 12
      vertex -3.8637 1.03528 12
      vertex -19.5984 5.08481 12
    endloop
  endfacet
  facet normal 0 0 1
    outer loop
      vertex -3.32588 -2.22228 12
      vertex -17.4266 -10.3026 12
      vertex -16.8372 -11.2504 12
    endloop
  endfacet
  facet normal 0 0 1
    outer loop
      vertex -3.32588 -2.22228 12
      vertex -16.8372 -11.2504 12
      vertex -16.1872 -12.1574 12
    endloop
  endfacet
  facet normal -0 0 1
    outer loop
      vertex -20.0427 2.84946 12
      vertex -3.92314 0.780361 12
      vertex -19.8609 3.95056 12
    endloop
  endfacet
  facet normal -0 0 1
    outer loop
      vertex -19.8609 3.95056 12
      vertex -3.92314 0.780361 12
      vertex -19.6075 5.03746 12
    endloop
  endfacet
  facet normal -0 0 1
    outer loop
      vertex -19.5984 5.08481 12
      vertex -3.78772 1.28576 12
      vertex -19.5939 5.12381 12
    endloop
  endfacet
  facet normal 0 0 1
    outer loop
      vertex -3.8637 1.03528 12
      vertex -19.6075 5.03746 12
      vertex -3.92314 0.780361 12
    endloop
  endfacet
  facet normal 0 0 1
    outer loop
      vertex -19.5939 5.12381 12
      vertex -17.4982 10.2092 12
      vertex -19.5919 5.16301 12
    endloop
  endfacet
  facet normal 0 0 1
    outer loop
      vertex -3.58749 -1.76915 12
      vertex -17.4537 -10.2627 12
      vertex -17.4266 -10.3026 12
    endloop
  endfacet
  facet normal 0 0 1
    outer loop
      vertex -19.5919 5.16301 12
      vertex -17.4982 10.2092 12
      vertex -17.526 10.1815 12
    endloop
  endfacet
  facet normal 0 0 1
    outer loop
      vertex -3.58749 -1.76915 12
      vertex -17.478 -10.2319 12
      vertex -17.4537 -10.2627 12
    endloop
  endfacet
  facet normal 0 0 1
    outer loop
      vertex -19.5925 5.20227 12
      vertex -17.526 10.1815 12
      vertex -17.5555 10.1556 12
    endloop
  endfacet
  facet normal 0 0 1
    outer loop
      vertex -17.478 -10.2319 12
      vertex -19.5921 -5.15407 12
      vertex -17.5044 -10.2028 12
    endloop
  endfacet
  facet normal 0 0 1
    outer loop
      vertex -19.5956 5.24141 12
      vertex -17.5555 10.1556 12
      vertex -17.5866 10.1317 12
    endloop
  endfacet
  facet normal -0 0 1
    outer loop
      vertex -19.5921 -5.19334 12
      vertex -17.5044 -10.2028 12
      vertex -19.5921 -5.15407 12
    endloop
  endfacet
  facet normal 0 0 1
    outer loop
      vertex -19.6013 5.28026 12
      vertex -17.5866 10.1317 12
      vertex -17.6193 10.1099 12
    endloop
  endfacet
  facet normal 0 0 1
    outer loop
      vertex -17.5044 -10.2028 12
      vertex -19.5921 -5.19334 12
      vertex -17.5325 -10.1754 12
    endloop
  endfacet
  facet normal 0 0 1
    outer loop
      vertex -19.6096 5.31865 12
      vertex -17.6193 10.1099 12
      vertex -17.6533 10.0902 12
    endloop
  endfacet
  facet normal -0 0 1
    outer loop
      vertex -19.5947 -5.23251 12
      vertex -17.5325 -10.1754 12
      vertex -19.5921 -5.19334 12
    endloop
  endfacet
  facet normal 0 0 1
    outer loop
      vertex -19.6203 5.35641 12
      vertex -17.6533 10.0902 12
      vertex -17.6885 10.0729 12
    endloop
  endfacet
  facet normal 0 0 1
    outer loop
      vertex -17.5325 -10.1754 12
      vertex -19.5947 -5.23251 12
      vertex -17.5624 -10.15 12
    endloop
  endfacet
  facet normal 0 0 1
    outer loop
      vertex -19.6335 5.3934 12
      vertex -17.6885 10.0729 12
      vertex -17.7248 10.0579 12
    endloop
  endfacet
  facet normal -0 0 1
    outer loop
      vertex -19.5998 -5.27144 12
      vertex -17.5624 -10.15 12
      vertex -19.5947 -5.23251 12
    endloop
  endfacet
  facet normal 0 0 1
    outer loop
      vertex -19.649 5.42944 12
      vertex -17.7248 10.0579 12
      vertex -17.7619 10.0452 12
    endloop
  endfacet
  facet normal 0 0 1
    outer loop
      vertex -17.5624 -10.15 12
      vertex -19.5998 -5.27144 12
      vertex -17.5939 -10.1265 12
    endloop
  endfacet
  facet normal 0 0 1
    outer loop
      vertex -19.6669 5.4644 12
      vertex -17.7619 10.0452 12
      vertex -17.7999 10.0351 12
    endloop
  endfacet
  facet normal -0 0 1
    outer loop
      vertex -19.6075 -5.30995 12
      vertex -17.5939 -10.1265 12
      vertex -19.5998 -5.27144 12
    endloop
  endfacet
  facet normal 0 0 1
    outer loop
      vertex -19.6871 5.49811 12
      vertex -17.7999 10.0351 12
      vertex -17.8384 10.0274 12
    endloop
  endfacet
  facet normal 0 0 1
    outer loop
      vertex -17.5939 -10.1265 12
      vertex -19.6075 -5.30995 12
      vertex -17.6269 -10.1052 12
    endloop
  endfacet
  facet normal 0 0 1
    outer loop
      vertex -19.7094 5.53043 12
      vertex -17.8384 10.0274 12
      vertex -17.8773 10.0223 12
    endloop
  endfacet
  facet normal -0 0 1
    outer loop
      vertex -19.6176 -5.34787 12
      vertex -17.6269 -10.1052 12
      vertex -19.6075 -5.30995 12
    endloop
  endfacet
  facet normal 0 0 1
    outer loop
      vertex -19.7337 5.56122 12
      vertex -17.8773 10.0223 12
      vertex -17.9165 10.0197 12
    endloop
  endfacet
  facet normal 0 0 1
    outer loop
      vertex -17.6269 -10.1052 12
      vertex -19.6176 -5.34787 12
      vertex -17.6612 -10.0861 12
    endloop
  endfacet
  facet normal 0 0 1
    outer loop
      vertex -19.7601 5.59035 12
      vertex -17.9165 10.0197 12
      vertex -17.9557 10.0197 12
    endloop
  endfacet
  facet normal -0 0 1
    outer loop
      vertex -19.6303 -5.38506 12
      vertex -17.6612 -10.0861 12
      vertex -19.6176 -5.34787 12
    endloop
  endfacet
  facet normal 0 0 1
    outer loop
      vertex -19.7882 5.61769 12
      vertex -17.9557 10.0197 12
      vertex -17.9949 10.0223 12
    endloop
  endfacet
  facet normal 0 0 1
    outer loop
      vertex -17.6612 -10.0861 12
      vertex -19.6303 -5.38506 12
      vertex -17.6967 -10.0692 12
    endloop
  endfacet
  facet normal 0 0 1
    outer loop
      vertex -19.8181 5.64314 12
      vertex -17.9949 10.0223 12
      vertex -18.0338 10.0274 12
    endloop
  endfacet
  facet normal -0 0 1
    outer loop
      vertex -19.6453 -5.42133 12
      vertex -17.6967 -10.0692 12
      vertex -19.6303 -5.38506 12
    endloop
  endfacet
  facet normal 0 0 1
    outer loop
      vertex -19.8496 5.66656 12
      vertex -18.0338 10.0274 12
      vertex -18.0724 10.0351 12
    endloop
  endfacet
  facet normal 0 0 1
    outer loop
      vertex -17.6967 -10.0692 12
      vertex -19.6453 -5.42133 12
      vertex -17.7332 -10.0548 12
    endloop
  endfacet
  facet normal 0 0 1
    outer loop
      vertex -19.8826 5.6879 12
      vertex -18.0724 10.0351 12
      vertex -18.1103 10.0452 12
    endloop
  endfacet
  facet normal -0 0 1
    outer loop
      vertex -19.6626 -5.45654 12
      vertex -17.7332 -10.0548 12
      vertex -19.6453 -5.42133 12
    endloop
  endfacet
  facet normal 0 0 1
    outer loop
      vertex -19.9169 5.70702 12
      vertex -18.1103 10.0452 12
      vertex -18.1475 10.0579 12
    endloop
  endfacet
  facet normal 0 0 1
    outer loop
      vertex -17.7332 -10.0548 12
      vertex -19.6626 -5.45654 12
      vertex -17.7705 -10.0427 12
    endloop
  endfacet
  facet normal 0 0 1
    outer loop
      vertex -19.9523 5.72386 12
      vertex -18.1475 10.0579 12
      vertex -18.1837 10.0729 12
    endloop
  endfacet
  facet normal -0 0 1
    outer loop
      vertex -19.6823 -5.49054 12
      vertex -17.7705 -10.0427 12
      vertex -19.6626 -5.45654 12
    endloop
  endfacet
  facet normal 0 0 1
    outer loop
      vertex -19.9888 5.73834 12
      vertex -18.1837 10.0729 12
      vertex -18.2268 10.0945 12
    endloop
  endfacet
  facet normal 0 0 1
    outer loop
      vertex -17.7705 -10.0427 12
      vertex -19.6823 -5.49054 12
      vertex -17.8086 -10.0331 12
    endloop
  endfacet
  facet normal -0 0 1
    outer loop
      vertex -19.7041 -5.52319 12
      vertex -17.8086 -10.0331 12
      vertex -19.6823 -5.49054 12
    endloop
  endfacet
  facet normal 0 0 1
    outer loop
      vertex -17.526 10.1815 12
      vertex -19.5925 5.20227 12
      vertex -19.5919 5.16301 12
    endloop
  endfacet
  facet normal 0 0 1
    outer loop
      vertex -17.5555 10.1556 12
      vertex -19.5956 5.24141 12
      vertex -19.5925 5.20227 12
    endloop
  endfacet
  facet normal 0 0 1
    outer loop
      vertex -17.5866 10.1317 12
      vertex -19.6013 5.28026 12
      vertex -19.5956 5.24141 12
    endloop
  endfacet
  facet normal 0 0 1
    outer loop
      vertex -17.6193 10.1099 12
      vertex -19.6096 5.31865 12
      vertex -19.6013 5.28026 12
    endloop
  endfacet
  facet normal 0 0 1
    outer loop
      vertex -17.6533 10.0902 12
      vertex -19.6203 5.35641 12
      vertex -19.6096 5.31865 12
    endloop
  endfacet
  facet normal 0 0 1
    outer loop
      vertex -17.6885 10.0729 12
      vertex -19.6335 5.3934 12
      vertex -19.6203 5.35641 12
    endloop
  endfacet
  facet normal 0 0 1
    outer loop
      vertex -17.7248 10.0579 12
      vertex -19.649 5.42944 12
      vertex -19.6335 5.3934 12
    endloop
  endfacet
  facet normal 0 0 1
    outer loop
      vertex -20.0262 5.7504 12
      vertex -18.2268 10.0945 12
      vertex -19.6556 10.8858 12
    endloop
  endfacet
  facet normal 0 0 1
    outer loop
      vertex -17.7619 10.0452 12
      vertex -19.6669 5.4644 12
      vertex -19.649 5.42944 12
    endloop
  endfacet
  facet normal 0 0 1
    outer loop
      vertex -17.7999 10.0351 12
      vertex -19.6871 5.49811 12
      vertex -19.6669 5.4644 12
    endloop
  endfacet
  facet normal 0 0 1
    outer loop
      vertex -17.8384 10.0274 12
      vertex -19.7094 5.53043 12
      vertex -19.6871 5.49811 12
    endloop
  endfacet
  facet normal 0 0 1
    outer loop
      vertex -17.8773 10.0223 12
      vertex -19.7337 5.56122 12
      vertex -19.7094 5.53043 12
    endloop
  endfacet
  facet normal 0 0 1
    outer loop
      vertex -17.9165 10.0197 12
      vertex -19.7601 5.59035 12
      vertex -19.7337 5.56122 12
    endloop
  endfacet
  facet normal 0 0 1
    outer loop
      vertex -17.9557 10.0197 12
      vertex -19.7882 5.61769 12
      vertex -19.7601 5.59035 12
    endloop
  endfacet
  facet normal 0 0 1
    outer loop
      vertex -17.9949 10.0223 12
      vertex -19.8181 5.64314 12
      vertex -19.7882 5.61769 12
    endloop
  endfacet
  facet normal 0 0 1
    outer loop
      vertex -18.0338 10.0274 12
      vertex -19.8496 5.66656 12
      vertex -19.8181 5.64314 12
    endloop
  endfacet
  facet normal 0 0 1
    outer loop
      vertex -18.0724 10.0351 12
      vertex -19.8826 5.6879 12
      vertex -19.8496 5.66656 12
    endloop
  endfacet
  facet normal 0 0 1
    outer loop
      vertex -18.1103 10.0452 12
      vertex -19.9169 5.70702 12
      vertex -19.8826 5.6879 12
    endloop
  endfacet
  facet normal 0 0 1
    outer loop
      vertex -21.5959 6.20113 12
      vertex -19.6556 10.8858 12
      vertex -19.9297 11.0144 12
    endloop
  endfacet
  facet normal 0 0 1
    outer loop
      vertex -18.1475 10.0579 12
      vertex -19.9523 5.72386 12
      vertex -19.9169 5.70702 12
    endloop
  endfacet
  facet normal 0 0 1
    outer loop
      vertex -18.1837 10.0729 12
      vertex -19.9888 5.73834 12
      vertex -19.9523 5.72386 12
    endloop
  endfacet
  facet normal 0 0 1
    outer loop
      vertex -18.2268 10.0945 12
      vertex -20.0262 5.7504 12
      vertex -19.9888 5.73834 12
    endloop
  endfacet
  facet normal 0 0 1
    outer loop
      vertex -21.5959 6.20113 12
      vertex -19.9297 11.0144 12
      vertex -20.2206 11.1125 12
    endloop
  endfacet
  facet normal 0 0 1
    outer loop
      vertex -22.1559 6.44044 12
      vertex -20.2206 11.1125 12
      vertex -20.521 11.1926 12
    endloop
  endfacet
  facet normal 0 0 1
    outer loop
      vertex -22.4249 6.59621 12
      vertex -20.521 11.1926 12
      vertex -20.8295 11.258 12
    endloop
  endfacet
  facet normal 0 0 1
    outer loop
      vertex -22.6891 6.76797 12
      vertex -20.8295 11.258 12
      vertex -21.1442 11.3103 12
    endloop
  endfacet
  facet normal 0 0 1
    outer loop
      vertex -22.9489 6.9536 12
      vertex -21.1442 11.3103 12
      vertex -21.4648 11.3507 12
    endloop
  endfacet
  facet normal 0 0 1
    outer loop
      vertex -19.6556 10.8858 12
      vertex -21.5959 6.20113 12
      vertex -20.0262 5.7504 12
    endloop
  endfacet
  facet normal 0 0 1
    outer loop
      vertex -23.2042 7.15176 12
      vertex -21.4648 11.3507 12
      vertex -21.7906 11.3799 12
    endloop
  endfacet
  facet normal 0 0 1
    outer loop
      vertex -20.2206 11.1125 12
      vertex -21.8808 6.30408 12
      vertex -21.5959 6.20113 12
    endloop
  endfacet
  facet normal 0 0 1
    outer loop
      vertex -23.4553 7.36171 12
      vertex -21.7906 11.3799 12
      vertex -22.1213 11.3982 12
    endloop
  endfacet
  facet normal 0 0 1
    outer loop
      vertex -20.2206 11.1125 12
      vertex -22.1559 6.44044 12
      vertex -21.8808 6.30408 12
    endloop
  endfacet
  facet normal 0 0 1
    outer loop
      vertex -20.521 11.1926 12
      vertex -22.4249 6.59621 12
      vertex -22.1559 6.44044 12
    endloop
  endfacet
  facet normal 0 0 1
    outer loop
      vertex -23.7018 7.58221 12
      vertex -22.1213 11.3982 12
      vertex -22.4569 11.4062 12
    endloop
  endfacet
  facet normal 0 0 1
    outer loop
      vertex -20.8295 11.258 12
      vertex -22.6891 6.76797 12
      vertex -22.4249 6.59621 12
    endloop
  endfacet
  facet normal 0 0 1
    outer loop
      vertex -23.9449 7.81407 12
      vertex -22.4569 11.4062 12
      vertex -22.7965 11.404 12
    endloop
  endfacet
  facet normal 0 0 1
    outer loop
      vertex -21.1442 11.3103 12
      vertex -22.9489 6.9536 12
      vertex -22.6891 6.76797 12
    endloop
  endfacet
  facet normal 0 0 1
    outer loop
      vertex -24.1832 8.05544 12
      vertex -22.7965 11.404 12
      vertex -23.1393 11.392 12
    endloop
  endfacet
  facet normal 0 0 1
    outer loop
      vertex -21.4648 11.3507 12
      vertex -23.2042 7.15176 12
      vertex -22.9489 6.9536 12
    endloop
  endfacet
  facet normal 0 0 1
    outer loop
      vertex -21.7906 11.3799 12
      vertex -23.4553 7.36171 12
      vertex -23.2042 7.15176 12
    endloop
  endfacet
  facet normal 0 0 1
    outer loop
      vertex -24.4176 8.3069 12
      vertex -23.1393 11.392 12
      vertex -23.4859 11.3702 12
    endloop
  endfacet
  facet normal 0 0 1
    outer loop
      vertex -22.1213 11.3982 12
      vertex -23.7018 7.58221 12
      vertex -23.4553 7.36171 12
    endloop
  endfacet
  facet normal 0 0 1
    outer loop
      vertex -24.6471 8.56714 12
      vertex -23.4859 11.3702 12
      vertex -23.8366 11.3388 12
    endloop
  endfacet
  facet normal 0 0 1
    outer loop
      vertex -22.4569 11.4062 12
      vertex -23.9449 7.81407 12
      vertex -23.7018 7.58221 12
    endloop
  endfacet
  facet normal 0 0 1
    outer loop
      vertex -22.7965 11.404 12
      vertex -24.1832 8.05544 12
      vertex -23.9449 7.81407 12
    endloop
  endfacet
  facet normal 0 0 1
    outer loop
      vertex -24.8727 8.83717 12
      vertex -23.8366 11.3388 12
      vertex -24.1894 11.298 12
    endloop
  endfacet
  facet normal 0 0 1
    outer loop
      vertex -23.1393 11.392 12
      vertex -24.4176 8.3069 12
      vertex -24.1832 8.05544 12
    endloop
  endfacet
  facet normal 0 0 1
    outer loop
      vertex -25.0933 9.11551 12
      vertex -24.1894 11.298 12
      vertex -24.5456 11.2477 12
    endloop
  endfacet
  facet normal 0 0 1
    outer loop
      vertex -23.4859 11.3702 12
      vertex -24.6471 8.56714 12
      vertex -24.4176 8.3069 12
    endloop
  endfacet
  facet normal 0 0 1
    outer loop
      vertex -23.8366 11.3388 12
      vertex -24.8727 8.83717 12
      vertex -24.6471 8.56714 12
    endloop
  endfacet
  facet normal 0 0 1
    outer loop
      vertex -24.1894 11.298 12
      vertex -25.0933 9.11551 12
      vertex -24.8727 8.83717 12
    endloop
  endfacet
  facet normal 0 -0 1
    outer loop
      vertex -25.0933 9.11551 12
      vertex -24.5456 11.2477 12
      vertex -25.3097 9.40305 12
    endloop
  endfacet
  facet normal 0 0 1
    outer loop
      vertex -6.59621 -22.4249 12
      vertex -11.1926 -20.521 12
      vertex -6.76797 -22.6891 12
    endloop
  endfacet
  facet normal -0 0 1
    outer loop
      vertex -11.1926 -20.521 12
      vertex -6.59621 -22.4249 12
      vertex -11.1125 -20.2206 12
    endloop
  endfacet
  facet normal -0 0 1
    outer loop
      vertex -11.1125 -20.2206 12
      vertex -6.44044 -22.1559 12
      vertex -10.8858 -19.6556 12
    endloop
  endfacet
  facet normal 0 0 1
    outer loop
      vertex -6.30408 -21.8808 12
      vertex -10.8858 -19.6556 12
      vertex -6.44044 -22.1559 12
    endloop
  endfacet
  facet normal 0 0 1
    outer loop
      vertex -5.7504 -20.0262 12
      vertex -10.0945 -18.2268 12
      vertex -6.20113 -21.5959 12
    endloop
  endfacet
  facet normal -0 0 1
    outer loop
      vertex -10.8858 -19.6556 12
      vertex -6.20113 -21.5959 12
      vertex -10.0945 -18.2268 12
    endloop
  endfacet
  facet normal 0 0 1
    outer loop
      vertex -5.72386 -19.9523 12
      vertex -10.0729 -18.1837 12
      vertex -5.73834 -19.9888 12
    endloop
  endfacet
  facet normal 0 0 1
    outer loop
      vertex -5.73834 -19.9888 12
      vertex -10.0729 -18.1837 12
      vertex -5.7504 -20.0262 12
    endloop
  endfacet
  facet normal -0 0 1
    outer loop
      vertex -10.0729 -18.1837 12
      vertex -5.72386 -19.9523 12
      vertex -10.0579 -18.1475 12
    endloop
  endfacet
  facet normal 0 0 1
    outer loop
      vertex -5.70702 -19.9169 12
      vertex -10.0579 -18.1475 12
      vertex -5.72386 -19.9523 12
    endloop
  endfacet
  facet normal -0 0 1
    outer loop
      vertex -10.0452 -18.1103 12
      vertex -5.6879 -19.8826 12
      vertex -10.0351 -18.0724 12
    endloop
  endfacet
  facet normal 0 0 1
    outer loop
      vertex -5.6879 -19.8826 12
      vertex -10.0452 -18.1103 12
      vertex -5.70702 -19.9169 12
    endloop
  endfacet
  facet normal 0 0 1
    outer loop
      vertex -5.66656 -19.8496 12
      vertex -10.0351 -18.0724 12
      vertex -5.6879 -19.8826 12
    endloop
  endfacet
  facet normal -0 0 1
    outer loop
      vertex -10.0351 -18.0724 12
      vertex -5.66656 -19.8496 12
      vertex -10.0274 -18.0338 12
    endloop
  endfacet
  facet normal 0 0 1
    outer loop
      vertex -5.61769 -19.7882 12
      vertex -10.0223 -17.9949 12
      vertex -5.64314 -19.8181 12
    endloop
  endfacet
  facet normal -0 0 1
    outer loop
      vertex -10.0274 -18.0338 12
      vertex -5.64314 -19.8181 12
      vertex -10.0223 -17.9949 12
    endloop
  endfacet
  facet normal -0 0 1
    outer loop
      vertex -10.0223 -17.9949 12
      vertex -5.61769 -19.7882 12
      vertex -10.0197 -17.9557 12
    endloop
  endfacet
  facet normal 0 0 1
    outer loop
      vertex -5.59035 -19.7601 12
      vertex -10.0197 -17.9557 12
      vertex -5.61769 -19.7882 12
    endloop
  endfacet
  facet normal -0 -0 1
    outer loop
      vertex -10.0197 -17.9165 12
      vertex -5.56122 -19.7337 12
      vertex -10.0223 -17.8773 12
    endloop
  endfacet
  facet normal 0 0 1
    outer loop
      vertex -5.56122 -19.7337 12
      vertex -10.0197 -17.9165 12
      vertex -5.59035 -19.7601 12
    endloop
  endfacet
  facet normal 0 0 1
    outer loop
      vertex -5.15407 19.5921 12
      vertex -10.2028 17.5044 12
      vertex -10.2319 17.478 12
    endloop
  endfacet
  facet normal 0 0 1
    outer loop
      vertex -5.53043 -19.7094 12
      vertex -10.0223 -17.8773 12
      vertex -5.56122 -19.7337 12
    endloop
  endfacet
  facet normal -0 0 1
    outer loop
      vertex -16.8372 11.2504 12
      vertex -3.32588 2.22228 12
      vertex -16.1872 12.1574 12
    endloop
  endfacet
  facet normal -0 -0 1
    outer loop
      vertex -10.0223 -17.8773 12
      vertex -5.53043 -19.7094 12
      vertex -10.0274 -17.8384 12
    endloop
  endfacet
  facet normal -0 -0 1
    outer loop
      vertex -10.0351 -17.7999 12
      vertex -5.4644 -19.6669 12
      vertex -10.0452 -17.7619 12
    endloop
  endfacet
  facet normal 0 0 1
    outer loop
      vertex -5.49811 -19.6871 12
      vertex -10.0274 -17.8384 12
      vertex -5.53043 -19.7094 12
    endloop
  endfacet
  facet normal 0 0 1
    outer loop
      vertex -5.4644 -19.6669 12
      vertex -10.0351 -17.7999 12
      vertex -5.49811 -19.6871 12
    endloop
  endfacet
  facet normal -0 -0 1
    outer loop
      vertex -10.0274 -17.8384 12
      vertex -5.49811 -19.6871 12
      vertex -10.0351 -17.7999 12
    endloop
  endfacet
  facet normal 0 0 1
    outer loop
      vertex -5.31865 -19.6096 12
      vertex -10.0902 -17.6533 12
      vertex -5.35641 -19.6203 12
    endloop
  endfacet
  facet normal -0 -0 1
    outer loop
      vertex -10.0902 -17.6533 12
      vertex -5.31865 -19.6096 12
      vertex -10.1099 -17.6193 12
    endloop
  endfacet
  facet normal 0 0 1
    outer loop
      vertex -3.4641 2 12
      vertex -17.4266 10.3026 12
      vertex -3.58749 1.76915 12
    endloop
  endfacet
  facet normal -0 0 1
    outer loop
      vertex -17.4484 10.2699 12
      vertex -3.58749 1.76915 12
      vertex -17.4266 10.3026 12
    endloop
  endfacet
  facet normal 0 0 1
    outer loop
      vertex -2.22228 -3.32588 12
      vertex -12.1574 -16.1872 12
      vertex -11.2504 -16.8372 12
    endloop
  endfacet
  facet normal 0 0 1
    outer loop
      vertex -2.22228 -3.32588 12
      vertex -11.2504 -16.8372 12
      vertex -10.3026 -17.4266 12
    endloop
  endfacet
  facet normal 0 0 1
    outer loop
      vertex -16.1103 12.304 12
      vertex -12.3327 16.1007 12
      vertex -16.0982 12.3413 12
    endloop
  endfacet
  facet normal -0 0 1
    outer loop
      vertex -12.3327 16.1007 12
      vertex -16.1103 12.304 12
      vertex -12.2956 16.1134 12
    endloop
  endfacet
  facet normal -0 0 1
    outer loop
      vertex -12.3707 16.0906 12
      vertex -16.0982 12.3413 12
      vertex -12.3327 16.1007 12
    endloop
  endfacet
  facet normal 0 0 1
    outer loop
      vertex -16.1248 12.2675 12
      vertex -12.2956 16.1134 12
      vertex -16.1103 12.304 12
    endloop
  endfacet
  facet normal 0 0 1
    outer loop
      vertex -16.0982 12.3413 12
      vertex -12.3707 16.0906 12
      vertex -16.0886 12.3794 12
    endloop
  endfacet
  facet normal 0 0 1
    outer loop
      vertex -12.1574 -16.1872 12
      vertex -16.0752 -12.4873 12
      vertex -12.1977 -16.1607 12
    endloop
  endfacet
  facet normal -0 0 1
    outer loop
      vertex -12.4092 16.0829 12
      vertex -16.0886 12.3794 12
      vertex -12.3707 16.0906 12
    endloop
  endfacet
  facet normal 0 0 1
    outer loop
      vertex -12.1977 -16.1607 12
      vertex -16.0752 -12.4873 12
      vertex -12.232 -16.1416 12
    endloop
  endfacet
  facet normal 0 0 1
    outer loop
      vertex -16.0886 12.3794 12
      vertex -12.4092 16.0829 12
      vertex -16.0815 12.418 12
    endloop
  endfacet
  facet normal 0 0 1
    outer loop
      vertex -12.232 -16.1416 12
      vertex -16.0752 -12.4873 12
      vertex -12.2675 -16.1248 12
    endloop
  endfacet
  facet normal -0 0 1
    outer loop
      vertex -12.4481 16.0778 12
      vertex -16.0815 12.418 12
      vertex -12.4092 16.0829 12
    endloop
  endfacet
  facet normal 0 0 1
    outer loop
      vertex -12.2675 -16.1248 12
      vertex -16.0752 -12.4873 12
      vertex -12.304 -16.1103 12
    endloop
  endfacet
  facet normal 0 0 1
    outer loop
      vertex -16.0815 12.418 12
      vertex -12.4481 16.0778 12
      vertex -16.077 12.457 12
    endloop
  endfacet
  facet normal 0 0 1
    outer loop
      vertex -12.304 -16.1103 12
      vertex -16.0752 -12.4873 12
      vertex -12.3413 -16.0982 12
    endloop
  endfacet
  facet normal -0 0 1
    outer loop
      vertex -12.4873 16.0752 12
      vertex -16.077 12.457 12
      vertex -12.4481 16.0778 12
    endloop
  endfacet
  facet normal 0 0 1
    outer loop
      vertex -12.3413 -16.0982 12
      vertex -16.0752 -12.4873 12
      vertex -12.3794 -16.0886 12
    endloop
  endfacet
  facet normal 0 0 1
    outer loop
      vertex -16.077 12.457 12
      vertex -12.4873 16.0752 12
      vertex -16.075 12.4962 12
    endloop
  endfacet
  facet normal 0 0 1
    outer loop
      vertex -12.3794 -16.0886 12
      vertex -16.0752 -12.4873 12
      vertex -12.418 -16.0815 12
    endloop
  endfacet
  facet normal 0 0 1
    outer loop
      vertex -16.075 12.4962 12
      vertex -12.4873 16.0752 12
      vertex -12.5266 16.0752 12
    endloop
  endfacet
  facet normal 0 0 1
    outer loop
      vertex -12.418 -16.0815 12
      vertex -16.0752 -12.4873 12
      vertex -12.457 -16.077 12
    endloop
  endfacet
  facet normal 0 0 1
    outer loop
      vertex -16.0756 12.5355 12
      vertex -12.5266 16.0752 12
      vertex -12.5657 16.0778 12
    endloop
  endfacet
  facet normal 0 0 1
    outer loop
      vertex -12.457 -16.077 12
      vertex -16.0752 -12.4873 12
      vertex -12.4962 -16.075 12
    endloop
  endfacet
  facet normal 0 0 1
    outer loop
      vertex -16.0787 12.5746 12
      vertex -12.5657 16.0778 12
      vertex -12.6047 16.0829 12
    endloop
  endfacet
  facet normal -0 0 1
    outer loop
      vertex -16.0752 -12.5266 12
      vertex -12.4962 -16.075 12
      vertex -16.0752 -12.4873 12
    endloop
  endfacet
  facet normal 0 0 1
    outer loop
      vertex -16.0844 12.6135 12
      vertex -12.6047 16.0829 12
      vertex -12.6432 16.0906 12
    endloop
  endfacet
  facet normal 0 0 1
    outer loop
      vertex -12.4962 -16.075 12
      vertex -16.0752 -12.5266 12
      vertex -12.5355 -16.0756 12
    endloop
  endfacet
  facet normal 0 0 1
    outer loop
      vertex -16.0927 12.6519 12
      vertex -12.6432 16.0906 12
      vertex -12.6811 16.1007 12
    endloop
  endfacet
  facet normal -0 0 1
    outer loop
      vertex -16.0778 -12.5657 12
      vertex -12.5355 -16.0756 12
      vertex -16.0752 -12.5266 12
    endloop
  endfacet
  facet normal 0 0 1
    outer loop
      vertex -16.1034 12.6896 12
      vertex -12.6811 16.1007 12
      vertex -12.7183 16.1134 12
    endloop
  endfacet
  facet normal 0 0 1
    outer loop
      vertex -12.5355 -16.0756 12
      vertex -16.0778 -12.5657 12
      vertex -12.5746 -16.0787 12
    endloop
  endfacet
  facet normal 0 0 1
    outer loop
      vertex -16.1166 12.7266 12
      vertex -12.7183 16.1134 12
      vertex -12.7545 16.1284 12
    endloop
  endfacet
  facet normal -0 0 1
    outer loop
      vertex -16.0829 -12.6047 12
      vertex -12.5746 -16.0787 12
      vertex -16.0778 -12.5657 12
    endloop
  endfacet
  facet normal 0 0 1
    outer loop
      vertex -16.1321 12.7627 12
      vertex -12.7545 16.1284 12
      vertex -12.7898 16.1457 12
    endloop
  endfacet
  facet normal 0 0 1
    outer loop
      vertex -12.5746 -16.0787 12
      vertex -16.0829 -12.6047 12
      vertex -12.6135 -16.0844 12
    endloop
  endfacet
  facet normal 0 0 1
    outer loop
      vertex -16.15 12.7976 12
      vertex -12.7898 16.1457 12
      vertex -12.8238 16.1654 12
    endloop
  endfacet
  facet normal -0 0 1
    outer loop
      vertex -16.0906 -12.6432 12
      vertex -12.6135 -16.0844 12
      vertex -16.0829 -12.6047 12
    endloop
  endfacet
  facet normal 0 0 1
    outer loop
      vertex -16.1702 12.8313 12
      vertex -12.8238 16.1654 12
      vertex -12.8564 16.1872 12
    endloop
  endfacet
  facet normal 0 0 1
    outer loop
      vertex -12.6135 -16.0844 12
      vertex -16.0906 -12.6432 12
      vertex -12.6519 -16.0927 12
    endloop
  endfacet
  facet normal 0 0 1
    outer loop
      vertex -16.1924 12.8636 12
      vertex -12.8564 16.1872 12
      vertex -12.8876 16.2111 12
    endloop
  endfacet
  facet normal -0 0 1
    outer loop
      vertex -16.1007 -12.6811 12
      vertex -12.6519 -16.0927 12
      vertex -16.0906 -12.6432 12
    endloop
  endfacet
  facet normal 0 0 1
    outer loop
      vertex -16.2168 12.8944 12
      vertex -12.8876 16.2111 12
      vertex -12.9171 16.237 12
    endloop
  endfacet
  facet normal 0 0 1
    outer loop
      vertex -12.6519 -16.0927 12
      vertex -16.1007 -12.6811 12
      vertex -12.6896 -16.1034 12
    endloop
  endfacet
  facet normal 0 0 1
    outer loop
      vertex -16.2431 12.9236 12
      vertex -12.9171 16.237 12
      vertex -12.9448 16.2647 12
    endloop
  endfacet
  facet normal -0 0 1
    outer loop
      vertex -16.1134 -12.7183 12
      vertex -12.6896 -16.1034 12
      vertex -16.1007 -12.6811 12
    endloop
  endfacet
  facet normal 0 0 1
    outer loop
      vertex -16.2713 12.9509 12
      vertex -12.9448 16.2647 12
      vertex -12.9763 16.3012 12
    endloop
  endfacet
  facet normal 0 0 1
    outer loop
      vertex -12.6896 -16.1034 12
      vertex -16.1134 -12.7183 12
      vertex -12.7266 -16.1166 12
    endloop
  endfacet
  facet normal 0 0 1
    outer loop
      vertex -16.3012 12.9763 12
      vertex -12.9763 16.3012 12
      vertex -13.9935 17.579 12
    endloop
  endfacet
  facet normal -0 0 1
    outer loop
      vertex -16.1284 -12.7545 12
      vertex -12.7266 -16.1166 12
      vertex -16.1134 -12.7183 12
    endloop
  endfacet
  facet normal 0 0 1
    outer loop
      vertex -17.579 13.9935 12
      vertex -13.9935 17.579 12
      vertex -14.1976 17.8027 12
    endloop
  endfacet
  facet normal 0 0 1
    outer loop
      vertex -12.7266 -16.1166 12
      vertex -16.1284 -12.7545 12
      vertex -12.7627 -16.1321 12
    endloop
  endfacet
  facet normal 0 0 1
    outer loop
      vertex -17.579 13.9935 12
      vertex -14.1976 17.8027 12
      vertex -14.4287 18.0046 12
    endloop
  endfacet
  facet normal -0 0 1
    outer loop
      vertex -16.1457 -12.7898 12
      vertex -12.7627 -16.1321 12
      vertex -16.1284 -12.7545 12
    endloop
  endfacet
  facet normal 0 0 1
    outer loop
      vertex -18.0046 14.4287 12
      vertex -14.4287 18.0046 12
      vertex -14.676 18.1938 12
    endloop
  endfacet
  facet normal 0 0 1
    outer loop
      vertex -12.7627 -16.1321 12
      vertex -16.1457 -12.7898 12
      vertex -12.7976 -16.15 12
    endloop
  endfacet
  facet normal 0 0 1
    outer loop
      vertex -18.1938 14.676 12
      vertex -14.676 18.1938 12
      vertex -14.9354 18.3719 12
    endloop
  endfacet
  facet normal -0 0 1
    outer loop
      vertex -16.1654 -12.8238 12
      vertex -12.7976 -16.15 12
      vertex -16.1457 -12.7898 12
    endloop
  endfacet
  facet normal 0 0 1
    outer loop
      vertex -18.3719 14.9354 12
      vertex -14.9354 18.3719 12
      vertex -15.2066 18.541 12
    endloop
  endfacet
  facet normal 0 0 1
    outer loop
      vertex -12.7976 -16.15 12
      vertex -16.1654 -12.8238 12
      vertex -12.8313 -16.1702 12
    endloop
  endfacet
  facet normal 0 0 1
    outer loop
      vertex -18.541 15.2066 12
      vertex -15.2066 18.541 12
      vertex -15.4871 18.7009 12
    endloop
  endfacet
  facet normal -0 0 1
    outer loop
      vertex -16.1872 -12.8564 12
      vertex -12.8313 -16.1702 12
      vertex -16.1654 -12.8238 12
    endloop
  endfacet
  facet normal 0 0 1
    outer loop
      vertex -18.7009 15.4871 12
      vertex -15.4871 18.7009 12
      vertex -15.7772 18.8526 12
    endloop
  endfacet
  facet normal 0 0 1
    outer loop
      vertex -12.8313 -16.1702 12
      vertex -16.1872 -12.8564 12
      vertex -12.8636 -16.1924 12
    endloop
  endfacet
  facet normal -0 0 1
    outer loop
      vertex -16.2111 -12.8876 12
      vertex -12.8636 -16.1924 12
      vertex -16.1872 -12.8564 12
    endloop
  endfacet
  facet normal 0 0 1
    outer loop
      vertex -12.5266 16.0752 12
      vertex -16.0756 12.5355 12
      vertex -16.075 12.4962 12
    endloop
  endfacet
  facet normal 0 0 1
    outer loop
      vertex -18.8526 15.7772 12
      vertex -15.7772 18.8526 12
      vertex -16.0756 18.9961 12
    endloop
  endfacet
  facet normal 0 0 1
    outer loop
      vertex -12.5657 16.0778 12
      vertex -16.0787 12.5746 12
      vertex -16.0756 12.5355 12
    endloop
  endfacet
  facet normal 0 0 1
    outer loop
      vertex -12.6047 16.0829 12
      vertex -16.0844 12.6135 12
      vertex -16.0787 12.5746 12
    endloop
  endfacet
  facet normal 0 0 1
    outer loop
      vertex -12.6432 16.0906 12
      vertex -16.0927 12.6519 12
      vertex -16.0844 12.6135 12
    endloop
  endfacet
  facet normal 0 0 1
    outer loop
      vertex -12.6811 16.1007 12
      vertex -16.1034 12.6896 12
      vertex -16.0927 12.6519 12
    endloop
  endfacet
  facet normal 0 0 1
    outer loop
      vertex -12.7183 16.1134 12
      vertex -16.1166 12.7266 12
      vertex -16.1034 12.6896 12
    endloop
  endfacet
  facet normal 0 0 1
    outer loop
      vertex -12.7545 16.1284 12
      vertex -16.1321 12.7627 12
      vertex -16.1166 12.7266 12
    endloop
  endfacet
  facet normal 0 0 1
    outer loop
      vertex -12.7898 16.1457 12
      vertex -16.15 12.7976 12
      vertex -16.1321 12.7627 12
    endloop
  endfacet
  facet normal 0 0 1
    outer loop
      vertex -12.8238 16.1654 12
      vertex -16.1702 12.8313 12
      vertex -16.15 12.7976 12
    endloop
  endfacet
  facet normal 0 0 1
    outer loop
      vertex -12.8564 16.1872 12
      vertex -16.1924 12.8636 12
      vertex -16.1702 12.8313 12
    endloop
  endfacet
  facet normal 0 0 1
    outer loop
      vertex -12.8876 16.2111 12
      vertex -16.2168 12.8944 12
      vertex -16.1924 12.8636 12
    endloop
  endfacet
  facet normal 0 0 1
    outer loop
      vertex -12.9171 16.237 12
      vertex -16.2431 12.9236 12
      vertex -16.2168 12.8944 12
    endloop
  endfacet
  facet normal 0 0 1
    outer loop
      vertex -12.9448 16.2647 12
      vertex -16.2713 12.9509 12
      vertex -16.2431 12.9236 12
    endloop
  endfacet
  facet normal 0 0 1
    outer loop
      vertex -12.9763 16.3012 12
      vertex -16.3012 12.9763 12
      vertex -16.2713 12.9509 12
    endloop
  endfacet
  facet normal 0 0 1
    outer loop
      vertex -18.9961 16.0756 12
      vertex -16.0756 18.9961 12
      vertex -16.3824 19.1318 12
    endloop
  endfacet
  facet normal 0 0 1
    outer loop
      vertex -19.1318 16.3824 12
      vertex -16.3824 19.1318 12
      vertex -16.6967 19.2596 12
    endloop
  endfacet
  facet normal 0 0 1
    outer loop
      vertex -19.2596 16.6967 12
      vertex -16.6967 19.2596 12
      vertex -17.0186 19.3799 12
    endloop
  endfacet
  facet normal 0 0 1
    outer loop
      vertex -19.3799 17.0186 12
      vertex -17.0186 19.3799 12
      vertex -17.3472 19.4925 12
    endloop
  endfacet
  facet normal 0 0 1
    outer loop
      vertex -13.9935 17.579 12
      vertex -17.579 13.9935 12
      vertex -16.3012 12.9763 12
    endloop
  endfacet
  facet normal 0 0 1
    outer loop
      vertex -19.4925 17.3472 12
      vertex -17.3472 19.4925 12
      vertex -17.6828 19.5975 12
    endloop
  endfacet
  facet normal 0 0 1
    outer loop
      vertex -14.4287 18.0046 12
      vertex -18.0046 14.4287 12
      vertex -17.579 13.9935 12
    endloop
  endfacet
  facet normal 0 0 1
    outer loop
      vertex -17.579 13.9935 12
      vertex -18.0046 14.4287 12
      vertex -17.8027 14.1976 12
    endloop
  endfacet
  facet normal 0 0 1
    outer loop
      vertex -19.5975 17.6828 12
      vertex -17.6828 19.5975 12
      vertex -18.0249 19.6949 12
    endloop
  endfacet
  facet normal 0 0 1
    outer loop
      vertex -14.676 18.1938 12
      vertex -18.1938 14.676 12
      vertex -18.0046 14.4287 12
    endloop
  endfacet
  facet normal 0 0 1
    outer loop
      vertex -14.9354 18.3719 12
      vertex -18.3719 14.9354 12
      vertex -18.1938 14.676 12
    endloop
  endfacet
  facet normal 0 0 1
    outer loop
      vertex -19.6949 18.0249 12
      vertex -18.0249 19.6949 12
      vertex -18.3729 19.7847 12
    endloop
  endfacet
  facet normal 0 0 1
    outer loop
      vertex -15.2066 18.541 12
      vertex -18.541 15.2066 12
      vertex -18.3719 14.9354 12
    endloop
  endfacet
  facet normal 0 0 1
    outer loop
      vertex -15.4871 18.7009 12
      vertex -18.7009 15.4871 12
      vertex -18.541 15.2066 12
    endloop
  endfacet
  facet normal 0 0 1
    outer loop
      vertex -15.7772 18.8526 12
      vertex -18.8526 15.7772 12
      vertex -18.7009 15.4871 12
    endloop
  endfacet
  facet normal 0 0 1
    outer loop
      vertex -16.0756 18.9961 12
      vertex -18.9961 16.0756 12
      vertex -18.8526 15.7772 12
    endloop
  endfacet
  facet normal 0 0 1
    outer loop
      vertex -16.3824 19.1318 12
      vertex -19.1318 16.3824 12
      vertex -18.9961 16.0756 12
    endloop
  endfacet
  facet normal 0 0 1
    outer loop
      vertex -16.6967 19.2596 12
      vertex -19.2596 16.6967 12
      vertex -19.1318 16.3824 12
    endloop
  endfacet
  facet normal 0 0 1
    outer loop
      vertex -17.0186 19.3799 12
      vertex -19.3799 17.0186 12
      vertex -19.2596 16.6967 12
    endloop
  endfacet
  facet normal 0 0 1
    outer loop
      vertex -17.3472 19.4925 12
      vertex -19.4925 17.3472 12
      vertex -19.3799 17.0186 12
    endloop
  endfacet
  facet normal 0 0 1
    outer loop
      vertex -17.6828 19.5975 12
      vertex -19.5975 17.6828 12
      vertex -19.4925 17.3472 12
    endloop
  endfacet
  facet normal 0 0 1
    outer loop
      vertex -18.0249 19.6949 12
      vertex -19.6949 18.0249 12
      vertex -19.5975 17.6828 12
    endloop
  endfacet
  facet normal 0 -0 1
    outer loop
      vertex -19.6949 18.0249 12
      vertex -18.3729 19.7847 12
      vertex -19.7847 18.3729 12
    endloop
  endfacet
  facet normal 0 0 1
    outer loop
      vertex -6.44044 -22.1559 12
      vertex -11.1125 -20.2206 12
      vertex -6.59621 -22.4249 12
    endloop
  endfacet
  facet normal -0 0 1
    outer loop
      vertex -11.258 -20.8295 12
      vertex -6.76797 -22.6891 12
      vertex -11.1926 -20.521 12
    endloop
  endfacet
  facet normal 0 0 1
    outer loop
      vertex -6.76797 -22.6891 12
      vertex -11.258 -20.8295 12
      vertex -6.9536 -22.9489 12
    endloop
  endfacet
  facet normal -0 0 1
    outer loop
      vertex -11.3103 -21.1442 12
      vertex -6.9536 -22.9489 12
      vertex -11.258 -20.8295 12
    endloop
  endfacet
  facet normal 0 0 1
    outer loop
      vertex -6.9536 -22.9489 12
      vertex -11.3103 -21.1442 12
      vertex -7.15176 -23.2042 12
    endloop
  endfacet
  facet normal -0 0 1
    outer loop
      vertex -11.3507 -21.4648 12
      vertex -7.15176 -23.2042 12
      vertex -11.3103 -21.1442 12
    endloop
  endfacet
  facet normal 0 0 1
    outer loop
      vertex -7.15176 -23.2042 12
      vertex -11.3507 -21.4648 12
      vertex -7.36171 -23.4553 12
    endloop
  endfacet
  facet normal -0 0 1
    outer loop
      vertex -11.3799 -21.7906 12
      vertex -7.36171 -23.4553 12
      vertex -11.3507 -21.4648 12
    endloop
  endfacet
  facet normal -0 0 1
    outer loop
      vertex -11.3982 -22.1213 12
      vertex -7.58221 -23.7018 12
      vertex -11.3799 -21.7906 12
    endloop
  endfacet
  facet normal 0 0 1
    outer loop
      vertex -7.58221 -23.7018 12
      vertex -11.3982 -22.1213 12
      vertex -7.81407 -23.9449 12
    endloop
  endfacet
  facet normal 0 0 1
    outer loop
      vertex -11.1125 -20.2206 12
      vertex -10.8858 -19.6556 12
      vertex -11.0144 -19.9297 12
    endloop
  endfacet
  facet normal 0 0 1
    outer loop
      vertex -7.36171 -23.4553 12
      vertex -11.3799 -21.7906 12
      vertex -7.58221 -23.7018 12
    endloop
  endfacet
  facet normal -0 0 1
    outer loop
      vertex -11.4062 -22.4569 12
      vertex -7.81407 -23.9449 12
      vertex -11.3982 -22.1213 12
    endloop
  endfacet
  facet normal 0 0 1
    outer loop
      vertex -7.81407 -23.9449 12
      vertex -11.4062 -22.4569 12
      vertex -8.05544 -24.1832 12
    endloop
  endfacet
  facet normal -0 -0 1
    outer loop
      vertex -11.404 -22.7965 12
      vertex -8.05544 -24.1832 12
      vertex -11.4062 -22.4569 12
    endloop
  endfacet
  facet normal 0 0 1
    outer loop
      vertex -9.40305 -25.3097 12
      vertex -11.298 -24.1894 12
      vertex -11.2477 -24.5456 12
    endloop
  endfacet
  facet normal 0 0 1
    outer loop
      vertex -8.05544 -24.1832 12
      vertex -11.404 -22.7965 12
      vertex -8.3069 -24.4176 12
    endloop
  endfacet
  facet normal 0 0 1
    outer loop
      vertex -9.11551 -25.0933 12
      vertex -11.298 -24.1894 12
      vertex -9.40305 -25.3097 12
    endloop
  endfacet
  facet normal -0 -0 1
    outer loop
      vertex -11.392 -23.1393 12
      vertex -8.3069 -24.4176 12
      vertex -11.404 -22.7965 12
    endloop
  endfacet
  facet normal -0 -0 1
    outer loop
      vertex -11.298 -24.1894 12
      vertex -9.11551 -25.0933 12
      vertex -11.3388 -23.8366 12
    endloop
  endfacet
  facet normal 0 0 1
    outer loop
      vertex -8.3069 -24.4176 12
      vertex -11.392 -23.1393 12
      vertex -8.56714 -24.6471 12
    endloop
  endfacet
  facet normal 0 0 1
    outer loop
      vertex -8.83717 -24.8727 12
      vertex -11.3388 -23.8366 12
      vertex -9.11551 -25.0933 12
    endloop
  endfacet
  facet normal -0 -0 1
    outer loop
      vertex -11.3702 -23.4859 12
      vertex -8.56714 -24.6471 12
      vertex -11.392 -23.1393 12
    endloop
  endfacet
  facet normal -0 -0 1
    outer loop
      vertex -11.3388 -23.8366 12
      vertex -8.83717 -24.8727 12
      vertex -11.3702 -23.4859 12
    endloop
  endfacet
  facet normal 0 0 1
    outer loop
      vertex -8.56714 -24.6471 12
      vertex -11.3702 -23.4859 12
      vertex -8.83717 -24.8727 12
    endloop
  endfacet
  facet normal 0 0 1
    outer loop
      vertex -12.8636 -16.1924 12
      vertex -16.2111 -12.8876 12
      vertex -12.8944 -16.2168 12
    endloop
  endfacet
  facet normal -0 0 1
    outer loop
      vertex -16.237 -12.9171 12
      vertex -12.8944 -16.2168 12
      vertex -16.2111 -12.8876 12
    endloop
  endfacet
  facet normal 0 0 1
    outer loop
      vertex -12.8944 -16.2168 12
      vertex -16.237 -12.9171 12
      vertex -12.9236 -16.2431 12
    endloop
  endfacet
  facet normal -0 0 1
    outer loop
      vertex -16.2647 -12.9448 12
      vertex -12.9236 -16.2431 12
      vertex -16.237 -12.9171 12
    endloop
  endfacet
  facet normal 0 0 1
    outer loop
      vertex -12.9236 -16.2431 12
      vertex -16.2647 -12.9448 12
      vertex -12.9509 -16.2713 12
    endloop
  endfacet
  facet normal 0 0 1
    outer loop
      vertex -12.9509 -16.2713 12
      vertex -16.2647 -12.9448 12
      vertex -12.9763 -16.3012 12
    endloop
  endfacet
  facet normal -0 0 1
    outer loop
      vertex -16.3012 -12.9763 12
      vertex -12.9763 -16.3012 12
      vertex -16.2647 -12.9448 12
    endloop
  endfacet
  facet normal 0 0 1
    outer loop
      vertex -12.9763 -16.3012 12
      vertex -16.3012 -12.9763 12
      vertex -13.9935 -17.579 12
    endloop
  endfacet
  facet normal -0 0 1
    outer loop
      vertex -17.579 -13.9935 12
      vertex -13.9935 -17.579 12
      vertex -16.3012 -12.9763 12
    endloop
  endfacet
  facet normal 0 0 1
    outer loop
      vertex -13.9935 -17.579 12
      vertex -17.579 -13.9935 12
      vertex -14.1976 -17.8027 12
    endloop
  endfacet
  facet normal 0 0 1
    outer loop
      vertex -14.1976 -17.8027 12
      vertex -17.579 -13.9935 12
      vertex -14.4287 -18.0046 12
    endloop
  endfacet
  facet normal -0 0 1
    outer loop
      vertex -18.0046 -14.4287 12
      vertex -14.4287 -18.0046 12
      vertex -17.579 -13.9935 12
    endloop
  endfacet
  facet normal 0 0 1
    outer loop
      vertex -14.4287 -18.0046 12
      vertex -18.0046 -14.4287 12
      vertex -14.676 -18.1938 12
    endloop
  endfacet
  facet normal -0 0 1
    outer loop
      vertex -18.1938 -14.676 12
      vertex -14.676 -18.1938 12
      vertex -18.0046 -14.4287 12
    endloop
  endfacet
  facet normal 0 0 1
    outer loop
      vertex -14.676 -18.1938 12
      vertex -18.1938 -14.676 12
      vertex -14.9354 -18.3719 12
    endloop
  endfacet
  facet normal -0 0 1
    outer loop
      vertex -18.3719 -14.9354 12
      vertex -14.9354 -18.3719 12
      vertex -18.1938 -14.676 12
    endloop
  endfacet
  facet normal 0 0 1
    outer loop
      vertex -14.9354 -18.3719 12
      vertex -18.3719 -14.9354 12
      vertex -15.2066 -18.541 12
    endloop
  endfacet
  facet normal -0 0 1
    outer loop
      vertex -18.541 -15.2066 12
      vertex -15.2066 -18.541 12
      vertex -18.3719 -14.9354 12
    endloop
  endfacet
  facet normal 0 0 1
    outer loop
      vertex -15.2066 -18.541 12
      vertex -18.541 -15.2066 12
      vertex -15.4871 -18.7009 12
    endloop
  endfacet
  facet normal -0 0 1
    outer loop
      vertex -18.7009 -15.4871 12
      vertex -15.4871 -18.7009 12
      vertex -18.541 -15.2066 12
    endloop
  endfacet
  facet normal 0 0 1
    outer loop
      vertex -15.4871 -18.7009 12
      vertex -18.7009 -15.4871 12
      vertex -15.7772 -18.8526 12
    endloop
  endfacet
  facet normal -0 0 1
    outer loop
      vertex -18.8526 -15.7772 12
      vertex -15.7772 -18.8526 12
      vertex -18.7009 -15.4871 12
    endloop
  endfacet
  facet normal 0 0 1
    outer loop
      vertex -18.0046 -14.4287 12
      vertex -17.579 -13.9935 12
      vertex -17.8027 -14.1976 12
    endloop
  endfacet
  facet normal 0 0 1
    outer loop
      vertex -15.7772 -18.8526 12
      vertex -18.8526 -15.7772 12
      vertex -16.0756 -18.9961 12
    endloop
  endfacet
  facet normal -0 0 1
    outer loop
      vertex -18.9961 -16.0756 12
      vertex -16.0756 -18.9961 12
      vertex -18.8526 -15.7772 12
    endloop
  endfacet
  facet normal 0 0 1
    outer loop
      vertex -16.0756 -18.9961 12
      vertex -18.9961 -16.0756 12
      vertex -16.3824 -19.1318 12
    endloop
  endfacet
  facet normal -0 0 1
    outer loop
      vertex -19.1318 -16.3824 12
      vertex -16.3824 -19.1318 12
      vertex -18.9961 -16.0756 12
    endloop
  endfacet
  facet normal 0 0 1
    outer loop
      vertex -16.3824 -19.1318 12
      vertex -19.1318 -16.3824 12
      vertex -16.6967 -19.2596 12
    endloop
  endfacet
  facet normal -0 0 1
    outer loop
      vertex -19.2596 -16.6967 12
      vertex -16.6967 -19.2596 12
      vertex -19.1318 -16.3824 12
    endloop
  endfacet
  facet normal 0 0 1
    outer loop
      vertex -16.6967 -19.2596 12
      vertex -19.2596 -16.6967 12
      vertex -17.0186 -19.3799 12
    endloop
  endfacet
  facet normal -0 0 1
    outer loop
      vertex -19.3799 -17.0186 12
      vertex -17.0186 -19.3799 12
      vertex -19.2596 -16.6967 12
    endloop
  endfacet
  facet normal 0 0 1
    outer loop
      vertex -17.0186 -19.3799 12
      vertex -19.3799 -17.0186 12
      vertex -17.3472 -19.4925 12
    endloop
  endfacet
  facet normal -0 0 1
    outer loop
      vertex -19.4925 -17.3472 12
      vertex -17.3472 -19.4925 12
      vertex -19.3799 -17.0186 12
    endloop
  endfacet
  facet normal 0 0 1
    outer loop
      vertex -17.3472 -19.4925 12
      vertex -19.4925 -17.3472 12
      vertex -17.6828 -19.5975 12
    endloop
  endfacet
  facet normal -0 0 1
    outer loop
      vertex -19.5975 -17.6828 12
      vertex -17.6828 -19.5975 12
      vertex -19.4925 -17.3472 12
    endloop
  endfacet
  facet normal 0 0 1
    outer loop
      vertex -17.6828 -19.5975 12
      vertex -19.5975 -17.6828 12
      vertex -18.0249 -19.6949 12
    endloop
  endfacet
  facet normal -0 0 1
    outer loop
      vertex -19.6949 -18.0249 12
      vertex -18.0249 -19.6949 12
      vertex -19.5975 -17.6828 12
    endloop
  endfacet
  facet normal 0 0 1
    outer loop
      vertex -18.0249 -19.6949 12
      vertex -19.6949 -18.0249 12
      vertex -18.3729 -19.7847 12
    endloop
  endfacet
  facet normal 0 0 1
    outer loop
      vertex -18.3729 -19.7847 12
      vertex -19.6949 -18.0249 12
      vertex -19.7847 -18.3729 12
    endloop
  endfacet
  facet normal 0 0 1
    outer loop
      vertex -17.8086 -10.0331 12
      vertex -19.7041 -5.52319 12
      vertex -17.8472 -10.026 12
    endloop
  endfacet
  facet normal -0 0 1
    outer loop
      vertex -19.728 -5.55434 12
      vertex -17.8472 -10.026 12
      vertex -19.7041 -5.52319 12
    endloop
  endfacet
  facet normal 0 0 1
    outer loop
      vertex -17.8472 -10.026 12
      vertex -19.728 -5.55434 12
      vertex -17.8862 -10.0215 12
    endloop
  endfacet
  facet normal -0 0 1
    outer loop
      vertex -19.7539 -5.58386 12
      vertex -17.8862 -10.0215 12
      vertex -19.728 -5.55434 12
    endloop
  endfacet
  facet normal 0 0 1
    outer loop
      vertex -17.8862 -10.0215 12
      vertex -19.7539 -5.58386 12
      vertex -17.9254 -10.0195 12
    endloop
  endfacet
  facet normal -0 0 1
    outer loop
      vertex -19.7816 -5.61162 12
      vertex -17.9254 -10.0195 12
      vertex -19.7539 -5.58386 12
    endloop
  endfacet
  facet normal 0 0 1
    outer loop
      vertex -17.9254 -10.0195 12
      vertex -19.7816 -5.61162 12
      vertex -17.9647 -10.0201 12
    endloop
  endfacet
  facet normal -0 0 1
    outer loop
      vertex -19.8112 -5.63751 12
      vertex -17.9647 -10.0201 12
      vertex -19.7816 -5.61162 12
    endloop
  endfacet
  facet normal 0 0 1
    outer loop
      vertex -17.9647 -10.0201 12
      vertex -19.8112 -5.63751 12
      vertex -18.0038 -10.0232 12
    endloop
  endfacet
  facet normal -0 0 1
    outer loop
      vertex -19.8423 -5.66141 12
      vertex -18.0038 -10.0232 12
      vertex -19.8112 -5.63751 12
    endloop
  endfacet
  facet normal 0 0 1
    outer loop
      vertex -18.0038 -10.0232 12
      vertex -19.8423 -5.66141 12
      vertex -18.0427 -10.0289 12
    endloop
  endfacet
  facet normal -0 0 1
    outer loop
      vertex -19.875 -5.68323 12
      vertex -18.0427 -10.0289 12
      vertex -19.8423 -5.66141 12
    endloop
  endfacet
  facet normal 0 0 1
    outer loop
      vertex -18.0427 -10.0289 12
      vertex -19.875 -5.68323 12
      vertex -18.0811 -10.0372 12
    endloop
  endfacet
  facet normal -0 0 1
    outer loop
      vertex -19.909 -5.70287 12
      vertex -18.0811 -10.0372 12
      vertex -19.875 -5.68323 12
    endloop
  endfacet
  facet normal 0 0 1
    outer loop
      vertex -18.0811 -10.0372 12
      vertex -19.909 -5.70287 12
      vertex -18.1188 -10.0479 12
    endloop
  endfacet
  facet normal -0 0 1
    outer loop
      vertex -19.9442 -5.72023 12
      vertex -18.1188 -10.0479 12
      vertex -19.909 -5.70287 12
    endloop
  endfacet
  facet normal 0 0 1
    outer loop
      vertex -18.1188 -10.0479 12
      vertex -19.9442 -5.72023 12
      vertex -18.1558 -10.0611 12
    endloop
  endfacet
  facet normal -0 0 1
    outer loop
      vertex -19.9805 -5.73524 12
      vertex -18.1558 -10.0611 12
      vertex -19.9442 -5.72023 12
    endloop
  endfacet
  facet normal 0 0 1
    outer loop
      vertex -18.1558 -10.0611 12
      vertex -19.9805 -5.73524 12
      vertex -18.1919 -10.0766 12
    endloop
  endfacet
  facet normal 0 0 1
    outer loop
      vertex -18.1919 -10.0766 12
      vertex -19.9805 -5.73524 12
      vertex -18.2268 -10.0945 12
    endloop
  endfacet
  facet normal -0 0 1
    outer loop
      vertex -20.0262 -5.7504 12
      vertex -18.2268 -10.0945 12
      vertex -19.9805 -5.73524 12
    endloop
  endfacet
  facet normal 0 0 1
    outer loop
      vertex -18.2268 -10.0945 12
      vertex -20.0262 -5.7504 12
      vertex -19.6556 -10.8858 12
    endloop
  endfacet
  facet normal -0 0 1
    outer loop
      vertex -21.5959 -6.20113 12
      vertex -19.6556 -10.8858 12
      vertex -20.0262 -5.7504 12
    endloop
  endfacet
  facet normal 0 0 1
    outer loop
      vertex -19.6556 -10.8858 12
      vertex -21.5959 -6.20113 12
      vertex -19.9297 -11.0144 12
    endloop
  endfacet
  facet normal 0 0 1
    outer loop
      vertex -19.9297 -11.0144 12
      vertex -21.5959 -6.20113 12
      vertex -20.2206 -11.1125 12
    endloop
  endfacet
  facet normal -0 0 1
    outer loop
      vertex -21.8808 -6.30408 12
      vertex -20.2206 -11.1125 12
      vertex -21.5959 -6.20113 12
    endloop
  endfacet
  facet normal -0 0 1
    outer loop
      vertex -22.1559 -6.44044 12
      vertex -20.2206 -11.1125 12
      vertex -21.8808 -6.30408 12
    endloop
  endfacet
  facet normal 0 0 1
    outer loop
      vertex -20.2206 -11.1125 12
      vertex -22.1559 -6.44044 12
      vertex -20.521 -11.1926 12
    endloop
  endfacet
  facet normal -0 0 1
    outer loop
      vertex -22.4249 -6.59621 12
      vertex -20.521 -11.1926 12
      vertex -22.1559 -6.44044 12
    endloop
  endfacet
  facet normal 0 0 1
    outer loop
      vertex -20.521 -11.1926 12
      vertex -22.4249 -6.59621 12
      vertex -20.8295 -11.258 12
    endloop
  endfacet
  facet normal -0 0 1
    outer loop
      vertex -22.6891 -6.76797 12
      vertex -20.8295 -11.258 12
      vertex -22.4249 -6.59621 12
    endloop
  endfacet
  facet normal 0 0 1
    outer loop
      vertex -20.8295 -11.258 12
      vertex -22.6891 -6.76797 12
      vertex -21.1442 -11.3103 12
    endloop
  endfacet
  facet normal -0 0 1
    outer loop
      vertex -22.9489 -6.9536 12
      vertex -21.1442 -11.3103 12
      vertex -22.6891 -6.76797 12
    endloop
  endfacet
  facet normal 0 0 1
    outer loop
      vertex -21.1442 -11.3103 12
      vertex -22.9489 -6.9536 12
      vertex -21.4648 -11.3507 12
    endloop
  endfacet
  facet normal -0 0 1
    outer loop
      vertex -23.2042 -7.15176 12
      vertex -21.4648 -11.3507 12
      vertex -22.9489 -6.9536 12
    endloop
  endfacet
  facet normal 0 0 1
    outer loop
      vertex -21.4648 -11.3507 12
      vertex -23.2042 -7.15176 12
      vertex -21.7906 -11.3799 12
    endloop
  endfacet
  facet normal -0 0 1
    outer loop
      vertex -23.4553 -7.36171 12
      vertex -21.7906 -11.3799 12
      vertex -23.2042 -7.15176 12
    endloop
  endfacet
  facet normal 0 0 1
    outer loop
      vertex -21.7906 -11.3799 12
      vertex -23.4553 -7.36171 12
      vertex -22.1213 -11.3982 12
    endloop
  endfacet
  facet normal -0 0 1
    outer loop
      vertex -23.7018 -7.58221 12
      vertex -22.1213 -11.3982 12
      vertex -23.4553 -7.36171 12
    endloop
  endfacet
  facet normal 0 0 1
    outer loop
      vertex -22.1213 -11.3982 12
      vertex -23.7018 -7.58221 12
      vertex -22.4569 -11.4062 12
    endloop
  endfacet
  facet normal -0 0 1
    outer loop
      vertex -23.9449 -7.81407 12
      vertex -22.4569 -11.4062 12
      vertex -23.7018 -7.58221 12
    endloop
  endfacet
  facet normal 0 0 1
    outer loop
      vertex -22.4569 -11.4062 12
      vertex -23.9449 -7.81407 12
      vertex -22.7965 -11.404 12
    endloop
  endfacet
  facet normal -0 0 1
    outer loop
      vertex -24.1832 -8.05544 12
      vertex -22.7965 -11.404 12
      vertex -23.9449 -7.81407 12
    endloop
  endfacet
  facet normal 0 0 1
    outer loop
      vertex -22.7965 -11.404 12
      vertex -24.1832 -8.05544 12
      vertex -23.1393 -11.392 12
    endloop
  endfacet
  facet normal -0 0 1
    outer loop
      vertex -24.4176 -8.3069 12
      vertex -23.1393 -11.392 12
      vertex -24.1832 -8.05544 12
    endloop
  endfacet
  facet normal 0 0 1
    outer loop
      vertex -23.1393 -11.392 12
      vertex -24.4176 -8.3069 12
      vertex -23.4859 -11.3702 12
    endloop
  endfacet
  facet normal -0 0 1
    outer loop
      vertex -24.6471 -8.56714 12
      vertex -23.4859 -11.3702 12
      vertex -24.4176 -8.3069 12
    endloop
  endfacet
  facet normal 0 0 1
    outer loop
      vertex -23.4859 -11.3702 12
      vertex -24.6471 -8.56714 12
      vertex -23.8366 -11.3388 12
    endloop
  endfacet
  facet normal -0 0 1
    outer loop
      vertex -24.8727 -8.83717 12
      vertex -23.8366 -11.3388 12
      vertex -24.6471 -8.56714 12
    endloop
  endfacet
  facet normal 0 0 1
    outer loop
      vertex -23.8366 -11.3388 12
      vertex -24.8727 -8.83717 12
      vertex -24.1894 -11.298 12
    endloop
  endfacet
  facet normal -0 0 1
    outer loop
      vertex -25.0933 -9.11551 12
      vertex -24.1894 -11.298 12
      vertex -24.8727 -8.83717 12
    endloop
  endfacet
  facet normal 0 0 1
    outer loop
      vertex -24.1894 -11.298 12
      vertex -25.0933 -9.11551 12
      vertex -24.5456 -11.2477 12
    endloop
  endfacet
  facet normal 0 0 1
    outer loop
      vertex -24.5456 -11.2477 12
      vertex -25.0933 -9.11551 12
      vertex -25.3097 -9.40305 12
    endloop
  endfacet
  facet normal 0 0 1
    outer loop
      vertex 2.3475 20.6543 12
      vertex -2.34729 20.624 12
      vertex 2.3475 20.615 12
    endloop
  endfacet
  facet normal 0 -0 1
    outer loop
      vertex -2.34729 20.624 12
      vertex 2.3475 20.6543 12
      vertex -2.34787 20.6632 12
    endloop
  endfacet
  facet normal 0 0 1
    outer loop
      vertex 2.27245 24.1748 12
      vertex -2.35797 23.8626 12
      vertex -2.42996 23.5521 12
    endloop
  endfacet
  facet normal 0 0 1
    outer loop
      vertex 2.27245 24.1748 12
      vertex -2.42996 23.5521 12
      vertex -2.4875 23.2423 12
    endloop
  endfacet
  facet normal 0 0 1
    outer loop
      vertex 2.27245 24.1748 12
      vertex -2.4875 23.2423 12
      vertex -2.52852 22.9339 12
    endloop
  endfacet
  facet normal 0 0 1
    outer loop
      vertex 2.27245 24.1748 12
      vertex -2.52852 22.9339 12
      vertex -2.53534 22.3252 12
    endloop
  endfacet
  facet normal -0 -0 1
    outer loop
      vertex -2.34787 20.6632 12
      vertex 2.3475 20.6543 12
      vertex -2.35103 20.7024 12
    endloop
  endfacet
  facet normal 0 -0 1
    outer loop
      vertex -2.53534 22.3252 12
      vertex -2.52852 22.9339 12
      vertex -2.54919 22.6277 12
    endloop
  endfacet
  facet normal 0 0 1
    outer loop
      vertex 2.53534 -22.3252 12
      vertex 2.52852 -22.9339 12
      vertex 2.54919 -22.6277 12
    endloop
  endfacet
  facet normal 0 0 1
    outer loop
      vertex 2.53534 -22.3252 12
      vertex 2.4875 -23.2423 12
      vertex 2.52852 -22.9339 12
    endloop
  endfacet
  facet normal 0 0 1
    outer loop
      vertex 2.53534 -22.3252 12
      vertex 2.42996 -23.5521 12
      vertex 2.4875 -23.2423 12
    endloop
  endfacet
  facet normal 0 0 1
    outer loop
      vertex 2.53534 -22.3252 12
      vertex 2.35797 -23.8626 12
      vertex 2.42996 -23.5521 12
    endloop
  endfacet
  facet normal 0 0 1
    outer loop
      vertex 2.27245 -24.1748 12
      vertex 2.53534 -22.3252 12
      vertex 2.35103 -20.7024 12
    endloop
  endfacet
  facet normal 0 0 1
    outer loop
      vertex 2.27245 -24.1748 12
      vertex 2.35103 -20.7024 12
      vertex 2.34787 -20.6632 12
    endloop
  endfacet
  facet normal 0 0 1
    outer loop
      vertex 2.27245 -24.1748 12
      vertex 2.34787 -20.6632 12
      vertex 2.34729 -20.624 12
    endloop
  endfacet
  facet normal 0 0 1
    outer loop
      vertex 2.53534 -22.3252 12
      vertex 2.27245 -24.1748 12
      vertex 2.35797 -23.8626 12
    endloop
  endfacet
  facet normal 0 0 1
    outer loop
      vertex 1.66971 -25.7377 12
      vertex -1.66971 -25.7377 12
      vertex 1.51715 -26.0492 12
    endloop
  endfacet
  facet normal 0 -0 1
    outer loop
      vertex -1.66971 -25.7377 12
      vertex 1.66971 -25.7377 12
      vertex -1.81219 -25.4252 12
    endloop
  endfacet
  facet normal 0 0 1
    outer loop
      vertex 1.94403 -25.1126 12
      vertex -1.94403 -25.1126 12
      vertex 1.81219 -25.4252 12
    endloop
  endfacet
  facet normal 0 0 1
    outer loop
      vertex 1.81219 -25.4252 12
      vertex -1.81219 -25.4252 12
      vertex 1.66971 -25.7377 12
    endloop
  endfacet
  facet normal 0 -0 1
    outer loop
      vertex -1.81219 -25.4252 12
      vertex 1.81219 -25.4252 12
      vertex -1.94403 -25.1126 12
    endloop
  endfacet
  facet normal 0 -0 1
    outer loop
      vertex -1.94403 -25.1126 12
      vertex 1.94403 -25.1126 12
      vertex -2.06508 -24.7995 12
    endloop
  endfacet
  facet normal 0 0 1
    outer loop
      vertex 2.17474 -24.4868 12
      vertex -2.17474 -24.4868 12
      vertex 2.06508 -24.7995 12
    endloop
  endfacet
  facet normal 0 0 1
    outer loop
      vertex -2.52852 -22.9339 12
      vertex -2.53534 -22.3252 12
      vertex -2.54919 -22.6277 12
    endloop
  endfacet
  facet normal 0.873722 -0.486426 0
    outer loop
      vertex 1.18092 -26.6719 12
      vertex 1.35384 -26.3613 0
      vertex 1.35384 -26.3613 12
    endloop
  endfacet
  facet normal 0.873722 -0.486426 0
    outer loop
      vertex 1.35384 -26.3613 0
      vertex 1.18092 -26.6719 12
      vertex 1.18092 -26.6719 0
    endloop
  endfacet
  facet normal 0.886031 -0.463626 0
    outer loop
      vertex 1.35384 -26.3613 12
      vertex 1.51715 -26.0492 0
      vertex 1.51715 -26.0492 12
    endloop
  endfacet
  facet normal 0.886031 -0.463626 0
    outer loop
      vertex 1.51715 -26.0492 0
      vertex 1.35384 -26.3613 12
      vertex 1.35384 -26.3613 0
    endloop
  endfacet
  facet normal 0.898076 -0.439841 0
    outer loop
      vertex 1.51715 -26.0492 12
      vertex 1.66971 -25.7377 0
      vertex 1.66971 -25.7377 12
    endloop
  endfacet
  facet normal 0.898076 -0.439841 0
    outer loop
      vertex 1.66971 -25.7377 0
      vertex 1.51715 -26.0492 12
      vertex 1.51715 -26.0492 0
    endloop
  endfacet
  facet normal 0.909889 -0.414851 0
    outer loop
      vertex 1.66971 -25.7377 12
      vertex 1.81219 -25.4252 0
      vertex 1.81219 -25.4252 12
    endloop
  endfacet
  facet normal 0.909889 -0.414851 0
    outer loop
      vertex 1.81219 -25.4252 0
      vertex 1.66971 -25.7377 12
      vertex 1.66971 -25.7377 0
    endloop
  endfacet
  facet normal 0.921404 -0.388605 0
    outer loop
      vertex 1.81219 -25.4252 12
      vertex 1.94403 -25.1126 0
      vertex 1.94403 -25.1126 12
    endloop
  endfacet
  facet normal 0.921404 -0.388605 0
    outer loop
      vertex 1.94403 -25.1126 0
      vertex 1.81219 -25.4252 12
      vertex 1.81219 -25.4252 0
    endloop
  endfacet
  facet normal 0.932718 -0.360605 0
    outer loop
      vertex 1.94403 -25.1126 12
      vertex 2.06508 -24.7995 0
      vertex 2.06508 -24.7995 12
    endloop
  endfacet
  facet normal 0.932718 -0.360605 0
    outer loop
      vertex 2.06508 -24.7995 0
      vertex 1.94403 -25.1126 12
      vertex 1.94403 -25.1126 0
    endloop
  endfacet
  facet normal 0.943656 -0.330928 0
    outer loop
      vertex 2.06508 -24.7995 12
      vertex 2.17474 -24.4868 0
      vertex 2.17474 -24.4868 12
    endloop
  endfacet
  facet normal 0.943656 -0.330928 0
    outer loop
      vertex 2.17474 -24.4868 0
      vertex 2.06508 -24.7995 12
      vertex 2.06508 -24.7995 0
    endloop
  endfacet
  facet normal 0.954297 -0.29886 0
    outer loop
      vertex 2.17474 -24.4868 12
      vertex 2.27245 -24.1748 0
      vertex 2.27245 -24.1748 12
    endloop
  endfacet
  facet normal 0.954297 -0.29886 0
    outer loop
      vertex 2.27245 -24.1748 0
      vertex 2.17474 -24.4868 12
      vertex 2.17474 -24.4868 0
    endloop
  endfacet
  facet normal 0.96447 -0.264194 0
    outer loop
      vertex 2.27245 -24.1748 12
      vertex 2.35797 -23.8626 0
      vertex 2.35797 -23.8626 12
    endloop
  endfacet
  facet normal 0.96447 -0.264194 0
    outer loop
      vertex 2.35797 -23.8626 0
      vertex 2.27245 -24.1748 12
      vertex 2.27245 -24.1748 0
    endloop
  endfacet
  facet normal 0.97416 -0.225861 0
    outer loop
      vertex 2.35797 -23.8626 12
      vertex 2.42996 -23.5521 0
      vertex 2.42996 -23.5521 12
    endloop
  endfacet
  facet normal 0.97416 -0.225861 0
    outer loop
      vertex 2.42996 -23.5521 0
      vertex 2.35797 -23.8626 12
      vertex 2.35797 -23.8626 0
    endloop
  endfacet
  facet normal 0.983185 -0.18261 0
    outer loop
      vertex 2.42996 -23.5521 12
      vertex 2.4875 -23.2423 0
      vertex 2.4875 -23.2423 12
    endloop
  endfacet
  facet normal 0.983185 -0.18261 0
    outer loop
      vertex 2.4875 -23.2423 0
      vertex 2.42996 -23.5521 12
      vertex 2.42996 -23.5521 0
    endloop
  endfacet
  facet normal 0.99127 -0.131848 0
    outer loop
      vertex 2.4875 -23.2423 12
      vertex 2.52852 -22.9339 0
      vertex 2.52852 -22.9339 12
    endloop
  endfacet
  facet normal 0.99127 -0.131848 0
    outer loop
      vertex 2.52852 -22.9339 0
      vertex 2.4875 -23.2423 12
      vertex 2.4875 -23.2423 0
    endloop
  endfacet
  facet normal 0.997729 -0.0673516 0
    outer loop
      vertex 2.52852 -22.9339 12
      vertex 2.54919 -22.6277 0
      vertex 2.54919 -22.6277 12
    endloop
  endfacet
  facet normal 0.997729 -0.0673516 0
    outer loop
      vertex 2.54919 -22.6277 0
      vertex 2.52852 -22.9339 12
      vertex 2.52852 -22.9339 0
    endloop
  endfacet
  facet normal 0.998954 0.0457372 0
    outer loop
      vertex 2.54919 -22.6277 12
      vertex 2.53534 -22.3252 0
      vertex 2.53534 -22.3252 12
    endloop
  endfacet
  facet normal 0.998954 0.0457372 0
    outer loop
      vertex 2.53534 -22.3252 0
      vertex 2.54919 -22.6277 12
      vertex 2.54919 -22.6277 0
    endloop
  endfacet
  facet normal 0.993612 0.11285 0
    outer loop
      vertex 2.53534 -22.3252 12
      vertex 2.35103 -20.7024 0
      vertex 2.35103 -20.7024 12
    endloop
  endfacet
  facet normal 0.993612 0.11285 0
    outer loop
      vertex 2.35103 -20.7024 0
      vertex 2.53534 -22.3252 12
      vertex 2.53534 -22.3252 0
    endloop
  endfacet
  facet normal 0.996767 0.0803516 0
    outer loop
      vertex 2.35103 -20.7024 12
      vertex 2.34787 -20.6632 0
      vertex 2.34787 -20.6632 12
    endloop
  endfacet
  facet normal 0.996767 0.0803516 0
    outer loop
      vertex 2.34787 -20.6632 0
      vertex 2.35103 -20.7024 12
      vertex 2.35103 -20.7024 0
    endloop
  endfacet
  facet normal 0.999891 0.0147943 0
    outer loop
      vertex 2.34787 -20.6632 12
      vertex 2.34729 -20.624 0
      vertex 2.34729 -20.624 12
    endloop
  endfacet
  facet normal 0.999891 0.0147943 0
    outer loop
      vertex 2.34729 -20.624 0
      vertex 2.34787 -20.6632 12
      vertex 2.34787 -20.6632 0
    endloop
  endfacet
  facet normal 0.998727 -0.0504459 0
    outer loop
      vertex 2.34729 -20.624 12
      vertex 2.34927 -20.5848 0
      vertex 2.34927 -20.5848 12
    endloop
  endfacet
  facet normal 0.998727 -0.0504459 0
    outer loop
      vertex 2.34927 -20.5848 0
      vertex 2.34729 -20.624 12
      vertex 2.34729 -20.624 0
    endloop
  endfacet
  facet normal 0.993292 -0.115629 0
    outer loop
      vertex 2.34927 -20.5848 12
      vertex 2.35381 -20.5458 0
      vertex 2.35381 -20.5458 12
    endloop
  endfacet
  facet normal 0.993292 -0.115629 0
    outer loop
      vertex 2.35381 -20.5458 0
      vertex 2.34927 -20.5848 12
      vertex 2.34927 -20.5848 0
    endloop
  endfacet
  facet normal 0.983546 -0.180657 0
    outer loop
      vertex 2.35381 -20.5458 12
      vertex 2.3609 -20.5072 0
      vertex 2.3609 -20.5072 12
    endloop
  endfacet
  facet normal 0.983546 -0.180657 0
    outer loop
      vertex 2.3609 -20.5072 0
      vertex 2.35381 -20.5458 12
      vertex 2.35381 -20.5458 0
    endloop
  endfacet
  facet normal 0.969692 -0.244332 0
    outer loop
      vertex 2.3609 -20.5072 12
      vertex 2.3705 -20.4691 0
      vertex 2.3705 -20.4691 12
    endloop
  endfacet
  facet normal 0.969692 -0.244332 0
    outer loop
      vertex 2.3705 -20.4691 0
      vertex 2.3609 -20.5072 12
      vertex 2.3609 -20.5072 0
    endloop
  endfacet
  facet normal 0.951816 -0.306668 0
    outer loop
      vertex 2.3705 -20.4691 12
      vertex 2.38255 -20.4317 0
      vertex 2.38255 -20.4317 12
    endloop
  endfacet
  facet normal 0.951816 -0.306668 0
    outer loop
      vertex 2.38255 -20.4317 0
      vertex 2.3705 -20.4691 12
      vertex 2.3705 -20.4691 0
    endloop
  endfacet
  facet normal 0.929527 -0.368755 0
    outer loop
      vertex 2.38255 -20.4317 12
      vertex 2.39703 -20.3952 0
      vertex 2.39703 -20.3952 12
    endloop
  endfacet
  facet normal 0.929527 -0.368755 0
    outer loop
      vertex 2.39703 -20.3952 0
      vertex 2.38255 -20.4317 12
      vertex 2.38255 -20.4317 0
    endloop
  endfacet
  facet normal 0.902931 -0.429785 0
    outer loop
      vertex 2.39703 -20.3952 12
      vertex 2.41388 -20.3598 0
      vertex 2.41388 -20.3598 12
    endloop
  endfacet
  facet normal 0.902931 -0.429785 0
    outer loop
      vertex 2.41388 -20.3598 0
      vertex 2.39703 -20.3952 12
      vertex 2.39703 -20.3952 0
    endloop
  endfacet
  facet normal 0.87346 -0.486896 0
    outer loop
      vertex 2.41388 -20.3598 12
      vertex 2.433 -20.3255 0
      vertex 2.433 -20.3255 12
    endloop
  endfacet
  facet normal 0.87346 -0.486896 0
    outer loop
      vertex 2.433 -20.3255 0
      vertex 2.41388 -20.3598 12
      vertex 2.41388 -20.3598 0
    endloop
  endfacet
  facet normal 0.839836 -0.54284 0
    outer loop
      vertex 2.433 -20.3255 12
      vertex 2.45433 -20.2925 0
      vertex 2.45433 -20.2925 12
    endloop
  endfacet
  facet normal 0.839836 -0.54284 0
    outer loop
      vertex 2.45433 -20.2925 0
      vertex 2.433 -20.3255 12
      vertex 2.433 -20.3255 0
    endloop
  endfacet
  facet normal 0.8025 -0.596652 0
    outer loop
      vertex 2.45433 -20.2925 12
      vertex 2.47775 -20.261 0
      vertex 2.47775 -20.261 12
    endloop
  endfacet
  facet normal 0.8025 -0.596652 0
    outer loop
      vertex 2.47775 -20.261 0
      vertex 2.45433 -20.2925 12
      vertex 2.45433 -20.2925 0
    endloop
  endfacet
  facet normal 0.761499 -0.648166 0
    outer loop
      vertex 2.47775 -20.261 12
      vertex 2.5032 -20.2311 0
      vertex 2.5032 -20.2311 12
    endloop
  endfacet
  facet normal 0.761499 -0.648166 0
    outer loop
      vertex 2.5032 -20.2311 0
      vertex 2.47775 -20.261 12
      vertex 2.47775 -20.261 0
    endloop
  endfacet
  facet normal 0.717843 -0.696205 0
    outer loop
      vertex 2.5032 -20.2311 12
      vertex 2.53055 -20.2029 0
      vertex 2.53055 -20.2029 12
    endloop
  endfacet
  facet normal 0.717843 -0.696205 0
    outer loop
      vertex 2.53055 -20.2029 0
      vertex 2.5032 -20.2311 12
      vertex 2.5032 -20.2311 0
    endloop
  endfacet
  facet normal 0.670132 -0.742242 0
    outer loop
      vertex 2.53055 -20.2029 0
      vertex 2.55968 -20.1766 12
      vertex 2.53055 -20.2029 12
    endloop
  endfacet
  facet normal 0.670132 -0.742242 0
    outer loop
      vertex 2.55968 -20.1766 12
      vertex 2.53055 -20.2029 0
      vertex 2.55968 -20.1766 0
    endloop
  endfacet
  facet normal 0.621088 -0.783741 0
    outer loop
      vertex 2.55968 -20.1766 0
      vertex 2.59047 -20.1522 12
      vertex 2.55968 -20.1766 12
    endloop
  endfacet
  facet normal 0.621088 -0.783741 0
    outer loop
      vertex 2.59047 -20.1522 12
      vertex 2.55968 -20.1766 0
      vertex 2.59047 -20.1522 0
    endloop
  endfacet
  facet normal 0.567911 -0.82309 0
    outer loop
      vertex 2.59047 -20.1522 0
      vertex 2.62279 -20.1299 12
      vertex 2.59047 -20.1522 12
    endloop
  endfacet
  facet normal 0.567911 -0.82309 0
    outer loop
      vertex 2.62279 -20.1299 12
      vertex 2.59047 -20.1522 0
      vertex 2.62279 -20.1299 0
    endloop
  endfacet
  facet normal 0.512245 -0.858839 0
    outer loop
      vertex 2.62279 -20.1299 0
      vertex 2.65649 -20.1098 12
      vertex 2.62279 -20.1299 12
    endloop
  endfacet
  facet normal 0.512245 -0.858839 0
    outer loop
      vertex 2.65649 -20.1098 12
      vertex 2.62279 -20.1299 0
      vertex 2.65649 -20.1098 0
    endloop
  endfacet
  facet normal 0.455851 -0.890056 0
    outer loop
      vertex 2.65649 -20.1098 0
      vertex 2.69144 -20.0919 12
      vertex 2.65649 -20.1098 12
    endloop
  endfacet
  facet normal 0.455851 -0.890056 0
    outer loop
      vertex 2.69144 -20.0919 12
      vertex 2.65649 -20.1098 0
      vertex 2.69144 -20.0919 0
    endloop
  endfacet
  facet normal 0.397143 -0.917757 0
    outer loop
      vertex 2.69144 -20.0919 0
      vertex 2.72749 -20.0763 12
      vertex 2.69144 -20.0919 12
    endloop
  endfacet
  facet normal 0.397143 -0.917757 0
    outer loop
      vertex 2.72749 -20.0763 12
      vertex 2.69144 -20.0919 0
      vertex 2.72749 -20.0763 0
    endloop
  endfacet
  facet normal 0.333833 -0.942632 0
    outer loop
      vertex 2.72749 -20.0763 0
      vertex 2.76448 -20.0632 12
      vertex 2.72749 -20.0763 12
    endloop
  endfacet
  facet normal 0.333833 -0.942632 0
    outer loop
      vertex 2.76448 -20.0632 12
      vertex 2.72749 -20.0763 0
      vertex 2.76448 -20.0632 0
    endloop
  endfacet
  facet normal 0.274923 -0.961466 0
    outer loop
      vertex 2.76448 -20.0632 0
      vertex 2.80225 -20.0524 12
      vertex 2.76448 -20.0632 12
    endloop
  endfacet
  facet normal 0.274923 -0.961466 0
    outer loop
      vertex 2.80225 -20.0524 12
      vertex 2.76448 -20.0632 0
      vertex 2.80225 -20.0524 0
    endloop
  endfacet
  facet normal 0.201261 -0.979538 0
    outer loop
      vertex 2.80225 -20.0524 0
      vertex 2.84946 -20.0427 12
      vertex 2.80225 -20.0524 12
    endloop
  endfacet
  facet normal 0.201261 -0.979538 0
    outer loop
      vertex 2.84946 -20.0427 12
      vertex 2.80225 -20.0524 0
      vertex 2.84946 -20.0427 0
    endloop
  endfacet
  facet normal 0.162902 -0.986642 0
    outer loop
      vertex 2.84946 -20.0427 0
      vertex 3.95056 -19.8609 12
      vertex 2.84946 -20.0427 12
    endloop
  endfacet
  facet normal 0.162902 -0.986642 0
    outer loop
      vertex 3.95056 -19.8609 12
      vertex 2.84946 -20.0427 0
      vertex 3.95056 -19.8609 0
    endloop
  endfacet
  facet normal 0.227051 -0.973883 0
    outer loop
      vertex 3.95056 -19.8609 0
      vertex 5.03746 -19.6075 12
      vertex 3.95056 -19.8609 12
    endloop
  endfacet
  facet normal 0.227051 -0.973883 0
    outer loop
      vertex 5.03746 -19.6075 12
      vertex 3.95056 -19.8609 0
      vertex 5.03746 -19.6075 0
    endloop
  endfacet
  facet normal 0.196067 -0.98059 0
    outer loop
      vertex 5.03746 -19.6075 0
      vertex 5.07597 -19.5998 12
      vertex 5.03746 -19.6075 12
    endloop
  endfacet
  facet normal 0.196067 -0.98059 0
    outer loop
      vertex 5.07597 -19.5998 12
      vertex 5.03746 -19.6075 0
      vertex 5.07597 -19.5998 0
    endloop
  endfacet
  facet normal 0.129894 -0.991528 0
    outer loop
      vertex 5.07597 -19.5998 0
      vertex 5.1149 -19.5947 12
      vertex 5.07597 -19.5998 12
    endloop
  endfacet
  facet normal 0.129894 -0.991528 0
    outer loop
      vertex 5.1149 -19.5947 12
      vertex 5.07597 -19.5998 0
      vertex 5.1149 -19.5947 0
    endloop
  endfacet
  facet normal 0.0662316 -0.997804 0
    outer loop
      vertex 5.1149 -19.5947 0
      vertex 5.15407 -19.5921 12
      vertex 5.1149 -19.5947 12
    endloop
  endfacet
  facet normal 0.0662316 -0.997804 0
    outer loop
      vertex 5.15407 -19.5921 12
      vertex 5.1149 -19.5947 0
      vertex 5.15407 -19.5921 0
    endloop
  endfacet
  facet normal 0 -1 0
    outer loop
      vertex 5.15407 -19.5921 0
      vertex 5.19334 -19.5921 12
      vertex 5.15407 -19.5921 12
    endloop
  endfacet
  facet normal 0 -1 -0
    outer loop
      vertex 5.19334 -19.5921 12
      vertex 5.15407 -19.5921 0
      vertex 5.19334 -19.5921 0
    endloop
  endfacet
  facet normal -0.0662316 -0.997804 0
    outer loop
      vertex 5.19334 -19.5921 0
      vertex 5.23251 -19.5947 12
      vertex 5.19334 -19.5921 12
    endloop
  endfacet
  facet normal -0.0662316 -0.997804 -0
    outer loop
      vertex 5.23251 -19.5947 12
      vertex 5.19334 -19.5921 0
      vertex 5.23251 -19.5947 0
    endloop
  endfacet
  facet normal -0.129894 -0.991528 0
    outer loop
      vertex 5.23251 -19.5947 0
      vertex 5.27144 -19.5998 12
      vertex 5.23251 -19.5947 12
    endloop
  endfacet
  facet normal -0.129894 -0.991528 -0
    outer loop
      vertex 5.27144 -19.5998 12
      vertex 5.23251 -19.5947 0
      vertex 5.27144 -19.5998 0
    endloop
  endfacet
  facet normal -0.196067 -0.98059 0
    outer loop
      vertex 5.27144 -19.5998 0
      vertex 5.30995 -19.6075 12
      vertex 5.27144 -19.5998 12
    endloop
  endfacet
  facet normal -0.196067 -0.98059 -0
    outer loop
      vertex 5.30995 -19.6075 12
      vertex 5.27144 -19.5998 0
      vertex 5.30995 -19.6075 0
    endloop
  endfacet
  facet normal -0.257377 -0.966311 0
    outer loop
      vertex 5.30995 -19.6075 0
      vertex 5.34787 -19.6176 12
      vertex 5.30995 -19.6075 12
    endloop
  endfacet
  facet normal -0.257377 -0.966311 -0
    outer loop
      vertex 5.34787 -19.6176 12
      vertex 5.30995 -19.6075 0
      vertex 5.34787 -19.6176 0
    endloop
  endfacet
  facet normal -0.323166 -0.946342 0
    outer loop
      vertex 5.34787 -19.6176 0
      vertex 5.38506 -19.6303 12
      vertex 5.34787 -19.6176 12
    endloop
  endfacet
  facet normal -0.323166 -0.946342 -0
    outer loop
      vertex 5.38506 -19.6303 12
      vertex 5.34787 -19.6176 0
      vertex 5.38506 -19.6303 0
    endloop
  endfacet
  facet normal -0.382172 -0.924091 0
    outer loop
      vertex 5.38506 -19.6303 0
      vertex 5.42133 -19.6453 12
      vertex 5.38506 -19.6303 12
    endloop
  endfacet
  facet normal -0.382172 -0.924091 -0
    outer loop
      vertex 5.42133 -19.6453 12
      vertex 5.38506 -19.6303 0
      vertex 5.42133 -19.6453 0
    endloop
  endfacet
  facet normal -0.440983 -0.897515 0
    outer loop
      vertex 5.42133 -19.6453 0
      vertex 5.45654 -19.6626 12
      vertex 5.42133 -19.6453 12
    endloop
  endfacet
  facet normal -0.440983 -0.897515 -0
    outer loop
      vertex 5.45654 -19.6626 12
      vertex 5.42133 -19.6453 0
      vertex 5.45654 -19.6626 0
    endloop
  endfacet
  facet normal -0.501337 -0.865252 0
    outer loop
      vertex 5.45654 -19.6626 0
      vertex 5.49054 -19.6823 12
      vertex 5.45654 -19.6626 12
    endloop
  endfacet
  facet normal -0.501337 -0.865252 -0
    outer loop
      vertex 5.49054 -19.6823 12
      vertex 5.45654 -19.6626 0
      vertex 5.49054 -19.6823 0
    endloop
  endfacet
  facet normal -0.555288 -0.831658 0
    outer loop
      vertex 5.49054 -19.6823 0
      vertex 5.52319 -19.7041 12
      vertex 5.49054 -19.6823 12
    endloop
  endfacet
  facet normal -0.555288 -0.831658 -0
    outer loop
      vertex 5.52319 -19.7041 12
      vertex 5.49054 -19.6823 0
      vertex 5.52319 -19.7041 0
    endloop
  endfacet
  facet normal -0.608726 -0.793381 0
    outer loop
      vertex 5.52319 -19.7041 0
      vertex 5.55434 -19.728 12
      vertex 5.52319 -19.7041 12
    endloop
  endfacet
  facet normal -0.608726 -0.793381 -0
    outer loop
      vertex 5.55434 -19.728 12
      vertex 5.52319 -19.7041 0
      vertex 5.55434 -19.728 0
    endloop
  endfacet
  facet normal -0.659514 -0.751693 0
    outer loop
      vertex 5.55434 -19.728 0
      vertex 5.58386 -19.7539 12
      vertex 5.55434 -19.728 12
    endloop
  endfacet
  facet normal -0.659514 -0.751693 -0
    outer loop
      vertex 5.58386 -19.7539 12
      vertex 5.55434 -19.728 0
      vertex 5.58386 -19.7539 0
    endloop
  endfacet
  facet normal -0.706341 -0.707871 0
    outer loop
      vertex 5.61162 -19.7816 0
      vertex 5.58386 -19.7539 12
      vertex 5.58386 -19.7539 0
    endloop
  endfacet
  facet normal -0.706341 -0.707871 0
    outer loop
      vertex 5.58386 -19.7539 12
      vertex 5.61162 -19.7816 0
      vertex 5.61162 -19.7816 12
    endloop
  endfacet
  facet normal -0.752703 -0.658361 0
    outer loop
      vertex 5.63751 -19.8112 0
      vertex 5.61162 -19.7816 12
      vertex 5.61162 -19.7816 0
    endloop
  endfacet
  facet normal -0.752703 -0.658361 0
    outer loop
      vertex 5.61162 -19.7816 12
      vertex 5.63751 -19.8112 0
      vertex 5.63751 -19.8112 12
    endloop
  endfacet
  facet normal -0.792908 -0.609341 0
    outer loop
      vertex 5.66141 -19.8423 0
      vertex 5.63751 -19.8112 12
      vertex 5.63751 -19.8112 0
    endloop
  endfacet
  facet normal -0.792908 -0.609341 0
    outer loop
      vertex 5.63751 -19.8112 12
      vertex 5.66141 -19.8423 0
      vertex 5.66141 -19.8423 12
    endloop
  endfacet
  facet normal -0.831815 -0.555052 0
    outer loop
      vertex 5.68323 -19.875 0
      vertex 5.66141 -19.8423 12
      vertex 5.66141 -19.8423 0
    endloop
  endfacet
  facet normal -0.831815 -0.555052 0
    outer loop
      vertex 5.66141 -19.8423 12
      vertex 5.68323 -19.875 0
      vertex 5.68323 -19.875 12
    endloop
  endfacet
  facet normal -0.865914 -0.500193 0
    outer loop
      vertex 5.70287 -19.909 0
      vertex 5.68323 -19.875 12
      vertex 5.68323 -19.875 0
    endloop
  endfacet
  facet normal -0.865914 -0.500193 0
    outer loop
      vertex 5.68323 -19.875 12
      vertex 5.70287 -19.909 0
      vertex 5.70287 -19.909 12
    endloop
  endfacet
  facet normal -0.89686 -0.442315 0
    outer loop
      vertex 5.72023 -19.9442 0
      vertex 5.70287 -19.909 12
      vertex 5.70287 -19.909 0
    endloop
  endfacet
  facet normal -0.89686 -0.442315 0
    outer loop
      vertex 5.70287 -19.909 12
      vertex 5.72023 -19.9442 0
      vertex 5.72023 -19.9442 12
    endloop
  endfacet
  facet normal -0.924113 -0.382119 0
    outer loop
      vertex 5.73524 -19.9805 0
      vertex 5.72023 -19.9442 12
      vertex 5.72023 -19.9442 0
    endloop
  endfacet
  facet normal -0.924113 -0.382119 0
    outer loop
      vertex 5.72023 -19.9442 12
      vertex 5.73524 -19.9805 0
      vertex 5.73524 -19.9805 12
    endloop
  endfacet
  facet normal -0.949139 -0.314857 0
    outer loop
      vertex 5.7504 -20.0262 0
      vertex 5.73524 -19.9805 12
      vertex 5.73524 -19.9805 0
    endloop
  endfacet
  facet normal -0.949139 -0.314857 0
    outer loop
      vertex 5.73524 -19.9805 12
      vertex 5.7504 -20.0262 0
      vertex 5.7504 -20.0262 12
    endloop
  endfacet
  facet normal -0.96116 -0.275991 0
    outer loop
      vertex 6.20113 -21.5959 0
      vertex 5.7504 -20.0262 12
      vertex 5.7504 -20.0262 0
    endloop
  endfacet
  facet normal -0.96116 -0.275991 0
    outer loop
      vertex 5.7504 -20.0262 12
      vertex 6.20113 -21.5959 0
      vertex 6.20113 -21.5959 12
    endloop
  endfacet
  facet normal -0.940481 -0.339847 0
    outer loop
      vertex 6.30408 -21.8808 0
      vertex 6.20113 -21.5959 12
      vertex 6.20113 -21.5959 0
    endloop
  endfacet
  facet normal -0.940481 -0.339847 0
    outer loop
      vertex 6.20113 -21.5959 12
      vertex 6.30408 -21.8808 0
      vertex 6.30408 -21.8808 12
    endloop
  endfacet
  facet normal -0.895972 -0.44411 0
    outer loop
      vertex 6.44044 -22.1559 0
      vertex 6.30408 -21.8808 12
      vertex 6.30408 -21.8808 0
    endloop
  endfacet
  facet normal -0.895972 -0.44411 0
    outer loop
      vertex 6.30408 -21.8808 12
      vertex 6.44044 -22.1559 0
      vertex 6.44044 -22.1559 12
    endloop
  endfacet
  facet normal -0.86538 -0.501116 0
    outer loop
      vertex 6.59621 -22.4249 0
      vertex 6.44044 -22.1559 12
      vertex 6.44044 -22.1559 0
    endloop
  endfacet
  facet normal -0.86538 -0.501116 0
    outer loop
      vertex 6.44044 -22.1559 12
      vertex 6.59621 -22.4249 0
      vertex 6.59621 -22.4249 12
    endloop
  endfacet
  facet normal -0.8384 -0.545055 0
    outer loop
      vertex 6.76797 -22.6891 0
      vertex 6.59621 -22.4249 12
      vertex 6.59621 -22.4249 0
    endloop
  endfacet
  facet normal -0.8384 -0.545055 0
    outer loop
      vertex 6.59621 -22.4249 12
      vertex 6.76797 -22.6891 0
      vertex 6.76797 -22.6891 12
    endloop
  endfacet
  facet normal -0.813647 -0.58136 0
    outer loop
      vertex 6.9536 -22.9489 0
      vertex 6.76797 -22.6891 12
      vertex 6.76797 -22.6891 0
    endloop
  endfacet
  facet normal -0.813647 -0.58136 0
    outer loop
      vertex 6.76797 -22.6891 12
      vertex 6.9536 -22.9489 0
      vertex 6.9536 -22.9489 12
    endloop
  endfacet
  facet normal -0.789962 -0.613156 0
    outer loop
      vertex 7.15176 -23.2042 0
      vertex 6.9536 -22.9489 12
      vertex 6.9536 -22.9489 0
    endloop
  endfacet
  facet normal -0.789962 -0.613156 0
    outer loop
      vertex 6.9536 -22.9489 12
      vertex 7.15176 -23.2042 0
      vertex 7.15176 -23.2042 12
    endloop
  endfacet
  facet normal -0.767168 -0.641446 0
    outer loop
      vertex 7.36171 -23.4553 0
      vertex 7.15176 -23.2042 12
      vertex 7.15176 -23.2042 0
    endloop
  endfacet
  facet normal -0.767168 -0.641446 0
    outer loop
      vertex 7.15176 -23.2042 12
      vertex 7.36171 -23.4553 0
      vertex 7.36171 -23.4553 12
    endloop
  endfacet
  facet normal -0.74532 -0.666706 0
    outer loop
      vertex 7.58221 -23.7018 0
      vertex 7.36171 -23.4553 12
      vertex 7.36171 -23.4553 0
    endloop
  endfacet
  facet normal -0.74532 -0.666706 0
    outer loop
      vertex 7.36171 -23.4553 12
      vertex 7.58221 -23.7018 0
      vertex 7.58221 -23.7018 12
    endloop
  endfacet
  facet normal -0.723638 -0.69018 0
    outer loop
      vertex 7.81407 -23.9449 0
      vertex 7.58221 -23.7018 12
      vertex 7.58221 -23.7018 0
    endloop
  endfacet
  facet normal -0.723638 -0.69018 0
    outer loop
      vertex 7.58221 -23.7018 12
      vertex 7.81407 -23.9449 0
      vertex 7.81407 -23.9449 12
    endloop
  endfacet
  facet normal -0.702567 -0.711618 0
    outer loop
      vertex 7.81407 -23.9449 0
      vertex 8.05544 -24.1832 12
      vertex 7.81407 -23.9449 12
    endloop
  endfacet
  facet normal -0.702567 -0.711618 -0
    outer loop
      vertex 8.05544 -24.1832 12
      vertex 7.81407 -23.9449 0
      vertex 8.05544 -24.1832 0
    endloop
  endfacet
  facet normal -0.681858 -0.731485 0
    outer loop
      vertex 8.05544 -24.1832 0
      vertex 8.3069 -24.4176 12
      vertex 8.05544 -24.1832 12
    endloop
  endfacet
  facet normal -0.681858 -0.731485 -0
    outer loop
      vertex 8.3069 -24.4176 12
      vertex 8.05544 -24.1832 0
      vertex 8.3069 -24.4176 0
    endloop
  endfacet
  facet normal -0.661421 -0.750014 0
    outer loop
      vertex 8.3069 -24.4176 0
      vertex 8.56714 -24.6471 12
      vertex 8.3069 -24.4176 12
    endloop
  endfacet
  facet normal -0.661421 -0.750014 -0
    outer loop
      vertex 8.56714 -24.6471 12
      vertex 8.3069 -24.4176 0
      vertex 8.56714 -24.6471 0
    endloop
  endfacet
  facet normal -0.641148 -0.767417 0
    outer loop
      vertex 8.56714 -24.6471 0
      vertex 8.83717 -24.8727 12
      vertex 8.56714 -24.6471 12
    endloop
  endfacet
  facet normal -0.641148 -0.767417 -0
    outer loop
      vertex 8.83717 -24.8727 12
      vertex 8.56714 -24.6471 0
      vertex 8.83717 -24.8727 0
    endloop
  endfacet
  facet normal -0.621131 -0.783707 0
    outer loop
      vertex 8.83717 -24.8727 0
      vertex 9.11551 -25.0933 12
      vertex 8.83717 -24.8727 12
    endloop
  endfacet
  facet normal -0.621131 -0.783707 -0
    outer loop
      vertex 9.11551 -25.0933 12
      vertex 8.83717 -24.8727 0
      vertex 9.11551 -25.0933 0
    endloop
  endfacet
  facet normal -0.601324 -0.799005 0
    outer loop
      vertex 9.11551 -25.0933 0
      vertex 9.40305 -25.3097 12
      vertex 9.11551 -25.0933 12
    endloop
  endfacet
  facet normal -0.601324 -0.799005 -0
    outer loop
      vertex 9.40305 -25.3097 12
      vertex 9.11551 -25.0933 0
      vertex 9.40305 -25.3097 0
    endloop
  endfacet
  facet normal 0.382692 -0.923876 0
    outer loop
      vertex 9.40305 -25.3097 0
      vertex 11.2477 -24.5456 12
      vertex 9.40305 -25.3097 12
    endloop
  endfacet
  facet normal 0.382692 -0.923876 0
    outer loop
      vertex 11.2477 -24.5456 12
      vertex 9.40305 -25.3097 0
      vertex 11.2477 -24.5456 0
    endloop
  endfacet
  facet normal 0.990176 -0.139826 0
    outer loop
      vertex 11.2477 -24.5456 12
      vertex 11.298 -24.1894 0
      vertex 11.298 -24.1894 12
    endloop
  endfacet
  facet normal 0.990176 -0.139826 0
    outer loop
      vertex 11.298 -24.1894 0
      vertex 11.2477 -24.5456 12
      vertex 11.2477 -24.5456 0
    endloop
  endfacet
  facet normal 0.993379 -0.114881 0
    outer loop
      vertex 11.298 -24.1894 12
      vertex 11.3388 -23.8366 0
      vertex 11.3388 -23.8366 12
    endloop
  endfacet
  facet normal 0.993379 -0.114881 0
    outer loop
      vertex 11.3388 -23.8366 0
      vertex 11.298 -24.1894 12
      vertex 11.298 -24.1894 0
    endloop
  endfacet
  facet normal 0.996016 -0.0891785 0
    outer loop
      vertex 11.3388 -23.8366 12
      vertex 11.3702 -23.4859 0
      vertex 11.3702 -23.4859 12
    endloop
  endfacet
  facet normal 0.996016 -0.0891785 0
    outer loop
      vertex 11.3702 -23.4859 0
      vertex 11.3388 -23.8366 12
      vertex 11.3388 -23.8366 0
    endloop
  endfacet
  facet normal 0.998028 -0.0627727 0
    outer loop
      vertex 11.3702 -23.4859 12
      vertex 11.392 -23.1393 0
      vertex 11.392 -23.1393 12
    endloop
  endfacet
  facet normal 0.998028 -0.0627727 0
    outer loop
      vertex 11.392 -23.1393 0
      vertex 11.3702 -23.4859 12
      vertex 11.3702 -23.4859 0
    endloop
  endfacet
  facet normal 0.999388 -0.0349844 0
    outer loop
      vertex 11.392 -23.1393 12
      vertex 11.404 -22.7965 0
      vertex 11.404 -22.7965 12
    endloop
  endfacet
  facet normal 0.999388 -0.0349844 0
    outer loop
      vertex 11.404 -22.7965 0
      vertex 11.392 -23.1393 12
      vertex 11.392 -23.1393 0
    endloop
  endfacet
  facet normal 0.999979 -0.00647807 0
    outer loop
      vertex 11.404 -22.7965 12
      vertex 11.4062 -22.4569 0
      vertex 11.4062 -22.4569 12
    endloop
  endfacet
  facet normal 0.999979 -0.00647807 0
    outer loop
      vertex 11.4062 -22.4569 0
      vertex 11.404 -22.7965 12
      vertex 11.404 -22.7965 0
    endloop
  endfacet
  facet normal 0.999716 0.0238311 0
    outer loop
      vertex 11.4062 -22.4569 12
      vertex 11.3982 -22.1213 0
      vertex 11.3982 -22.1213 12
    endloop
  endfacet
  facet normal 0.999716 0.0238311 0
    outer loop
      vertex 11.3982 -22.1213 0
      vertex 11.4062 -22.4569 12
      vertex 11.4062 -22.4569 0
    endloop
  endfacet
  facet normal 0.998472 0.0552526 0
    outer loop
      vertex 11.3982 -22.1213 12
      vertex 11.3799 -21.7906 0
      vertex 11.3799 -21.7906 12
    endloop
  endfacet
  facet normal 0.998472 0.0552526 0
    outer loop
      vertex 11.3799 -21.7906 0
      vertex 11.3982 -22.1213 12
      vertex 11.3982 -22.1213 0
    endloop
  endfacet
  facet normal 0.996008 0.0892677 0
    outer loop
      vertex 11.3799 -21.7906 12
      vertex 11.3507 -21.4648 0
      vertex 11.3507 -21.4648 12
    endloop
  endfacet
  facet normal 0.996008 0.0892677 0
    outer loop
      vertex 11.3507 -21.4648 0
      vertex 11.3799 -21.7906 12
      vertex 11.3799 -21.7906 0
    endloop
  endfacet
  facet normal 0.992154 0.125025 0
    outer loop
      vertex 11.3507 -21.4648 12
      vertex 11.3103 -21.1442 0
      vertex 11.3103 -21.1442 12
    endloop
  endfacet
  facet normal 0.992154 0.125025 0
    outer loop
      vertex 11.3103 -21.1442 0
      vertex 11.3507 -21.4648 12
      vertex 11.3507 -21.4648 0
    endloop
  endfacet
  facet normal 0.98647 0.163941 0
    outer loop
      vertex 11.3103 -21.1442 12
      vertex 11.258 -20.8295 0
      vertex 11.258 -20.8295 12
    endloop
  endfacet
  facet normal 0.98647 0.163941 0
    outer loop
      vertex 11.258 -20.8295 0
      vertex 11.3103 -21.1442 12
      vertex 11.3103 -21.1442 0
    endloop
  endfacet
  facet normal 0.978259 0.207385 0
    outer loop
      vertex 11.258 -20.8295 12
      vertex 11.1926 -20.521 0
      vertex 11.1926 -20.521 12
    endloop
  endfacet
  facet normal 0.978259 0.207385 0
    outer loop
      vertex 11.1926 -20.521 0
      vertex 11.258 -20.8295 12
      vertex 11.258 -20.8295 0
    endloop
  endfacet
  facet normal 0.96624 0.257643 0
    outer loop
      vertex 11.1926 -20.521 12
      vertex 11.1125 -20.2206 0
      vertex 11.1125 -20.2206 12
    endloop
  endfacet
  facet normal 0.96624 0.257643 0
    outer loop
      vertex 11.1125 -20.2206 0
      vertex 11.1926 -20.521 12
      vertex 11.1926 -20.521 0
    endloop
  endfacet
  facet normal 0.94757 0.319548 0
    outer loop
      vertex 11.1125 -20.2206 12
      vertex 11.0144 -19.9297 0
      vertex 11.0144 -19.9297 12
    endloop
  endfacet
  facet normal 0.94757 0.319548 0
    outer loop
      vertex 11.0144 -19.9297 0
      vertex 11.1125 -20.2206 12
      vertex 11.1125 -20.2206 0
    endloop
  endfacet
  facet normal 0.905312 0.424747 0
    outer loop
      vertex 11.0144 -19.9297 12
      vertex 10.8858 -19.6556 0
      vertex 10.8858 -19.6556 12
    endloop
  endfacet
  facet normal 0.905312 0.424747 0
    outer loop
      vertex 10.8858 -19.6556 0
      vertex 11.0144 -19.9297 12
      vertex 11.0144 -19.9297 0
    endloop
  endfacet
  facet normal 0.874801 0.484483 0
    outer loop
      vertex 10.8858 -19.6556 12
      vertex 10.0945 -18.2268 0
      vertex 10.0945 -18.2268 12
    endloop
  endfacet
  facet normal 0.874801 0.484483 0
    outer loop
      vertex 10.0945 -18.2268 0
      vertex 10.8858 -19.6556 12
      vertex 10.8858 -19.6556 0
    endloop
  endfacet
  facet normal 0.889791 0.456368 0
    outer loop
      vertex 10.0945 -18.2268 12
      vertex 10.0766 -18.1919 0
      vertex 10.0766 -18.1919 12
    endloop
  endfacet
  facet normal 0.889791 0.456368 0
    outer loop
      vertex 10.0766 -18.1919 0
      vertex 10.0945 -18.2268 12
      vertex 10.0945 -18.2268 0
    endloop
  endfacet
  facet normal 0.918882 0.394534 0
    outer loop
      vertex 10.0766 -18.1919 12
      vertex 10.0611 -18.1558 0
      vertex 10.0611 -18.1558 12
    endloop
  endfacet
  facet normal 0.918882 0.394534 0
    outer loop
      vertex 10.0611 -18.1558 0
      vertex 10.0766 -18.1919 12
      vertex 10.0766 -18.1919 0
    endloop
  endfacet
  facet normal 0.941857 0.336014 0
    outer loop
      vertex 10.0611 -18.1558 12
      vertex 10.0479 -18.1188 0
      vertex 10.0479 -18.1188 12
    endloop
  endfacet
  facet normal 0.941857 0.336014 0
    outer loop
      vertex 10.0479 -18.1188 0
      vertex 10.0611 -18.1558 12
      vertex 10.0611 -18.1558 0
    endloop
  endfacet
  facet normal 0.962004 0.273036 0
    outer loop
      vertex 10.0479 -18.1188 12
      vertex 10.0372 -18.0811 0
      vertex 10.0372 -18.0811 12
    endloop
  endfacet
  facet normal 0.962004 0.273036 0
    outer loop
      vertex 10.0372 -18.0811 0
      vertex 10.0479 -18.1188 12
      vertex 10.0479 -18.1188 0
    endloop
  endfacet
  facet normal 0.977428 0.211267 0
    outer loop
      vertex 10.0372 -18.0811 12
      vertex 10.0289 -18.0427 0
      vertex 10.0289 -18.0427 12
    endloop
  endfacet
  facet normal 0.977428 0.211267 0
    outer loop
      vertex 10.0289 -18.0427 0
      vertex 10.0372 -18.0811 12
      vertex 10.0372 -18.0811 0
    endloop
  endfacet
  facet normal 0.989434 0.144981 0
    outer loop
      vertex 10.0289 -18.0427 12
      vertex 10.0232 -18.0038 0
      vertex 10.0232 -18.0038 12
    endloop
  endfacet
  facet normal 0.989434 0.144981 0
    outer loop
      vertex 10.0232 -18.0038 0
      vertex 10.0289 -18.0427 12
      vertex 10.0289 -18.0427 0
    endloop
  endfacet
  facet normal 0.996872 0.0790359 0
    outer loop
      vertex 10.0232 -18.0038 12
      vertex 10.0201 -17.9647 0
      vertex 10.0201 -17.9647 12
    endloop
  endfacet
  facet normal 0.996872 0.0790359 0
    outer loop
      vertex 10.0201 -17.9647 0
      vertex 10.0232 -18.0038 12
      vertex 10.0232 -18.0038 0
    endloop
  endfacet
  facet normal 0.999883 0.0152654 0
    outer loop
      vertex 10.0201 -17.9647 12
      vertex 10.0195 -17.9254 0
      vertex 10.0195 -17.9254 12
    endloop
  endfacet
  facet normal 0.999883 0.0152654 0
    outer loop
      vertex 10.0195 -17.9254 0
      vertex 10.0201 -17.9647 12
      vertex 10.0201 -17.9647 0
    endloop
  endfacet
  facet normal 0.998701 -0.0509541 0
    outer loop
      vertex 10.0195 -17.9254 12
      vertex 10.0215 -17.8862 0
      vertex 10.0215 -17.8862 12
    endloop
  endfacet
  facet normal 0.998701 -0.0509541 0
    outer loop
      vertex 10.0215 -17.8862 0
      vertex 10.0195 -17.9254 12
      vertex 10.0195 -17.9254 0
    endloop
  endfacet
  facet normal 0.993409 -0.114624 0
    outer loop
      vertex 10.0215 -17.8862 12
      vertex 10.026 -17.8472 0
      vertex 10.026 -17.8472 12
    endloop
  endfacet
  facet normal 0.993409 -0.114624 0
    outer loop
      vertex 10.026 -17.8472 0
      vertex 10.0215 -17.8862 12
      vertex 10.0215 -17.8862 0
    endloop
  endfacet
  facet normal 0.983501 -0.180903 0
    outer loop
      vertex 10.026 -17.8472 12
      vertex 10.0331 -17.8086 0
      vertex 10.0331 -17.8086 12
    endloop
  endfacet
  facet normal 0.983501 -0.180903 0
    outer loop
      vertex 10.0331 -17.8086 0
      vertex 10.026 -17.8472 12
      vertex 10.026 -17.8472 0
    endloop
  endfacet
  facet normal 0.969692 -0.244332 0
    outer loop
      vertex 10.0331 -17.8086 12
      vertex 10.0427 -17.7705 0
      vertex 10.0427 -17.7705 12
    endloop
  endfacet
  facet normal 0.969692 -0.244332 0
    outer loop
      vertex 10.0427 -17.7705 0
      vertex 10.0331 -17.8086 12
      vertex 10.0331 -17.8086 0
    endloop
  endfacet
  facet normal 0.951203 -0.308567 0
    outer loop
      vertex 10.0427 -17.7705 12
      vertex 10.0548 -17.7332 0
      vertex 10.0548 -17.7332 12
    endloop
  endfacet
  facet normal 0.951203 -0.308567 0
    outer loop
      vertex 10.0548 -17.7332 0
      vertex 10.0427 -17.7705 12
      vertex 10.0427 -17.7705 0
    endloop
  endfacet
  facet normal 0.930224 -0.366992 0
    outer loop
      vertex 10.0548 -17.7332 12
      vertex 10.0692 -17.6967 0
      vertex 10.0692 -17.6967 12
    endloop
  endfacet
  facet normal 0.930224 -0.366992 0
    outer loop
      vertex 10.0692 -17.6967 0
      vertex 10.0548 -17.7332 12
      vertex 10.0548 -17.7332 0
    endloop
  endfacet
  facet normal 0.902908 -0.429835 0
    outer loop
      vertex 10.0692 -17.6967 12
      vertex 10.0861 -17.6612 0
      vertex 10.0861 -17.6612 12
    endloop
  endfacet
  facet normal 0.902908 -0.429835 0
    outer loop
      vertex 10.0861 -17.6612 0
      vertex 10.0692 -17.6967 12
      vertex 10.0692 -17.6967 0
    endloop
  endfacet
  facet normal 0.873676 -0.486508 0
    outer loop
      vertex 10.0861 -17.6612 12
      vertex 10.1052 -17.6269 0
      vertex 10.1052 -17.6269 12
    endloop
  endfacet
  facet normal 0.873676 -0.486508 0
    outer loop
      vertex 10.1052 -17.6269 0
      vertex 10.0861 -17.6612 12
      vertex 10.0861 -17.6612 0
    endloop
  endfacet
  facet normal 0.840184 -0.542301 0
    outer loop
      vertex 10.1052 -17.6269 12
      vertex 10.1265 -17.5939 0
      vertex 10.1265 -17.5939 12
    endloop
  endfacet
  facet normal 0.840184 -0.542301 0
    outer loop
      vertex 10.1265 -17.5939 0
      vertex 10.1052 -17.6269 12
      vertex 10.1052 -17.6269 0
    endloop
  endfacet
  facet normal 0.801524 -0.597962 0
    outer loop
      vertex 10.1265 -17.5939 12
      vertex 10.15 -17.5624 0
      vertex 10.15 -17.5624 12
    endloop
  endfacet
  facet normal 0.801524 -0.597962 0
    outer loop
      vertex 10.15 -17.5624 0
      vertex 10.1265 -17.5939 12
      vertex 10.1265 -17.5939 0
    endloop
  endfacet
  facet normal 0.762128 -0.647426 0
    outer loop
      vertex 10.15 -17.5624 12
      vertex 10.1754 -17.5325 0
      vertex 10.1754 -17.5325 12
    endloop
  endfacet
  facet normal 0.762128 -0.647426 0
    outer loop
      vertex 10.1754 -17.5325 0
      vertex 10.15 -17.5624 12
      vertex 10.15 -17.5624 0
    endloop
  endfacet
  facet normal 0.715968 -0.698133 0
    outer loop
      vertex 10.1754 -17.5325 12
      vertex 10.2028 -17.5044 0
      vertex 10.2028 -17.5044 12
    endloop
  endfacet
  facet normal 0.715968 -0.698133 0
    outer loop
      vertex 10.2028 -17.5044 0
      vertex 10.1754 -17.5325 12
      vertex 10.1754 -17.5325 0
    endloop
  endfacet
  facet normal 0.671912 -0.740631 0
    outer loop
      vertex 10.2028 -17.5044 0
      vertex 10.2319 -17.478 12
      vertex 10.2028 -17.5044 12
    endloop
  endfacet
  facet normal 0.671912 -0.740631 0
    outer loop
      vertex 10.2319 -17.478 12
      vertex 10.2028 -17.5044 0
      vertex 10.2319 -17.478 0
    endloop
  endfacet
  facet normal 0.619396 -0.785078 0
    outer loop
      vertex 10.2319 -17.478 0
      vertex 10.2627 -17.4537 12
      vertex 10.2319 -17.478 12
    endloop
  endfacet
  facet normal 0.619396 -0.785078 0
    outer loop
      vertex 10.2627 -17.4537 12
      vertex 10.2319 -17.478 0
      vertex 10.2627 -17.4537 0
    endloop
  endfacet
  facet normal 0.561856 -0.827235 0
    outer loop
      vertex 10.2627 -17.4537 0
      vertex 10.3026 -17.4266 12
      vertex 10.2627 -17.4537 12
    endloop
  endfacet
  facet normal 0.561856 -0.827235 0
    outer loop
      vertex 10.3026 -17.4266 12
      vertex 10.2627 -17.4537 0
      vertex 10.3026 -17.4266 0
    endloop
  endfacet
  facet normal 0.528081 -0.849194 0
    outer loop
      vertex 10.3026 -17.4266 0
      vertex 11.2504 -16.8372 12
      vertex 10.3026 -17.4266 12
    endloop
  endfacet
  facet normal 0.528081 -0.849194 0
    outer loop
      vertex 11.2504 -16.8372 12
      vertex 10.3026 -17.4266 0
      vertex 11.2504 -16.8372 0
    endloop
  endfacet
  facet normal 0.582509 -0.812824 0
    outer loop
      vertex 11.2504 -16.8372 0
      vertex 12.1574 -16.1872 12
      vertex 11.2504 -16.8372 12
    endloop
  endfacet
  facet normal 0.582509 -0.812824 0
    outer loop
      vertex 12.1574 -16.1872 12
      vertex 11.2504 -16.8372 0
      vertex 12.1574 -16.1872 0
    endloop
  endfacet
  facet normal 0.5547 -0.83205 0
    outer loop
      vertex 12.1574 -16.1872 0
      vertex 12.1901 -16.1654 12
      vertex 12.1574 -16.1872 12
    endloop
  endfacet
  facet normal 0.5547 -0.83205 0
    outer loop
      vertex 12.1901 -16.1654 12
      vertex 12.1574 -16.1872 0
      vertex 12.1901 -16.1654 0
    endloop
  endfacet
  facet normal 0.499428 -0.866355 0
    outer loop
      vertex 12.1901 -16.1654 0
      vertex 12.2241 -16.1458 12
      vertex 12.1901 -16.1654 12
    endloop
  endfacet
  facet normal 0.499428 -0.866355 0
    outer loop
      vertex 12.2241 -16.1458 12
      vertex 12.1901 -16.1654 0
      vertex 12.2241 -16.1458 0
    endloop
  endfacet
  facet normal 0.443134 -0.896455 0
    outer loop
      vertex 12.2241 -16.1458 0
      vertex 12.2593 -16.1284 12
      vertex 12.2241 -16.1458 12
    endloop
  endfacet
  facet normal 0.443134 -0.896455 0
    outer loop
      vertex 12.2593 -16.1284 12
      vertex 12.2241 -16.1458 0
      vertex 12.2593 -16.1284 0
    endloop
  endfacet
  facet normal 0.381902 -0.924203 0
    outer loop
      vertex 12.2593 -16.1284 0
      vertex 12.2956 -16.1134 12
      vertex 12.2593 -16.1284 12
    endloop
  endfacet
  facet normal 0.381902 -0.924203 0
    outer loop
      vertex 12.2956 -16.1134 12
      vertex 12.2593 -16.1284 0
      vertex 12.2956 -16.1134 0
    endloop
  endfacet
  facet normal 0.323868 -0.946102 0
    outer loop
      vertex 12.2956 -16.1134 0
      vertex 12.3327 -16.1007 12
      vertex 12.2956 -16.1134 12
    endloop
  endfacet
  facet normal 0.323868 -0.946102 0
    outer loop
      vertex 12.3327 -16.1007 12
      vertex 12.2956 -16.1134 0
      vertex 12.3327 -16.1007 0
    endloop
  endfacet
  facet normal 0.256871 -0.966446 0
    outer loop
      vertex 12.3327 -16.1007 0
      vertex 12.3707 -16.0906 12
      vertex 12.3327 -16.1007 12
    endloop
  endfacet
  facet normal 0.256871 -0.966446 0
    outer loop
      vertex 12.3707 -16.0906 12
      vertex 12.3327 -16.1007 0
      vertex 12.3707 -16.0906 0
    endloop
  endfacet
  facet normal 0.196116 -0.980581 0
    outer loop
      vertex 12.3707 -16.0906 0
      vertex 12.4092 -16.0829 12
      vertex 12.3707 -16.0906 12
    endloop
  endfacet
  facet normal 0.196116 -0.980581 0
    outer loop
      vertex 12.4092 -16.0829 12
      vertex 12.3707 -16.0906 0
      vertex 12.4092 -16.0829 0
    endloop
  endfacet
  facet normal 0.129993 -0.991515 0
    outer loop
      vertex 12.4092 -16.0829 0
      vertex 12.4481 -16.0778 12
      vertex 12.4092 -16.0829 12
    endloop
  endfacet
  facet normal 0.129993 -0.991515 0
    outer loop
      vertex 12.4481 -16.0778 12
      vertex 12.4092 -16.0829 0
      vertex 12.4481 -16.0778 0
    endloop
  endfacet
  facet normal 0.0661811 -0.997808 0
    outer loop
      vertex 12.4481 -16.0778 0
      vertex 12.4873 -16.0752 12
      vertex 12.4481 -16.0778 12
    endloop
  endfacet
  facet normal 0.0661811 -0.997808 0
    outer loop
      vertex 12.4873 -16.0752 12
      vertex 12.4481 -16.0778 0
      vertex 12.4873 -16.0752 0
    endloop
  endfacet
  facet normal 0 -1 0
    outer loop
      vertex 12.4873 -16.0752 0
      vertex 12.5266 -16.0752 12
      vertex 12.4873 -16.0752 12
    endloop
  endfacet
  facet normal 0 -1 -0
    outer loop
      vertex 12.5266 -16.0752 12
      vertex 12.4873 -16.0752 0
      vertex 12.5266 -16.0752 0
    endloop
  endfacet
  facet normal -0.0663496 -0.997796 0
    outer loop
      vertex 12.5266 -16.0752 0
      vertex 12.5657 -16.0778 12
      vertex 12.5266 -16.0752 12
    endloop
  endfacet
  facet normal -0.0663496 -0.997796 -0
    outer loop
      vertex 12.5657 -16.0778 12
      vertex 12.5266 -16.0752 0
      vertex 12.5657 -16.0778 0
    endloop
  endfacet
  facet normal -0.129665 -0.991558 0
    outer loop
      vertex 12.5657 -16.0778 0
      vertex 12.6047 -16.0829 12
      vertex 12.5657 -16.0778 12
    endloop
  endfacet
  facet normal -0.129665 -0.991558 -0
    outer loop
      vertex 12.6047 -16.0829 12
      vertex 12.5657 -16.0778 0
      vertex 12.6047 -16.0829 0
    endloop
  endfacet
  facet normal -0.196116 -0.980581 0
    outer loop
      vertex 12.6047 -16.0829 0
      vertex 12.6432 -16.0906 12
      vertex 12.6047 -16.0829 12
    endloop
  endfacet
  facet normal -0.196116 -0.980581 -0
    outer loop
      vertex 12.6432 -16.0906 12
      vertex 12.6047 -16.0829 0
      vertex 12.6432 -16.0906 0
    endloop
  endfacet
  facet normal -0.257504 -0.966277 0
    outer loop
      vertex 12.6432 -16.0906 0
      vertex 12.6811 -16.1007 12
      vertex 12.6432 -16.0906 12
    endloop
  endfacet
  facet normal -0.257504 -0.966277 -0
    outer loop
      vertex 12.6811 -16.1007 12
      vertex 12.6432 -16.0906 0
      vertex 12.6811 -16.1007 0
    endloop
  endfacet
  facet normal -0.323088 -0.946369 0
    outer loop
      vertex 12.6811 -16.1007 0
      vertex 12.7183 -16.1134 12
      vertex 12.6811 -16.1007 12
    endloop
  endfacet
  facet normal -0.323088 -0.946369 -0
    outer loop
      vertex 12.7183 -16.1134 12
      vertex 12.6811 -16.1007 0
      vertex 12.7183 -16.1134 0
    endloop
  endfacet
  facet normal -0.382803 -0.92383 0
    outer loop
      vertex 12.7183 -16.1134 0
      vertex 12.7545 -16.1284 12
      vertex 12.7183 -16.1134 12
    endloop
  endfacet
  facet normal -0.382803 -0.92383 -0
    outer loop
      vertex 12.7545 -16.1284 12
      vertex 12.7183 -16.1134 0
      vertex 12.7545 -16.1284 0
    endloop
  endfacet
  facet normal -0.440077 -0.89796 0
    outer loop
      vertex 12.7545 -16.1284 0
      vertex 12.7898 -16.1457 12
      vertex 12.7545 -16.1284 12
    endloop
  endfacet
  facet normal -0.440077 -0.89796 -0
    outer loop
      vertex 12.7898 -16.1457 12
      vertex 12.7545 -16.1284 0
      vertex 12.7898 -16.1457 0
    endloop
  endfacet
  facet normal -0.501337 -0.865252 0
    outer loop
      vertex 12.7898 -16.1457 0
      vertex 12.8238 -16.1654 12
      vertex 12.7898 -16.1457 12
    endloop
  endfacet
  facet normal -0.501337 -0.865252 -0
    outer loop
      vertex 12.8238 -16.1654 12
      vertex 12.7898 -16.1457 0
      vertex 12.8238 -16.1654 0
    endloop
  endfacet
  facet normal -0.555877 -0.831265 0
    outer loop
      vertex 12.8238 -16.1654 0
      vertex 12.8564 -16.1872 12
      vertex 12.8238 -16.1654 12
    endloop
  endfacet
  facet normal -0.555877 -0.831265 -0
    outer loop
      vertex 12.8564 -16.1872 12
      vertex 12.8238 -16.1654 0
      vertex 12.8564 -16.1872 0
    endloop
  endfacet
  facet normal -0.608111 -0.793852 0
    outer loop
      vertex 12.8564 -16.1872 0
      vertex 12.8876 -16.2111 12
      vertex 12.8564 -16.1872 12
    endloop
  endfacet
  facet normal -0.608111 -0.793852 -0
    outer loop
      vertex 12.8876 -16.2111 12
      vertex 12.8564 -16.1872 0
      vertex 12.8876 -16.2111 0
    endloop
  endfacet
  facet normal -0.659766 -0.751471 0
    outer loop
      vertex 12.8876 -16.2111 0
      vertex 12.9171 -16.237 12
      vertex 12.8876 -16.2111 12
    endloop
  endfacet
  facet normal -0.659766 -0.751471 -0
    outer loop
      vertex 12.9171 -16.237 12
      vertex 12.8876 -16.2111 0
      vertex 12.9171 -16.237 0
    endloop
  endfacet
  facet normal -0.707107 -0.707107 0
    outer loop
      vertex 12.9448 -16.2647 0
      vertex 12.9171 -16.237 12
      vertex 12.9171 -16.237 0
    endloop
  endfacet
  facet normal -0.707107 -0.707107 0
    outer loop
      vertex 12.9171 -16.237 12
      vertex 12.9448 -16.2647 0
      vertex 12.9448 -16.2647 12
    endloop
  endfacet
  facet normal -0.757056 -0.65335 0
    outer loop
      vertex 12.9763 -16.3012 0
      vertex 12.9448 -16.2647 12
      vertex 12.9448 -16.2647 0
    endloop
  endfacet
  facet normal -0.757056 -0.65335 0
    outer loop
      vertex 12.9448 -16.2647 12
      vertex 12.9763 -16.3012 0
      vertex 12.9763 -16.3012 12
    endloop
  endfacet
  facet normal -0.782372 -0.622812 0
    outer loop
      vertex 13.9935 -17.579 0
      vertex 12.9763 -16.3012 12
      vertex 12.9763 -16.3012 0
    endloop
  endfacet
  facet normal -0.782372 -0.622812 0
    outer loop
      vertex 12.9763 -16.3012 12
      vertex 13.9935 -17.579 0
      vertex 13.9935 -17.579 12
    endloop
  endfacet
  facet normal -0.738729 -0.674003 0
    outer loop
      vertex 14.1976 -17.8027 0
      vertex 13.9935 -17.579 12
      vertex 13.9935 -17.579 0
    endloop
  endfacet
  facet normal -0.738729 -0.674003 0
    outer loop
      vertex 13.9935 -17.579 12
      vertex 14.1976 -17.8027 0
      vertex 14.1976 -17.8027 12
    endloop
  endfacet
  facet normal -0.657928 -0.753081 0
    outer loop
      vertex 14.1976 -17.8027 0
      vertex 14.4287 -18.0046 12
      vertex 14.1976 -17.8027 12
    endloop
  endfacet
  facet normal -0.657928 -0.753081 -0
    outer loop
      vertex 14.4287 -18.0046 12
      vertex 14.1976 -17.8027 0
      vertex 14.4287 -18.0046 0
    endloop
  endfacet
  facet normal -0.607629 -0.794221 0
    outer loop
      vertex 14.4287 -18.0046 0
      vertex 14.676 -18.1938 12
      vertex 14.4287 -18.0046 12
    endloop
  endfacet
  facet normal -0.607629 -0.794221 -0
    outer loop
      vertex 14.676 -18.1938 12
      vertex 14.4287 -18.0046 0
      vertex 14.676 -18.1938 0
    endloop
  endfacet
  facet normal -0.566016 -0.824394 0
    outer loop
      vertex 14.676 -18.1938 0
      vertex 14.9354 -18.3719 12
      vertex 14.676 -18.1938 12
    endloop
  endfacet
  facet normal -0.566016 -0.824394 -0
    outer loop
      vertex 14.9354 -18.3719 12
      vertex 14.676 -18.1938 0
      vertex 14.9354 -18.3719 0
    endloop
  endfacet
  facet normal -0.529099 -0.84856 0
    outer loop
      vertex 14.9354 -18.3719 0
      vertex 15.2066 -18.541 12
      vertex 14.9354 -18.3719 12
    endloop
  endfacet
  facet normal -0.529099 -0.84856 -0
    outer loop
      vertex 15.2066 -18.541 12
      vertex 14.9354 -18.3719 0
      vertex 15.2066 -18.541 0
    endloop
  endfacet
  facet normal -0.495238 -0.868757 0
    outer loop
      vertex 15.2066 -18.541 0
      vertex 15.4871 -18.7009 12
      vertex 15.2066 -18.541 12
    endloop
  endfacet
  facet normal -0.495238 -0.868757 -0
    outer loop
      vertex 15.4871 -18.7009 12
      vertex 15.2066 -18.541 0
      vertex 15.4871 -18.7009 0
    endloop
  endfacet
  facet normal -0.463391 -0.886154 0
    outer loop
      vertex 15.4871 -18.7009 0
      vertex 15.7772 -18.8526 12
      vertex 15.4871 -18.7009 12
    endloop
  endfacet
  facet normal -0.463391 -0.886154 -0
    outer loop
      vertex 15.7772 -18.8526 12
      vertex 15.4871 -18.7009 0
      vertex 15.7772 -18.8526 0
    endloop
  endfacet
  facet normal -0.433389 -0.901207 0
    outer loop
      vertex 15.7772 -18.8526 0
      vertex 16.0756 -18.9961 12
      vertex 15.7772 -18.8526 12
    endloop
  endfacet
  facet normal -0.433389 -0.901207 -0
    outer loop
      vertex 16.0756 -18.9961 12
      vertex 15.7772 -18.8526 0
      vertex 16.0756 -18.9961 0
    endloop
  endfacet
  facet normal -0.404506 -0.914535 0
    outer loop
      vertex 16.0756 -18.9961 0
      vertex 16.3824 -19.1318 12
      vertex 16.0756 -18.9961 12
    endloop
  endfacet
  facet normal -0.404506 -0.914535 -0
    outer loop
      vertex 16.3824 -19.1318 12
      vertex 16.0756 -18.9961 0
      vertex 16.3824 -19.1318 0
    endloop
  endfacet
  facet normal -0.37667 -0.926348 0
    outer loop
      vertex 16.3824 -19.1318 0
      vertex 16.6967 -19.2596 12
      vertex 16.3824 -19.1318 12
    endloop
  endfacet
  facet normal -0.37667 -0.926348 -0
    outer loop
      vertex 16.6967 -19.2596 12
      vertex 16.3824 -19.1318 0
      vertex 16.6967 -19.2596 0
    endloop
  endfacet
  facet normal -0.350071 -0.936723 0
    outer loop
      vertex 16.6967 -19.2596 0
      vertex 17.0186 -19.3799 12
      vertex 16.6967 -19.2596 12
    endloop
  endfacet
  facet normal -0.350071 -0.936723 -0
    outer loop
      vertex 17.0186 -19.3799 12
      vertex 16.6967 -19.2596 0
      vertex 17.0186 -19.3799 0
    endloop
  endfacet
  facet normal -0.324162 -0.946001 0
    outer loop
      vertex 17.0186 -19.3799 0
      vertex 17.3472 -19.4925 12
      vertex 17.0186 -19.3799 12
    endloop
  endfacet
  facet normal -0.324162 -0.946001 -0
    outer loop
      vertex 17.3472 -19.4925 12
      vertex 17.0186 -19.3799 0
      vertex 17.3472 -19.4925 0
    endloop
  endfacet
  facet normal -0.298599 -0.954379 0
    outer loop
      vertex 17.3472 -19.4925 0
      vertex 17.6828 -19.5975 12
      vertex 17.3472 -19.4925 12
    endloop
  endfacet
  facet normal -0.298599 -0.954379 -0
    outer loop
      vertex 17.6828 -19.5975 12
      vertex 17.3472 -19.4925 0
      vertex 17.6828 -19.5975 0
    endloop
  endfacet
  facet normal -0.27383 -0.961778 0
    outer loop
      vertex 17.6828 -19.5975 0
      vertex 18.0249 -19.6949 12
      vertex 17.6828 -19.5975 12
    endloop
  endfacet
  facet normal -0.27383 -0.961778 -0
    outer loop
      vertex 18.0249 -19.6949 12
      vertex 17.6828 -19.5975 0
      vertex 18.0249 -19.6949 0
    endloop
  endfacet
  facet normal -0.249861 -0.968282 0
    outer loop
      vertex 18.0249 -19.6949 0
      vertex 18.3729 -19.7847 12
      vertex 18.0249 -19.6949 12
    endloop
  endfacet
  facet normal -0.249861 -0.968282 -0
    outer loop
      vertex 18.3729 -19.7847 12
      vertex 18.0249 -19.6949 0
      vertex 18.3729 -19.7847 0
    endloop
  endfacet
  facet normal 0.707107 -0.707107 0
    outer loop
      vertex 18.3729 -19.7847 12
      vertex 19.7847 -18.3729 0
      vertex 19.7847 -18.3729 12
    endloop
  endfacet
  facet normal 0.707107 -0.707107 0
    outer loop
      vertex 19.7847 -18.3729 0
      vertex 18.3729 -19.7847 12
      vertex 18.3729 -19.7847 0
    endloop
  endfacet
  facet normal 0.968282 0.249861 0
    outer loop
      vertex 19.7847 -18.3729 12
      vertex 19.6949 -18.0249 0
      vertex 19.6949 -18.0249 12
    endloop
  endfacet
  facet normal 0.968282 0.249861 0
    outer loop
      vertex 19.6949 -18.0249 0
      vertex 19.7847 -18.3729 12
      vertex 19.7847 -18.3729 0
    endloop
  endfacet
  facet normal 0.961778 0.27383 0
    outer loop
      vertex 19.6949 -18.0249 12
      vertex 19.5975 -17.6828 0
      vertex 19.5975 -17.6828 12
    endloop
  endfacet
  facet normal 0.961778 0.27383 0
    outer loop
      vertex 19.5975 -17.6828 0
      vertex 19.6949 -18.0249 12
      vertex 19.6949 -18.0249 0
    endloop
  endfacet
  facet normal 0.954379 0.298599 0
    outer loop
      vertex 19.5975 -17.6828 12
      vertex 19.4925 -17.3472 0
      vertex 19.4925 -17.3472 12
    endloop
  endfacet
  facet normal 0.954379 0.298599 0
    outer loop
      vertex 19.4925 -17.3472 0
      vertex 19.5975 -17.6828 12
      vertex 19.5975 -17.6828 0
    endloop
  endfacet
  facet normal 0.946001 0.324162 0
    outer loop
      vertex 19.4925 -17.3472 12
      vertex 19.3799 -17.0186 0
      vertex 19.3799 -17.0186 12
    endloop
  endfacet
  facet normal 0.946001 0.324162 0
    outer loop
      vertex 19.3799 -17.0186 0
      vertex 19.4925 -17.3472 12
      vertex 19.4925 -17.3472 0
    endloop
  endfacet
  facet normal 0.936723 0.350071 0
    outer loop
      vertex 19.3799 -17.0186 12
      vertex 19.2596 -16.6967 0
      vertex 19.2596 -16.6967 12
    endloop
  endfacet
  facet normal 0.936723 0.350071 0
    outer loop
      vertex 19.2596 -16.6967 0
      vertex 19.3799 -17.0186 12
      vertex 19.3799 -17.0186 0
    endloop
  endfacet
  facet normal 0.926348 0.37667 0
    outer loop
      vertex 19.2596 -16.6967 12
      vertex 19.1318 -16.3824 0
      vertex 19.1318 -16.3824 12
    endloop
  endfacet
  facet normal 0.926348 0.37667 0
    outer loop
      vertex 19.1318 -16.3824 0
      vertex 19.2596 -16.6967 12
      vertex 19.2596 -16.6967 0
    endloop
  endfacet
  facet normal 0.914535 0.404506 0
    outer loop
      vertex 19.1318 -16.3824 12
      vertex 18.9961 -16.0756 0
      vertex 18.9961 -16.0756 12
    endloop
  endfacet
  facet normal 0.914535 0.404506 0
    outer loop
      vertex 18.9961 -16.0756 0
      vertex 19.1318 -16.3824 12
      vertex 19.1318 -16.3824 0
    endloop
  endfacet
  facet normal 0.901207 0.433389 0
    outer loop
      vertex 18.9961 -16.0756 12
      vertex 18.8526 -15.7772 0
      vertex 18.8526 -15.7772 12
    endloop
  endfacet
  facet normal 0.901207 0.433389 0
    outer loop
      vertex 18.8526 -15.7772 0
      vertex 18.9961 -16.0756 12
      vertex 18.9961 -16.0756 0
    endloop
  endfacet
  facet normal 0.886154 0.463391 0
    outer loop
      vertex 18.8526 -15.7772 12
      vertex 18.7009 -15.4871 0
      vertex 18.7009 -15.4871 12
    endloop
  endfacet
  facet normal 0.886154 0.463391 0
    outer loop
      vertex 18.7009 -15.4871 0
      vertex 18.8526 -15.7772 12
      vertex 18.8526 -15.7772 0
    endloop
  endfacet
  facet normal 0.868757 0.495238 0
    outer loop
      vertex 18.7009 -15.4871 12
      vertex 18.541 -15.2066 0
      vertex 18.541 -15.2066 12
    endloop
  endfacet
  facet normal 0.868757 0.495238 0
    outer loop
      vertex 18.541 -15.2066 0
      vertex 18.7009 -15.4871 12
      vertex 18.7009 -15.4871 0
    endloop
  endfacet
  facet normal 0.84856 0.529099 0
    outer loop
      vertex 18.541 -15.2066 12
      vertex 18.3719 -14.9354 0
      vertex 18.3719 -14.9354 12
    endloop
  endfacet
  facet normal 0.84856 0.529099 0
    outer loop
      vertex 18.3719 -14.9354 0
      vertex 18.541 -15.2066 12
      vertex 18.541 -15.2066 0
    endloop
  endfacet
  facet normal 0.824394 0.566016 0
    outer loop
      vertex 18.3719 -14.9354 12
      vertex 18.1938 -14.676 0
      vertex 18.1938 -14.676 12
    endloop
  endfacet
  facet normal 0.824394 0.566016 0
    outer loop
      vertex 18.1938 -14.676 0
      vertex 18.3719 -14.9354 12
      vertex 18.3719 -14.9354 0
    endloop
  endfacet
  facet normal 0.794221 0.607629 0
    outer loop
      vertex 18.1938 -14.676 12
      vertex 18.0046 -14.4287 0
      vertex 18.0046 -14.4287 12
    endloop
  endfacet
  facet normal 0.794221 0.607629 0
    outer loop
      vertex 18.0046 -14.4287 0
      vertex 18.1938 -14.676 12
      vertex 18.1938 -14.676 0
    endloop
  endfacet
  facet normal 0.753081 0.657928 0
    outer loop
      vertex 18.0046 -14.4287 12
      vertex 17.8027 -14.1976 0
      vertex 17.8027 -14.1976 12
    endloop
  endfacet
  facet normal 0.753081 0.657928 0
    outer loop
      vertex 17.8027 -14.1976 0
      vertex 18.0046 -14.4287 12
      vertex 18.0046 -14.4287 0
    endloop
  endfacet
  facet normal 0.674003 0.738729 -0
    outer loop
      vertex 17.8027 -14.1976 0
      vertex 17.579 -13.9935 12
      vertex 17.8027 -14.1976 12
    endloop
  endfacet
  facet normal 0.674003 0.738729 0
    outer loop
      vertex 17.579 -13.9935 12
      vertex 17.8027 -14.1976 0
      vertex 17.579 -13.9935 0
    endloop
  endfacet
  facet normal 0.622812 0.782372 -0
    outer loop
      vertex 17.579 -13.9935 0
      vertex 16.3012 -12.9763 12
      vertex 17.579 -13.9935 12
    endloop
  endfacet
  facet normal 0.622812 0.782372 0
    outer loop
      vertex 16.3012 -12.9763 12
      vertex 17.579 -13.9935 0
      vertex 16.3012 -12.9763 0
    endloop
  endfacet
  facet normal 0.647426 0.762128 -0
    outer loop
      vertex 16.3012 -12.9763 0
      vertex 16.2713 -12.9509 12
      vertex 16.3012 -12.9763 12
    endloop
  endfacet
  facet normal 0.647426 0.762128 0
    outer loop
      vertex 16.2713 -12.9509 12
      vertex 16.3012 -12.9763 0
      vertex 16.2713 -12.9509 0
    endloop
  endfacet
  facet normal 0.695549 0.718479 -0
    outer loop
      vertex 16.2713 -12.9509 0
      vertex 16.2431 -12.9236 12
      vertex 16.2713 -12.9509 12
    endloop
  endfacet
  facet normal 0.695549 0.718479 0
    outer loop
      vertex 16.2431 -12.9236 12
      vertex 16.2713 -12.9509 0
      vertex 16.2431 -12.9236 0
    endloop
  endfacet
  facet normal 0.743041 0.669246 0
    outer loop
      vertex 16.2431 -12.9236 12
      vertex 16.2168 -12.8944 0
      vertex 16.2168 -12.8944 12
    endloop
  endfacet
  facet normal 0.743041 0.669246 0
    outer loop
      vertex 16.2168 -12.8944 0
      vertex 16.2431 -12.9236 12
      vertex 16.2431 -12.9236 0
    endloop
  endfacet
  facet normal 0.783839 0.620964 0
    outer loop
      vertex 16.2168 -12.8944 12
      vertex 16.1924 -12.8636 0
      vertex 16.1924 -12.8636 12
    endloop
  endfacet
  facet normal 0.783839 0.620964 0
    outer loop
      vertex 16.1924 -12.8636 0
      vertex 16.2168 -12.8944 12
      vertex 16.2168 -12.8944 0
    endloop
  endfacet
  facet normal 0.824116 0.566421 0
    outer loop
      vertex 16.1924 -12.8636 12
      vertex 16.1702 -12.8313 0
      vertex 16.1702 -12.8313 12
    endloop
  endfacet
  facet normal 0.824116 0.566421 0
    outer loop
      vertex 16.1702 -12.8313 0
      vertex 16.1924 -12.8636 12
      vertex 16.1924 -12.8636 0
    endloop
  endfacet
  facet normal 0.857717 0.514121 0
    outer loop
      vertex 16.1702 -12.8313 12
      vertex 16.15 -12.7976 0
      vertex 16.15 -12.7976 12
    endloop
  endfacet
  facet normal 0.857717 0.514121 0
    outer loop
      vertex 16.15 -12.7976 0
      vertex 16.1702 -12.8313 12
      vertex 16.1702 -12.8313 0
    endloop
  endfacet
  facet normal 0.889791 0.456368 0
    outer loop
      vertex 16.15 -12.7976 12
      vertex 16.1321 -12.7627 0
      vertex 16.1321 -12.7627 12
    endloop
  endfacet
  facet normal 0.889791 0.456368 0
    outer loop
      vertex 16.1321 -12.7627 0
      vertex 16.15 -12.7976 12
      vertex 16.15 -12.7976 0
    endloop
  endfacet
  facet normal 0.918882 0.394534 0
    outer loop
      vertex 16.1321 -12.7627 12
      vertex 16.1166 -12.7266 0
      vertex 16.1166 -12.7266 12
    endloop
  endfacet
  facet normal 0.918882 0.394534 0
    outer loop
      vertex 16.1166 -12.7266 0
      vertex 16.1321 -12.7627 12
      vertex 16.1321 -12.7627 0
    endloop
  endfacet
  facet normal 0.941857 0.336014 0
    outer loop
      vertex 16.1166 -12.7266 12
      vertex 16.1034 -12.6896 0
      vertex 16.1034 -12.6896 12
    endloop
  endfacet
  facet normal 0.941857 0.336014 0
    outer loop
      vertex 16.1034 -12.6896 0
      vertex 16.1166 -12.7266 12
      vertex 16.1166 -12.7266 0
    endloop
  endfacet
  facet normal 0.962004 0.273036 0
    outer loop
      vertex 16.1034 -12.6896 12
      vertex 16.0927 -12.6519 0
      vertex 16.0927 -12.6519 12
    endloop
  endfacet
  facet normal 0.962004 0.273036 0
    outer loop
      vertex 16.0927 -12.6519 0
      vertex 16.1034 -12.6896 12
      vertex 16.1034 -12.6896 0
    endloop
  endfacet
  facet normal 0.977428 0.211267 0
    outer loop
      vertex 16.0927 -12.6519 12
      vertex 16.0844 -12.6135 0
      vertex 16.0844 -12.6135 12
    endloop
  endfacet
  facet normal 0.977428 0.211267 0
    outer loop
      vertex 16.0844 -12.6135 0
      vertex 16.0927 -12.6519 12
      vertex 16.0927 -12.6519 0
    endloop
  endfacet
  facet normal 0.989434 0.144981 0
    outer loop
      vertex 16.0844 -12.6135 12
      vertex 16.0787 -12.5746 0
      vertex 16.0787 -12.5746 12
    endloop
  endfacet
  facet normal 0.989434 0.144981 0
    outer loop
      vertex 16.0787 -12.5746 0
      vertex 16.0844 -12.6135 12
      vertex 16.0844 -12.6135 0
    endloop
  endfacet
  facet normal 0.996872 0.0790359 0
    outer loop
      vertex 16.0787 -12.5746 12
      vertex 16.0756 -12.5355 0
      vertex 16.0756 -12.5355 12
    endloop
  endfacet
  facet normal 0.996872 0.0790359 0
    outer loop
      vertex 16.0756 -12.5355 0
      vertex 16.0787 -12.5746 12
      vertex 16.0787 -12.5746 0
    endloop
  endfacet
  facet normal 0.999883 0.0152654 0
    outer loop
      vertex 16.0756 -12.5355 12
      vertex 16.075 -12.4962 0
      vertex 16.075 -12.4962 12
    endloop
  endfacet
  facet normal 0.999883 0.0152654 0
    outer loop
      vertex 16.075 -12.4962 0
      vertex 16.0756 -12.5355 12
      vertex 16.0756 -12.5355 0
    endloop
  endfacet
  facet normal 0.998701 -0.0509541 0
    outer loop
      vertex 16.075 -12.4962 12
      vertex 16.077 -12.457 0
      vertex 16.077 -12.457 12
    endloop
  endfacet
  facet normal 0.998701 -0.0509541 0
    outer loop
      vertex 16.077 -12.457 0
      vertex 16.075 -12.4962 12
      vertex 16.075 -12.4962 0
    endloop
  endfacet
  facet normal 0.993409 -0.114624 0
    outer loop
      vertex 16.077 -12.457 12
      vertex 16.0815 -12.418 0
      vertex 16.0815 -12.418 12
    endloop
  endfacet
  facet normal 0.993409 -0.114624 0
    outer loop
      vertex 16.0815 -12.418 0
      vertex 16.077 -12.457 12
      vertex 16.077 -12.457 0
    endloop
  endfacet
  facet normal 0.983501 -0.180903 0
    outer loop
      vertex 16.0815 -12.418 12
      vertex 16.0886 -12.3794 0
      vertex 16.0886 -12.3794 12
    endloop
  endfacet
  facet normal 0.983501 -0.180903 0
    outer loop
      vertex 16.0886 -12.3794 0
      vertex 16.0815 -12.418 12
      vertex 16.0815 -12.418 0
    endloop
  endfacet
  facet normal 0.969692 -0.244332 0
    outer loop
      vertex 16.0886 -12.3794 12
      vertex 16.0982 -12.3413 0
      vertex 16.0982 -12.3413 12
    endloop
  endfacet
  facet normal 0.969692 -0.244332 0
    outer loop
      vertex 16.0982 -12.3413 0
      vertex 16.0886 -12.3794 12
      vertex 16.0886 -12.3794 0
    endloop
  endfacet
  facet normal 0.951203 -0.308567 0
    outer loop
      vertex 16.0982 -12.3413 12
      vertex 16.1103 -12.304 0
      vertex 16.1103 -12.304 12
    endloop
  endfacet
  facet normal 0.951203 -0.308567 0
    outer loop
      vertex 16.1103 -12.304 0
      vertex 16.0982 -12.3413 12
      vertex 16.0982 -12.3413 0
    endloop
  endfacet
  facet normal 0.929352 -0.369195 0
    outer loop
      vertex 16.1103 -12.304 12
      vertex 16.1248 -12.2675 0
      vertex 16.1248 -12.2675 12
    endloop
  endfacet
  facet normal 0.929352 -0.369195 0
    outer loop
      vertex 16.1248 -12.2675 0
      vertex 16.1103 -12.304 12
      vertex 16.1103 -12.304 0
    endloop
  endfacet
  facet normal 0.903893 -0.427758 0
    outer loop
      vertex 16.1248 -12.2675 12
      vertex 16.1416 -12.232 0
      vertex 16.1416 -12.232 12
    endloop
  endfacet
  facet normal 0.903893 -0.427758 0
    outer loop
      vertex 16.1416 -12.232 0
      vertex 16.1248 -12.2675 12
      vertex 16.1248 -12.2675 0
    endloop
  endfacet
  facet normal 0.873676 -0.486508 0
    outer loop
      vertex 16.1416 -12.232 12
      vertex 16.1607 -12.1977 0
      vertex 16.1607 -12.1977 12
    endloop
  endfacet
  facet normal 0.873676 -0.486508 0
    outer loop
      vertex 16.1607 -12.1977 0
      vertex 16.1416 -12.232 12
      vertex 16.1416 -12.232 0
    endloop
  endfacet
  facet normal 0.835542 -0.549426 0
    outer loop
      vertex 16.1607 -12.1977 12
      vertex 16.1872 -12.1574 0
      vertex 16.1872 -12.1574 12
    endloop
  endfacet
  facet normal 0.835542 -0.549426 0
    outer loop
      vertex 16.1872 -12.1574 0
      vertex 16.1607 -12.1977 12
      vertex 16.1607 -12.1977 0
    endloop
  endfacet
  facet normal 0.812824 -0.582509 0
    outer loop
      vertex 16.1872 -12.1574 12
      vertex 16.8372 -11.2504 0
      vertex 16.8372 -11.2504 12
    endloop
  endfacet
  facet normal 0.812824 -0.582509 0
    outer loop
      vertex 16.8372 -11.2504 0
      vertex 16.1872 -12.1574 12
      vertex 16.1872 -12.1574 0
    endloop
  endfacet
  facet normal 0.849194 -0.528081 0
    outer loop
      vertex 16.8372 -11.2504 12
      vertex 17.4266 -10.3026 0
      vertex 17.4266 -10.3026 12
    endloop
  endfacet
  facet normal 0.849194 -0.528081 0
    outer loop
      vertex 17.4266 -10.3026 0
      vertex 16.8372 -11.2504 12
      vertex 16.8372 -11.2504 0
    endloop
  endfacet
  facet normal 0.83205 -0.5547 0
    outer loop
      vertex 17.4266 -10.3026 12
      vertex 17.4484 -10.2699 0
      vertex 17.4484 -10.2699 12
    endloop
  endfacet
  facet normal 0.83205 -0.5547 0
    outer loop
      vertex 17.4484 -10.2699 0
      vertex 17.4266 -10.3026 12
      vertex 17.4266 -10.3026 0
    endloop
  endfacet
  facet normal 0.792908 -0.609341 0
    outer loop
      vertex 17.4484 -10.2699 12
      vertex 17.4723 -10.2388 0
      vertex 17.4723 -10.2388 12
    endloop
  endfacet
  facet normal 0.792908 -0.609341 0
    outer loop
      vertex 17.4723 -10.2388 0
      vertex 17.4484 -10.2699 12
      vertex 17.4484 -10.2699 0
    endloop
  endfacet
  facet normal 0.752577 -0.658505 0
    outer loop
      vertex 17.4723 -10.2388 12
      vertex 17.4982 -10.2092 0
      vertex 17.4982 -10.2092 12
    endloop
  endfacet
  facet normal 0.752577 -0.658505 0
    outer loop
      vertex 17.4982 -10.2092 0
      vertex 17.4723 -10.2388 12
      vertex 17.4723 -10.2388 0
    endloop
  endfacet
  facet normal 0.705832 -0.70838 0
    outer loop
      vertex 17.4982 -10.2092 12
      vertex 17.526 -10.1815 0
      vertex 17.526 -10.1815 12
    endloop
  endfacet
  facet normal 0.705832 -0.70838 0
    outer loop
      vertex 17.526 -10.1815 0
      vertex 17.4982 -10.2092 12
      vertex 17.4982 -10.2092 0
    endloop
  endfacet
  facet normal 0.659766 -0.751471 0
    outer loop
      vertex 17.526 -10.1815 0
      vertex 17.5555 -10.1556 12
      vertex 17.526 -10.1815 12
    endloop
  endfacet
  facet normal 0.659766 -0.751471 0
    outer loop
      vertex 17.5555 -10.1556 12
      vertex 17.526 -10.1815 0
      vertex 17.5555 -10.1556 0
    endloop
  endfacet
  facet normal 0.609341 -0.792908 0
    outer loop
      vertex 17.5555 -10.1556 0
      vertex 17.5866 -10.1317 12
      vertex 17.5555 -10.1556 12
    endloop
  endfacet
  facet normal 0.609341 -0.792908 0
    outer loop
      vertex 17.5866 -10.1317 12
      vertex 17.5555 -10.1556 0
      vertex 17.5866 -10.1317 0
    endloop
  endfacet
  facet normal 0.5547 -0.83205 0
    outer loop
      vertex 17.5866 -10.1317 0
      vertex 17.6193 -10.1099 12
      vertex 17.5866 -10.1317 12
    endloop
  endfacet
  facet normal 0.5547 -0.83205 0
    outer loop
      vertex 17.6193 -10.1099 12
      vertex 17.5866 -10.1317 0
      vertex 17.6193 -10.1099 0
    endloop
  endfacet
  facet normal 0.501337 -0.865252 0
    outer loop
      vertex 17.6193 -10.1099 0
      vertex 17.6533 -10.0902 12
      vertex 17.6193 -10.1099 12
    endloop
  endfacet
  facet normal 0.501337 -0.865252 0
    outer loop
      vertex 17.6533 -10.0902 12
      vertex 17.6193 -10.1099 0
      vertex 17.6533 -10.0902 0
    endloop
  endfacet
  facet normal 0.441084 -0.897466 0
    outer loop
      vertex 17.6533 -10.0902 0
      vertex 17.6885 -10.0729 12
      vertex 17.6533 -10.0902 12
    endloop
  endfacet
  facet normal 0.441084 -0.897466 0
    outer loop
      vertex 17.6885 -10.0729 12
      vertex 17.6533 -10.0902 0
      vertex 17.6885 -10.0729 0
    endloop
  endfacet
  facet normal 0.381902 -0.924203 0
    outer loop
      vertex 17.6885 -10.0729 0
      vertex 17.7248 -10.0579 12
      vertex 17.6885 -10.0729 12
    endloop
  endfacet
  facet normal 0.381902 -0.924203 0
    outer loop
      vertex 17.7248 -10.0579 12
      vertex 17.6885 -10.0729 0
      vertex 17.7248 -10.0579 0
    endloop
  endfacet
  facet normal 0.323868 -0.946102 0
    outer loop
      vertex 17.7248 -10.0579 0
      vertex 17.7619 -10.0452 12
      vertex 17.7248 -10.0579 12
    endloop
  endfacet
  facet normal 0.323868 -0.946102 0
    outer loop
      vertex 17.7619 -10.0452 12
      vertex 17.7248 -10.0579 0
      vertex 17.7619 -10.0452 0
    endloop
  endfacet
  facet normal 0.256871 -0.966446 0
    outer loop
      vertex 17.7619 -10.0452 0
      vertex 17.7999 -10.0351 12
      vertex 17.7619 -10.0452 12
    endloop
  endfacet
  facet normal 0.256871 -0.966446 0
    outer loop
      vertex 17.7999 -10.0351 12
      vertex 17.7619 -10.0452 0
      vertex 17.7999 -10.0351 0
    endloop
  endfacet
  facet normal 0.196116 -0.980581 0
    outer loop
      vertex 17.7999 -10.0351 0
      vertex 17.8384 -10.0274 12
      vertex 17.7999 -10.0351 12
    endloop
  endfacet
  facet normal 0.196116 -0.980581 0
    outer loop
      vertex 17.8384 -10.0274 12
      vertex 17.7999 -10.0351 0
      vertex 17.8384 -10.0274 0
    endloop
  endfacet
  facet normal 0.129993 -0.991515 0
    outer loop
      vertex 17.8384 -10.0274 0
      vertex 17.8773 -10.0223 12
      vertex 17.8384 -10.0274 12
    endloop
  endfacet
  facet normal 0.129993 -0.991515 0
    outer loop
      vertex 17.8773 -10.0223 12
      vertex 17.8384 -10.0274 0
      vertex 17.8773 -10.0223 0
    endloop
  endfacet
  facet normal 0.0661811 -0.997808 0
    outer loop
      vertex 17.8773 -10.0223 0
      vertex 17.9165 -10.0197 12
      vertex 17.8773 -10.0223 12
    endloop
  endfacet
  facet normal 0.0661811 -0.997808 0
    outer loop
      vertex 17.9165 -10.0197 12
      vertex 17.8773 -10.0223 0
      vertex 17.9165 -10.0197 0
    endloop
  endfacet
  facet normal 0 -1 0
    outer loop
      vertex 17.9165 -10.0197 0
      vertex 17.9557 -10.0197 12
      vertex 17.9165 -10.0197 12
    endloop
  endfacet
  facet normal 0 -1 -0
    outer loop
      vertex 17.9557 -10.0197 12
      vertex 17.9165 -10.0197 0
      vertex 17.9557 -10.0197 0
    endloop
  endfacet
  facet normal -0.0661811 -0.997808 0
    outer loop
      vertex 17.9557 -10.0197 0
      vertex 17.9949 -10.0223 12
      vertex 17.9557 -10.0197 12
    endloop
  endfacet
  facet normal -0.0661811 -0.997808 -0
    outer loop
      vertex 17.9949 -10.0223 12
      vertex 17.9557 -10.0197 0
      vertex 17.9949 -10.0223 0
    endloop
  endfacet
  facet normal -0.129993 -0.991515 0
    outer loop
      vertex 17.9949 -10.0223 0
      vertex 18.0338 -10.0274 12
      vertex 17.9949 -10.0223 12
    endloop
  endfacet
  facet normal -0.129993 -0.991515 -0
    outer loop
      vertex 18.0338 -10.0274 12
      vertex 17.9949 -10.0223 0
      vertex 18.0338 -10.0274 0
    endloop
  endfacet
  facet normal -0.195628 -0.980678 0
    outer loop
      vertex 18.0338 -10.0274 0
      vertex 18.0724 -10.0351 12
      vertex 18.0338 -10.0274 12
    endloop
  endfacet
  facet normal -0.195628 -0.980678 -0
    outer loop
      vertex 18.0724 -10.0351 12
      vertex 18.0338 -10.0274 0
      vertex 18.0724 -10.0351 0
    endloop
  endfacet
  facet normal -0.257504 -0.966277 0
    outer loop
      vertex 18.0724 -10.0351 0
      vertex 18.1103 -10.0452 12
      vertex 18.0724 -10.0351 12
    endloop
  endfacet
  facet normal -0.257504 -0.966277 -0
    outer loop
      vertex 18.1103 -10.0452 12
      vertex 18.0724 -10.0351 0
      vertex 18.1103 -10.0452 0
    endloop
  endfacet
  facet normal -0.323088 -0.946369 0
    outer loop
      vertex 18.1103 -10.0452 0
      vertex 18.1475 -10.0579 12
      vertex 18.1103 -10.0452 12
    endloop
  endfacet
  facet normal -0.323088 -0.946369 -0
    outer loop
      vertex 18.1475 -10.0579 12
      vertex 18.1103 -10.0452 0
      vertex 18.1475 -10.0579 0
    endloop
  endfacet
  facet normal -0.382803 -0.92383 0
    outer loop
      vertex 18.1475 -10.0579 0
      vertex 18.1837 -10.0729 12
      vertex 18.1475 -10.0579 12
    endloop
  endfacet
  facet normal -0.382803 -0.92383 -0
    outer loop
      vertex 18.1837 -10.0729 12
      vertex 18.1475 -10.0579 0
      vertex 18.1837 -10.0729 0
    endloop
  endfacet
  facet normal -0.448043 -0.894012 0
    outer loop
      vertex 18.1837 -10.0729 0
      vertex 18.2268 -10.0945 12
      vertex 18.1837 -10.0729 12
    endloop
  endfacet
  facet normal -0.448043 -0.894012 -0
    outer loop
      vertex 18.2268 -10.0945 12
      vertex 18.1837 -10.0729 0
      vertex 18.2268 -10.0945 0
    endloop
  endfacet
  facet normal -0.484483 -0.874801 0
    outer loop
      vertex 18.2268 -10.0945 0
      vertex 19.6556 -10.8858 12
      vertex 18.2268 -10.0945 12
    endloop
  endfacet
  facet normal -0.484483 -0.874801 -0
    outer loop
      vertex 19.6556 -10.8858 12
      vertex 18.2268 -10.0945 0
      vertex 19.6556 -10.8858 0
    endloop
  endfacet
  facet normal -0.424747 -0.905312 0
    outer loop
      vertex 19.6556 -10.8858 0
      vertex 19.9297 -11.0144 12
      vertex 19.6556 -10.8858 12
    endloop
  endfacet
  facet normal -0.424747 -0.905312 -0
    outer loop
      vertex 19.9297 -11.0144 12
      vertex 19.6556 -10.8858 0
      vertex 19.9297 -11.0144 0
    endloop
  endfacet
  facet normal -0.319548 -0.94757 0
    outer loop
      vertex 19.9297 -11.0144 0
      vertex 20.2206 -11.1125 12
      vertex 19.9297 -11.0144 12
    endloop
  endfacet
  facet normal -0.319548 -0.94757 -0
    outer loop
      vertex 20.2206 -11.1125 12
      vertex 19.9297 -11.0144 0
      vertex 20.2206 -11.1125 0
    endloop
  endfacet
  facet normal -0.257643 -0.96624 0
    outer loop
      vertex 20.2206 -11.1125 0
      vertex 20.521 -11.1926 12
      vertex 20.2206 -11.1125 12
    endloop
  endfacet
  facet normal -0.257643 -0.96624 -0
    outer loop
      vertex 20.521 -11.1926 12
      vertex 20.2206 -11.1125 0
      vertex 20.521 -11.1926 0
    endloop
  endfacet
  facet normal -0.207385 -0.978259 0
    outer loop
      vertex 20.521 -11.1926 0
      vertex 20.8295 -11.258 12
      vertex 20.521 -11.1926 12
    endloop
  endfacet
  facet normal -0.207385 -0.978259 -0
    outer loop
      vertex 20.8295 -11.258 12
      vertex 20.521 -11.1926 0
      vertex 20.8295 -11.258 0
    endloop
  endfacet
  facet normal -0.163941 -0.98647 0
    outer loop
      vertex 20.8295 -11.258 0
      vertex 21.1442 -11.3103 12
      vertex 20.8295 -11.258 12
    endloop
  endfacet
  facet normal -0.163941 -0.98647 -0
    outer loop
      vertex 21.1442 -11.3103 12
      vertex 20.8295 -11.258 0
      vertex 21.1442 -11.3103 0
    endloop
  endfacet
  facet normal -0.125025 -0.992154 0
    outer loop
      vertex 21.1442 -11.3103 0
      vertex 21.4648 -11.3507 12
      vertex 21.1442 -11.3103 12
    endloop
  endfacet
  facet normal -0.125025 -0.992154 -0
    outer loop
      vertex 21.4648 -11.3507 12
      vertex 21.1442 -11.3103 0
      vertex 21.4648 -11.3507 0
    endloop
  endfacet
  facet normal -0.0892677 -0.996008 0
    outer loop
      vertex 21.4648 -11.3507 0
      vertex 21.7906 -11.3799 12
      vertex 21.4648 -11.3507 12
    endloop
  endfacet
  facet normal -0.0892677 -0.996008 -0
    outer loop
      vertex 21.7906 -11.3799 12
      vertex 21.4648 -11.3507 0
      vertex 21.7906 -11.3799 0
    endloop
  endfacet
  facet normal -0.0552526 -0.998472 0
    outer loop
      vertex 21.7906 -11.3799 0
      vertex 22.1213 -11.3982 12
      vertex 21.7906 -11.3799 12
    endloop
  endfacet
  facet normal -0.0552526 -0.998472 -0
    outer loop
      vertex 22.1213 -11.3982 12
      vertex 21.7906 -11.3799 0
      vertex 22.1213 -11.3982 0
    endloop
  endfacet
  facet normal -0.0238311 -0.999716 0
    outer loop
      vertex 22.1213 -11.3982 0
      vertex 22.4569 -11.4062 12
      vertex 22.1213 -11.3982 12
    endloop
  endfacet
  facet normal -0.0238311 -0.999716 -0
    outer loop
      vertex 22.4569 -11.4062 12
      vertex 22.1213 -11.3982 0
      vertex 22.4569 -11.4062 0
    endloop
  endfacet
  facet normal 0.00647807 -0.999979 0
    outer loop
      vertex 22.4569 -11.4062 0
      vertex 22.7965 -11.404 12
      vertex 22.4569 -11.4062 12
    endloop
  endfacet
  facet normal 0.00647807 -0.999979 0
    outer loop
      vertex 22.7965 -11.404 12
      vertex 22.4569 -11.4062 0
      vertex 22.7965 -11.404 0
    endloop
  endfacet
  facet normal 0.0349844 -0.999388 0
    outer loop
      vertex 22.7965 -11.404 0
      vertex 23.1393 -11.392 12
      vertex 22.7965 -11.404 12
    endloop
  endfacet
  facet normal 0.0349844 -0.999388 0
    outer loop
      vertex 23.1393 -11.392 12
      vertex 22.7965 -11.404 0
      vertex 23.1393 -11.392 0
    endloop
  endfacet
  facet normal 0.0627727 -0.998028 0
    outer loop
      vertex 23.1393 -11.392 0
      vertex 23.4859 -11.3702 12
      vertex 23.1393 -11.392 12
    endloop
  endfacet
  facet normal 0.0627727 -0.998028 0
    outer loop
      vertex 23.4859 -11.3702 12
      vertex 23.1393 -11.392 0
      vertex 23.4859 -11.3702 0
    endloop
  endfacet
  facet normal 0.0891785 -0.996016 0
    outer loop
      vertex 23.4859 -11.3702 0
      vertex 23.8366 -11.3388 12
      vertex 23.4859 -11.3702 12
    endloop
  endfacet
  facet normal 0.0891785 -0.996016 0
    outer loop
      vertex 23.8366 -11.3388 12
      vertex 23.4859 -11.3702 0
      vertex 23.8366 -11.3388 0
    endloop
  endfacet
  facet normal 0.114881 -0.993379 0
    outer loop
      vertex 23.8366 -11.3388 0
      vertex 24.1894 -11.298 12
      vertex 23.8366 -11.3388 12
    endloop
  endfacet
  facet normal 0.114881 -0.993379 0
    outer loop
      vertex 24.1894 -11.298 12
      vertex 23.8366 -11.3388 0
      vertex 24.1894 -11.298 0
    endloop
  endfacet
  facet normal 0.139826 -0.990176 0
    outer loop
      vertex 24.1894 -11.298 0
      vertex 24.5456 -11.2477 12
      vertex 24.1894 -11.298 12
    endloop
  endfacet
  facet normal 0.139826 -0.990176 0
    outer loop
      vertex 24.5456 -11.2477 12
      vertex 24.1894 -11.298 0
      vertex 24.5456 -11.2477 0
    endloop
  endfacet
  facet normal 0.923876 -0.382692 0
    outer loop
      vertex 24.5456 -11.2477 12
      vertex 25.3097 -9.40305 0
      vertex 25.3097 -9.40305 12
    endloop
  endfacet
  facet normal 0.923876 -0.382692 0
    outer loop
      vertex 25.3097 -9.40305 0
      vertex 24.5456 -11.2477 12
      vertex 24.5456 -11.2477 0
    endloop
  endfacet
  facet normal 0.799005 0.601324 0
    outer loop
      vertex 25.3097 -9.40305 12
      vertex 25.0933 -9.11551 0
      vertex 25.0933 -9.11551 12
    endloop
  endfacet
  facet normal 0.799005 0.601324 0
    outer loop
      vertex 25.0933 -9.11551 0
      vertex 25.3097 -9.40305 12
      vertex 25.3097 -9.40305 0
    endloop
  endfacet
  facet normal 0.783707 0.621131 0
    outer loop
      vertex 25.0933 -9.11551 12
      vertex 24.8727 -8.83717 0
      vertex 24.8727 -8.83717 12
    endloop
  endfacet
  facet normal 0.783707 0.621131 0
    outer loop
      vertex 24.8727 -8.83717 0
      vertex 25.0933 -9.11551 12
      vertex 25.0933 -9.11551 0
    endloop
  endfacet
  facet normal 0.767417 0.641148 0
    outer loop
      vertex 24.8727 -8.83717 12
      vertex 24.6471 -8.56714 0
      vertex 24.6471 -8.56714 12
    endloop
  endfacet
  facet normal 0.767417 0.641148 0
    outer loop
      vertex 24.6471 -8.56714 0
      vertex 24.8727 -8.83717 12
      vertex 24.8727 -8.83717 0
    endloop
  endfacet
  facet normal 0.750014 0.661421 0
    outer loop
      vertex 24.6471 -8.56714 12
      vertex 24.4176 -8.3069 0
      vertex 24.4176 -8.3069 12
    endloop
  endfacet
  facet normal 0.750014 0.661421 0
    outer loop
      vertex 24.4176 -8.3069 0
      vertex 24.6471 -8.56714 12
      vertex 24.6471 -8.56714 0
    endloop
  endfacet
  facet normal 0.731485 0.681858 0
    outer loop
      vertex 24.4176 -8.3069 12
      vertex 24.1832 -8.05544 0
      vertex 24.1832 -8.05544 12
    endloop
  endfacet
  facet normal 0.731485 0.681858 0
    outer loop
      vertex 24.1832 -8.05544 0
      vertex 24.4176 -8.3069 12
      vertex 24.4176 -8.3069 0
    endloop
  endfacet
  facet normal 0.711618 0.702567 0
    outer loop
      vertex 24.1832 -8.05544 12
      vertex 23.9449 -7.81407 0
      vertex 23.9449 -7.81407 12
    endloop
  endfacet
  facet normal 0.711618 0.702567 0
    outer loop
      vertex 23.9449 -7.81407 0
      vertex 24.1832 -8.05544 12
      vertex 24.1832 -8.05544 0
    endloop
  endfacet
  facet normal 0.69018 0.723638 -0
    outer loop
      vertex 23.9449 -7.81407 0
      vertex 23.7018 -7.58221 12
      vertex 23.9449 -7.81407 12
    endloop
  endfacet
  facet normal 0.69018 0.723638 0
    outer loop
      vertex 23.7018 -7.58221 12
      vertex 23.9449 -7.81407 0
      vertex 23.7018 -7.58221 0
    endloop
  endfacet
  facet normal 0.666706 0.74532 -0
    outer loop
      vertex 23.7018 -7.58221 0
      vertex 23.4553 -7.36171 12
      vertex 23.7018 -7.58221 12
    endloop
  endfacet
  facet normal 0.666706 0.74532 0
    outer loop
      vertex 23.4553 -7.36171 12
      vertex 23.7018 -7.58221 0
      vertex 23.4553 -7.36171 0
    endloop
  endfacet
  facet normal 0.641446 0.767168 -0
    outer loop
      vertex 23.4553 -7.36171 0
      vertex 23.2042 -7.15176 12
      vertex 23.4553 -7.36171 12
    endloop
  endfacet
  facet normal 0.641446 0.767168 0
    outer loop
      vertex 23.2042 -7.15176 12
      vertex 23.4553 -7.36171 0
      vertex 23.2042 -7.15176 0
    endloop
  endfacet
  facet normal 0.613156 0.789962 -0
    outer loop
      vertex 23.2042 -7.15176 0
      vertex 22.9489 -6.9536 12
      vertex 23.2042 -7.15176 12
    endloop
  endfacet
  facet normal 0.613156 0.789962 0
    outer loop
      vertex 22.9489 -6.9536 12
      vertex 23.2042 -7.15176 0
      vertex 22.9489 -6.9536 0
    endloop
  endfacet
  facet normal 0.58136 0.813647 -0
    outer loop
      vertex 22.9489 -6.9536 0
      vertex 22.6891 -6.76797 12
      vertex 22.9489 -6.9536 12
    endloop
  endfacet
  facet normal 0.58136 0.813647 0
    outer loop
      vertex 22.6891 -6.76797 12
      vertex 22.9489 -6.9536 0
      vertex 22.6891 -6.76797 0
    endloop
  endfacet
  facet normal 0.545055 0.8384 -0
    outer loop
      vertex 22.6891 -6.76797 0
      vertex 22.4249 -6.59621 12
      vertex 22.6891 -6.76797 12
    endloop
  endfacet
  facet normal 0.545055 0.8384 0
    outer loop
      vertex 22.4249 -6.59621 12
      vertex 22.6891 -6.76797 0
      vertex 22.4249 -6.59621 0
    endloop
  endfacet
  facet normal 0.501116 0.86538 -0
    outer loop
      vertex 22.4249 -6.59621 0
      vertex 22.1559 -6.44044 12
      vertex 22.4249 -6.59621 12
    endloop
  endfacet
  facet normal 0.501116 0.86538 0
    outer loop
      vertex 22.1559 -6.44044 12
      vertex 22.4249 -6.59621 0
      vertex 22.1559 -6.44044 0
    endloop
  endfacet
  facet normal 0.44411 0.895972 -0
    outer loop
      vertex 22.1559 -6.44044 0
      vertex 21.8808 -6.30408 12
      vertex 22.1559 -6.44044 12
    endloop
  endfacet
  facet normal 0.44411 0.895972 0
    outer loop
      vertex 21.8808 -6.30408 12
      vertex 22.1559 -6.44044 0
      vertex 21.8808 -6.30408 0
    endloop
  endfacet
  facet normal 0.339847 0.940481 -0
    outer loop
      vertex 21.8808 -6.30408 0
      vertex 21.5959 -6.20113 12
      vertex 21.8808 -6.30408 12
    endloop
  endfacet
  facet normal 0.339847 0.940481 0
    outer loop
      vertex 21.5959 -6.20113 12
      vertex 21.8808 -6.30408 0
      vertex 21.5959 -6.20113 0
    endloop
  endfacet
  facet normal 0.275991 0.96116 -0
    outer loop
      vertex 21.5959 -6.20113 0
      vertex 20.0262 -5.7504 12
      vertex 21.5959 -6.20113 12
    endloop
  endfacet
  facet normal 0.275991 0.96116 0
    outer loop
      vertex 20.0262 -5.7504 12
      vertex 21.5959 -6.20113 0
      vertex 20.0262 -5.7504 0
    endloop
  endfacet
  facet normal 0.306899 0.951742 -0
    outer loop
      vertex 20.0262 -5.7504 0
      vertex 19.9888 -5.73834 12
      vertex 20.0262 -5.7504 12
    endloop
  endfacet
  facet normal 0.306899 0.951742 0
    outer loop
      vertex 19.9888 -5.73834 12
      vertex 20.0262 -5.7504 0
      vertex 19.9888 -5.73834 0
    endloop
  endfacet
  facet normal 0.368755 0.929527 -0
    outer loop
      vertex 19.9888 -5.73834 0
      vertex 19.9523 -5.72386 12
      vertex 19.9888 -5.73834 12
    endloop
  endfacet
  facet normal 0.368755 0.929527 0
    outer loop
      vertex 19.9523 -5.72386 12
      vertex 19.9888 -5.73834 0
      vertex 19.9523 -5.72386 0
    endloop
  endfacet
  facet normal 0.429577 0.90303 -0
    outer loop
      vertex 19.9523 -5.72386 0
      vertex 19.9169 -5.70702 12
      vertex 19.9523 -5.72386 12
    endloop
  endfacet
  facet normal 0.429577 0.90303 0
    outer loop
      vertex 19.9169 -5.70702 12
      vertex 19.9523 -5.72386 0
      vertex 19.9169 -5.70702 0
    endloop
  endfacet
  facet normal 0.486896 0.87346 -0
    outer loop
      vertex 19.9169 -5.70702 0
      vertex 19.8826 -5.6879 12
      vertex 19.9169 -5.70702 12
    endloop
  endfacet
  facet normal 0.486896 0.87346 0
    outer loop
      vertex 19.8826 -5.6879 12
      vertex 19.9169 -5.70702 0
      vertex 19.8826 -5.6879 0
    endloop
  endfacet
  facet normal 0.543019 0.83972 -0
    outer loop
      vertex 19.8826 -5.6879 0
      vertex 19.8496 -5.66656 12
      vertex 19.8826 -5.6879 12
    endloop
  endfacet
  facet normal 0.543019 0.83972 0
    outer loop
      vertex 19.8496 -5.66656 12
      vertex 19.8826 -5.6879 0
      vertex 19.8496 -5.66656 0
    endloop
  endfacet
  facet normal 0.596652 0.8025 -0
    outer loop
      vertex 19.8496 -5.66656 0
      vertex 19.8181 -5.64314 12
      vertex 19.8496 -5.66656 12
    endloop
  endfacet
  facet normal 0.596652 0.8025 0
    outer loop
      vertex 19.8181 -5.64314 12
      vertex 19.8496 -5.66656 0
      vertex 19.8181 -5.64314 0
    endloop
  endfacet
  facet normal 0.648166 0.761499 -0
    outer loop
      vertex 19.8181 -5.64314 0
      vertex 19.7882 -5.61769 12
      vertex 19.8181 -5.64314 12
    endloop
  endfacet
  facet normal 0.648166 0.761499 0
    outer loop
      vertex 19.7882 -5.61769 12
      vertex 19.8181 -5.64314 0
      vertex 19.7882 -5.61769 0
    endloop
  endfacet
  facet normal 0.697348 0.716733 -0
    outer loop
      vertex 19.7882 -5.61769 0
      vertex 19.7601 -5.59035 12
      vertex 19.7882 -5.61769 12
    endloop
  endfacet
  facet normal 0.697348 0.716733 0
    outer loop
      vertex 19.7601 -5.59035 12
      vertex 19.7882 -5.61769 0
      vertex 19.7601 -5.59035 0
    endloop
  endfacet
  facet normal 0.740975 0.671533 0
    outer loop
      vertex 19.7601 -5.59035 12
      vertex 19.7337 -5.56122 0
      vertex 19.7337 -5.56122 12
    endloop
  endfacet
  facet normal 0.740975 0.671533 0
    outer loop
      vertex 19.7337 -5.56122 0
      vertex 19.7601 -5.59035 12
      vertex 19.7601 -5.59035 0
    endloop
  endfacet
  facet normal 0.784981 0.61952 0
    outer loop
      vertex 19.7337 -5.56122 12
      vertex 19.7094 -5.53043 0
      vertex 19.7094 -5.53043 12
    endloop
  endfacet
  facet normal 0.784981 0.61952 0
    outer loop
      vertex 19.7094 -5.53043 0
      vertex 19.7337 -5.56122 12
      vertex 19.7337 -5.56122 0
    endloop
  endfacet
  facet normal 0.82309 0.567911 0
    outer loop
      vertex 19.7094 -5.53043 12
      vertex 19.6871 -5.49811 0
      vertex 19.6871 -5.49811 12
    endloop
  endfacet
  facet normal 0.82309 0.567911 0
    outer loop
      vertex 19.6871 -5.49811 0
      vertex 19.7094 -5.53043 12
      vertex 19.7094 -5.53043 0
    endloop
  endfacet
  facet normal 0.857785 0.514009 0
    outer loop
      vertex 19.6871 -5.49811 12
      vertex 19.6669 -5.4644 0
      vertex 19.6669 -5.4644 12
    endloop
  endfacet
  facet normal 0.857785 0.514009 0
    outer loop
      vertex 19.6669 -5.4644 0
      vertex 19.6871 -5.49811 12
      vertex 19.6871 -5.49811 0
    endloop
  endfacet
  facet normal 0.890109 0.455748 0
    outer loop
      vertex 19.6669 -5.4644 12
      vertex 19.649 -5.42944 0
      vertex 19.649 -5.42944 12
    endloop
  endfacet
  facet normal 0.890109 0.455748 0
    outer loop
      vertex 19.649 -5.42944 0
      vertex 19.6669 -5.4644 12
      vertex 19.6669 -5.4644 0
    endloop
  endfacet
  facet normal 0.918643 0.395088 0
    outer loop
      vertex 19.649 -5.42944 12
      vertex 19.6335 -5.3934 0
      vertex 19.6335 -5.3934 12
    endloop
  endfacet
  facet normal 0.918643 0.395088 0
    outer loop
      vertex 19.6335 -5.3934 0
      vertex 19.649 -5.42944 12
      vertex 19.649 -5.42944 0
    endloop
  endfacet
  facet normal 0.941828 0.336094 0
    outer loop
      vertex 19.6335 -5.3934 12
      vertex 19.6203 -5.35641 0
      vertex 19.6203 -5.35641 12
    endloop
  endfacet
  facet normal 0.941828 0.336094 0
    outer loop
      vertex 19.6203 -5.35641 0
      vertex 19.6335 -5.3934 12
      vertex 19.6335 -5.3934 0
    endloop
  endfacet
  facet normal 0.962118 0.272634 0
    outer loop
      vertex 19.6203 -5.35641 12
      vertex 19.6096 -5.31865 0
      vertex 19.6096 -5.31865 12
    endloop
  endfacet
  facet normal 0.962118 0.272634 0
    outer loop
      vertex 19.6096 -5.31865 0
      vertex 19.6203 -5.35641 12
      vertex 19.6203 -5.35641 0
    endloop
  endfacet
  facet normal 0.977417 0.21132 0
    outer loop
      vertex 19.6096 -5.31865 12
      vertex 19.6013 -5.28026 0
      vertex 19.6013 -5.28026 12
    endloop
  endfacet
  facet normal 0.977417 0.21132 0
    outer loop
      vertex 19.6013 -5.28026 0
      vertex 19.6096 -5.31865 12
      vertex 19.6096 -5.31865 0
    endloop
  endfacet
  facet normal 0.989408 0.145164 0
    outer loop
      vertex 19.6013 -5.28026 12
      vertex 19.5956 -5.24141 0
      vertex 19.5956 -5.24141 12
    endloop
  endfacet
  facet normal 0.989408 0.145164 0
    outer loop
      vertex 19.5956 -5.24141 0
      vertex 19.6013 -5.28026 12
      vertex 19.6013 -5.28026 0
    endloop
  endfacet
  facet normal 0.996878 0.0789556 0
    outer loop
      vertex 19.5956 -5.24141 12
      vertex 19.5925 -5.20227 0
      vertex 19.5925 -5.20227 12
    endloop
  endfacet
  facet normal 0.996878 0.0789556 0
    outer loop
      vertex 19.5925 -5.20227 0
      vertex 19.5956 -5.24141 12
      vertex 19.5956 -5.24141 0
    endloop
  endfacet
  facet normal 0.999883 0.0152809 0
    outer loop
      vertex 19.5925 -5.20227 12
      vertex 19.5919 -5.16301 0
      vertex 19.5919 -5.16301 12
    endloop
  endfacet
  facet normal 0.999883 0.0152809 0
    outer loop
      vertex 19.5919 -5.16301 0
      vertex 19.5925 -5.20227 12
      vertex 19.5925 -5.20227 0
    endloop
  endfacet
  facet normal 0.998701 -0.0509541 0
    outer loop
      vertex 19.5919 -5.16301 12
      vertex 19.5939 -5.12381 0
      vertex 19.5939 -5.12381 12
    endloop
  endfacet
  facet normal 0.998701 -0.0509541 0
    outer loop
      vertex 19.5939 -5.12381 0
      vertex 19.5919 -5.16301 12
      vertex 19.5919 -5.16301 0
    endloop
  endfacet
  facet normal 0.993409 -0.114624 0
    outer loop
      vertex 19.5939 -5.12381 12
      vertex 19.5984 -5.08481 0
      vertex 19.5984 -5.08481 12
    endloop
  endfacet
  facet normal 0.993409 -0.114624 0
    outer loop
      vertex 19.5984 -5.08481 0
      vertex 19.5939 -5.12381 12
      vertex 19.5939 -5.12381 0
    endloop
  endfacet
  facet normal 0.982029 -0.188732 0
    outer loop
      vertex 19.5984 -5.08481 12
      vertex 19.6075 -5.03746 0
      vertex 19.6075 -5.03746 12
    endloop
  endfacet
  facet normal 0.982029 -0.188732 0
    outer loop
      vertex 19.6075 -5.03746 0
      vertex 19.5984 -5.08481 12
      vertex 19.5984 -5.08481 0
    endloop
  endfacet
  facet normal 0.973883 -0.227051 0
    outer loop
      vertex 19.6075 -5.03746 12
      vertex 19.8609 -3.95056 0
      vertex 19.8609 -3.95056 12
    endloop
  endfacet
  facet normal 0.973883 -0.227051 0
    outer loop
      vertex 19.8609 -3.95056 0
      vertex 19.6075 -5.03746 12
      vertex 19.6075 -5.03746 0
    endloop
  endfacet
  facet normal 0.986642 -0.162902 0
    outer loop
      vertex 19.8609 -3.95056 12
      vertex 20.0427 -2.84946 0
      vertex 20.0427 -2.84946 12
    endloop
  endfacet
  facet normal 0.986642 -0.162902 0
    outer loop
      vertex 20.0427 -2.84946 0
      vertex 19.8609 -3.95056 12
      vertex 19.8609 -3.95056 0
    endloop
  endfacet
  facet normal 0.981087 -0.193569 0
    outer loop
      vertex 20.0427 -2.84946 12
      vertex 20.0503 -2.81094 0
      vertex 20.0503 -2.81094 12
    endloop
  endfacet
  facet normal 0.981087 -0.193569 0
    outer loop
      vertex 20.0503 -2.81094 0
      vertex 20.0427 -2.84946 12
      vertex 20.0427 -2.84946 0
    endloop
  endfacet
  facet normal 0.965658 -0.259818 0
    outer loop
      vertex 20.0503 -2.81094 12
      vertex 20.0605 -2.77303 0
      vertex 20.0605 -2.77303 12
    endloop
  endfacet
  facet normal 0.965658 -0.259818 0
    outer loop
      vertex 20.0605 -2.77303 0
      vertex 20.0503 -2.81094 12
      vertex 20.0503 -2.81094 0
    endloop
  endfacet
  facet normal 0.947118 -0.320884 0
    outer loop
      vertex 20.0605 -2.77303 12
      vertex 20.0731 -2.73584 0
      vertex 20.0731 -2.73584 12
    endloop
  endfacet
  facet normal 0.947118 -0.320884 0
    outer loop
      vertex 20.0731 -2.73584 0
      vertex 20.0605 -2.77303 12
      vertex 20.0605 -2.77303 0
    endloop
  endfacet
  facet normal 0.92319 -0.384344 0
    outer loop
      vertex 20.0731 -2.73584 12
      vertex 20.0882 -2.69957 0
      vertex 20.0882 -2.69957 12
    endloop
  endfacet
  facet normal 0.92319 -0.384344 0
    outer loop
      vertex 20.0882 -2.69957 0
      vertex 20.0731 -2.73584 12
      vertex 20.0731 -2.73584 0
    endloop
  endfacet
  facet normal 0.897565 -0.440882 0
    outer loop
      vertex 20.0882 -2.69957 12
      vertex 20.1055 -2.66435 0
      vertex 20.1055 -2.66435 12
    endloop
  endfacet
  facet normal 0.897565 -0.440882 0
    outer loop
      vertex 20.1055 -2.66435 0
      vertex 20.0882 -2.69957 12
      vertex 20.0882 -2.69957 0
    endloop
  endfacet
  facet normal 0.865188 -0.501448 0
    outer loop
      vertex 20.1055 -2.66435 12
      vertex 20.1252 -2.63036 0
      vertex 20.1252 -2.63036 12
    endloop
  endfacet
  facet normal 0.865188 -0.501448 0
    outer loop
      vertex 20.1252 -2.63036 0
      vertex 20.1055 -2.66435 12
      vertex 20.1055 -2.66435 0
    endloop
  endfacet
  facet normal 0.831737 -0.55517 0
    outer loop
      vertex 20.1252 -2.63036 12
      vertex 20.147 -2.5977 0
      vertex 20.147 -2.5977 12
    endloop
  endfacet
  facet normal 0.831737 -0.55517 0
    outer loop
      vertex 20.147 -2.5977 0
      vertex 20.1252 -2.63036 12
      vertex 20.1252 -2.63036 0
    endloop
  endfacet
  facet normal 0.793286 -0.608849 0
    outer loop
      vertex 20.147 -2.5977 12
      vertex 20.1709 -2.56656 0
      vertex 20.1709 -2.56656 12
    endloop
  endfacet
  facet normal 0.793286 -0.608849 0
    outer loop
      vertex 20.1709 -2.56656 0
      vertex 20.147 -2.5977 12
      vertex 20.147 -2.5977 0
    endloop
  endfacet
  facet normal 0.753066 -0.657945 0
    outer loop
      vertex 20.1709 -2.56656 12
      vertex 20.1967 -2.53703 0
      vertex 20.1967 -2.53703 12
    endloop
  endfacet
  facet normal 0.753066 -0.657945 0
    outer loop
      vertex 20.1967 -2.53703 0
      vertex 20.1709 -2.56656 12
      vertex 20.1709 -2.56656 0
    endloop
  endfacet
  facet normal 0.70647 -0.707743 0
    outer loop
      vertex 20.1967 -2.53703 0
      vertex 20.2245 -2.50928 12
      vertex 20.1967 -2.53703 12
    endloop
  endfacet
  facet normal 0.70647 -0.707743 0
    outer loop
      vertex 20.2245 -2.50928 12
      vertex 20.1967 -2.53703 0
      vertex 20.2245 -2.50928 0
    endloop
  endfacet
  facet normal 0.659766 -0.751471 0
    outer loop
      vertex 20.2245 -2.50928 0
      vertex 20.254 -2.48338 12
      vertex 20.2245 -2.50928 12
    endloop
  endfacet
  facet normal 0.659766 -0.751471 0
    outer loop
      vertex 20.254 -2.48338 12
      vertex 20.2245 -2.50928 0
      vertex 20.254 -2.48338 0
    endloop
  endfacet
  facet normal 0.607951 -0.793975 0
    outer loop
      vertex 20.254 -2.48338 0
      vertex 20.2852 -2.45949 12
      vertex 20.254 -2.48338 12
    endloop
  endfacet
  facet normal 0.607951 -0.793975 0
    outer loop
      vertex 20.2852 -2.45949 12
      vertex 20.254 -2.48338 0
      vertex 20.2852 -2.45949 0
    endloop
  endfacet
  facet normal 0.556229 -0.831029 0
    outer loop
      vertex 20.2852 -2.45949 0
      vertex 20.3178 -2.43767 12
      vertex 20.2852 -2.45949 12
    endloop
  endfacet
  facet normal 0.556229 -0.831029 0
    outer loop
      vertex 20.3178 -2.43767 12
      vertex 20.2852 -2.45949 0
      vertex 20.3178 -2.43767 0
    endloop
  endfacet
  facet normal 0.499811 -0.866135 0
    outer loop
      vertex 20.3178 -2.43767 0
      vertex 20.3518 -2.41805 12
      vertex 20.3178 -2.43767 12
    endloop
  endfacet
  facet normal 0.499811 -0.866135 0
    outer loop
      vertex 20.3518 -2.41805 12
      vertex 20.3178 -2.43767 0
      vertex 20.3518 -2.41805 0
    endloop
  endfacet
  facet normal 0.44252 -0.896759 0
    outer loop
      vertex 20.3518 -2.41805 0
      vertex 20.387 -2.40068 12
      vertex 20.3518 -2.41805 12
    endloop
  endfacet
  facet normal 0.44252 -0.896759 0
    outer loop
      vertex 20.387 -2.40068 12
      vertex 20.3518 -2.41805 0
      vertex 20.387 -2.40068 0
    endloop
  endfacet
  facet normal 0.382554 -0.923933 0
    outer loop
      vertex 20.387 -2.40068 0
      vertex 20.4233 -2.38565 12
      vertex 20.387 -2.40068 12
    endloop
  endfacet
  facet normal 0.382554 -0.923933 0
    outer loop
      vertex 20.4233 -2.38565 12
      vertex 20.387 -2.40068 0
      vertex 20.4233 -2.38565 0
    endloop
  endfacet
  facet normal 0.321264 -0.94699 0
    outer loop
      vertex 20.4233 -2.38565 0
      vertex 20.4605 -2.37303 12
      vertex 20.4233 -2.38565 12
    endloop
  endfacet
  facet normal 0.321264 -0.94699 0
    outer loop
      vertex 20.4605 -2.37303 12
      vertex 20.4233 -2.38565 0
      vertex 20.4605 -2.37303 0
    endloop
  endfacet
  facet normal 0.258931 -0.965896 0
    outer loop
      vertex 20.4605 -2.37303 0
      vertex 20.4984 -2.36287 12
      vertex 20.4605 -2.37303 12
    endloop
  endfacet
  facet normal 0.258931 -0.965896 0
    outer loop
      vertex 20.4984 -2.36287 12
      vertex 20.4605 -2.37303 0
      vertex 20.4984 -2.36287 0
    endloop
  endfacet
  facet normal 0.195136 -0.980776 0
    outer loop
      vertex 20.4984 -2.36287 0
      vertex 20.5369 -2.35521 12
      vertex 20.4984 -2.36287 12
    endloop
  endfacet
  facet normal 0.195136 -0.980776 0
    outer loop
      vertex 20.5369 -2.35521 12
      vertex 20.4984 -2.36287 0
      vertex 20.5369 -2.35521 0
    endloop
  endfacet
  facet normal 0.130415 -0.991459 0
    outer loop
      vertex 20.5369 -2.35521 0
      vertex 20.5759 -2.35008 12
      vertex 20.5369 -2.35521 12
    endloop
  endfacet
  facet normal 0.130415 -0.991459 0
    outer loop
      vertex 20.5759 -2.35008 12
      vertex 20.5369 -2.35521 0
      vertex 20.5759 -2.35008 0
    endloop
  endfacet
  facet normal 0.0658415 -0.99783 0
    outer loop
      vertex 20.5759 -2.35008 0
      vertex 20.615 -2.3475 12
      vertex 20.5759 -2.35008 12
    endloop
  endfacet
  facet normal 0.0658415 -0.99783 0
    outer loop
      vertex 20.615 -2.3475 12
      vertex 20.5759 -2.35008 0
      vertex 20.615 -2.3475 0
    endloop
  endfacet
  facet normal 0 -1 0
    outer loop
      vertex 20.615 -2.3475 0
      vertex 20.6543 -2.3475 12
      vertex 20.615 -2.3475 12
    endloop
  endfacet
  facet normal 0 -1 -0
    outer loop
      vertex 20.6543 -2.3475 12
      vertex 20.615 -2.3475 0
      vertex 20.6543 -2.3475 0
    endloop
  endfacet
  facet normal -0.0731919 -0.997318 0
    outer loop
      vertex 20.6543 -2.3475 0
      vertex 20.7024 -2.35103 12
      vertex 20.6543 -2.3475 12
    endloop
  endfacet
  facet normal -0.0731919 -0.997318 -0
    outer loop
      vertex 20.7024 -2.35103 12
      vertex 20.6543 -2.3475 0
      vertex 20.7024 -2.35103 0
    endloop
  endfacet
  facet normal -0.11285 -0.993612 0
    outer loop
      vertex 20.7024 -2.35103 0
      vertex 22.3252 -2.53534 12
      vertex 20.7024 -2.35103 12
    endloop
  endfacet
  facet normal -0.11285 -0.993612 -0
    outer loop
      vertex 22.3252 -2.53534 12
      vertex 20.7024 -2.35103 0
      vertex 22.3252 -2.53534 0
    endloop
  endfacet
  facet normal -0.0457372 -0.998954 0
    outer loop
      vertex 22.3252 -2.53534 0
      vertex 22.6277 -2.54919 12
      vertex 22.3252 -2.53534 12
    endloop
  endfacet
  facet normal -0.0457372 -0.998954 -0
    outer loop
      vertex 22.6277 -2.54919 12
      vertex 22.3252 -2.53534 0
      vertex 22.6277 -2.54919 0
    endloop
  endfacet
  facet normal 0.0673516 -0.997729 0
    outer loop
      vertex 22.6277 -2.54919 0
      vertex 22.9339 -2.52852 12
      vertex 22.6277 -2.54919 12
    endloop
  endfacet
  facet normal 0.0673516 -0.997729 0
    outer loop
      vertex 22.9339 -2.52852 12
      vertex 22.6277 -2.54919 0
      vertex 22.9339 -2.52852 0
    endloop
  endfacet
  facet normal 0.131848 -0.99127 0
    outer loop
      vertex 22.9339 -2.52852 0
      vertex 23.2423 -2.4875 12
      vertex 22.9339 -2.52852 12
    endloop
  endfacet
  facet normal 0.131848 -0.99127 0
    outer loop
      vertex 23.2423 -2.4875 12
      vertex 22.9339 -2.52852 0
      vertex 23.2423 -2.4875 0
    endloop
  endfacet
  facet normal 0.18261 -0.983185 0
    outer loop
      vertex 23.2423 -2.4875 0
      vertex 23.5521 -2.42996 12
      vertex 23.2423 -2.4875 12
    endloop
  endfacet
  facet normal 0.18261 -0.983185 0
    outer loop
      vertex 23.5521 -2.42996 12
      vertex 23.2423 -2.4875 0
      vertex 23.5521 -2.42996 0
    endloop
  endfacet
  facet normal 0.225861 -0.97416 0
    outer loop
      vertex 23.5521 -2.42996 0
      vertex 23.8626 -2.35797 12
      vertex 23.5521 -2.42996 12
    endloop
  endfacet
  facet normal 0.225861 -0.97416 0
    outer loop
      vertex 23.8626 -2.35797 12
      vertex 23.5521 -2.42996 0
      vertex 23.8626 -2.35797 0
    endloop
  endfacet
  facet normal 0.264194 -0.96447 0
    outer loop
      vertex 23.8626 -2.35797 0
      vertex 24.1748 -2.27245 12
      vertex 23.8626 -2.35797 12
    endloop
  endfacet
  facet normal 0.264194 -0.96447 0
    outer loop
      vertex 24.1748 -2.27245 12
      vertex 23.8626 -2.35797 0
      vertex 24.1748 -2.27245 0
    endloop
  endfacet
  facet normal 0.29886 -0.954297 0
    outer loop
      vertex 24.1748 -2.27245 0
      vertex 24.4868 -2.17474 12
      vertex 24.1748 -2.27245 12
    endloop
  endfacet
  facet normal 0.29886 -0.954297 0
    outer loop
      vertex 24.4868 -2.17474 12
      vertex 24.1748 -2.27245 0
      vertex 24.4868 -2.17474 0
    endloop
  endfacet
  facet normal 0.330928 -0.943656 0
    outer loop
      vertex 24.4868 -2.17474 0
      vertex 24.7995 -2.06508 12
      vertex 24.4868 -2.17474 12
    endloop
  endfacet
  facet normal 0.330928 -0.943656 0
    outer loop
      vertex 24.7995 -2.06508 12
      vertex 24.4868 -2.17474 0
      vertex 24.7995 -2.06508 0
    endloop
  endfacet
  facet normal 0.360605 -0.932718 0
    outer loop
      vertex 24.7995 -2.06508 0
      vertex 25.1126 -1.94403 12
      vertex 24.7995 -2.06508 12
    endloop
  endfacet
  facet normal 0.360605 -0.932718 0
    outer loop
      vertex 25.1126 -1.94403 12
      vertex 24.7995 -2.06508 0
      vertex 25.1126 -1.94403 0
    endloop
  endfacet
  facet normal 0.388605 -0.921404 0
    outer loop
      vertex 25.1126 -1.94403 0
      vertex 25.4252 -1.81219 12
      vertex 25.1126 -1.94403 12
    endloop
  endfacet
  facet normal 0.388605 -0.921404 0
    outer loop
      vertex 25.4252 -1.81219 12
      vertex 25.1126 -1.94403 0
      vertex 25.4252 -1.81219 0
    endloop
  endfacet
  facet normal 0.414851 -0.909889 0
    outer loop
      vertex 25.4252 -1.81219 0
      vertex 25.7377 -1.66971 12
      vertex 25.4252 -1.81219 12
    endloop
  endfacet
  facet normal 0.414851 -0.909889 0
    outer loop
      vertex 25.7377 -1.66971 12
      vertex 25.4252 -1.81219 0
      vertex 25.7377 -1.66971 0
    endloop
  endfacet
  facet normal 0.439841 -0.898076 0
    outer loop
      vertex 25.7377 -1.66971 0
      vertex 26.0492 -1.51715 12
      vertex 25.7377 -1.66971 12
    endloop
  endfacet
  facet normal 0.439841 -0.898076 0
    outer loop
      vertex 26.0492 -1.51715 12
      vertex 25.7377 -1.66971 0
      vertex 26.0492 -1.51715 0
    endloop
  endfacet
  facet normal 0.463626 -0.886031 0
    outer loop
      vertex 26.0492 -1.51715 0
      vertex 26.3613 -1.35384 12
      vertex 26.0492 -1.51715 12
    endloop
  endfacet
  facet normal 0.463626 -0.886031 0
    outer loop
      vertex 26.3613 -1.35384 12
      vertex 26.0492 -1.51715 0
      vertex 26.3613 -1.35384 0
    endloop
  endfacet
  facet normal 0.486426 -0.873722 0
    outer loop
      vertex 26.3613 -1.35384 0
      vertex 26.6719 -1.18092 12
      vertex 26.3613 -1.35384 12
    endloop
  endfacet
  facet normal 0.486426 -0.873722 0
    outer loop
      vertex 26.6719 -1.18092 12
      vertex 26.3613 -1.35384 0
      vertex 26.6719 -1.18092 0
    endloop
  endfacet
  facet normal 0.508013 -0.86135 0
    outer loop
      vertex 26.6719 -1.18092 0
      vertex 26.9815 -0.998322 12
      vertex 26.6719 -1.18092 12
    endloop
  endfacet
  facet normal 0.508013 -0.86135 0
    outer loop
      vertex 26.9815 -0.998322 12
      vertex 26.6719 -1.18092 0
      vertex 26.9815 -0.998322 0
    endloop
  endfacet
  facet normal 1 -0 0
    outer loop
      vertex 26.9815 -0.998322 12
      vertex 26.9815 0.998322 0
      vertex 26.9815 0.998322 12
    endloop
  endfacet
  facet normal 1 0 0
    outer loop
      vertex 26.9815 0.998322 0
      vertex 26.9815 -0.998322 12
      vertex 26.9815 -0.998322 0
    endloop
  endfacet
  facet normal 0.508013 0.86135 -0
    outer loop
      vertex 26.9815 0.998322 0
      vertex 26.6719 1.18092 12
      vertex 26.9815 0.998322 12
    endloop
  endfacet
  facet normal 0.508013 0.86135 0
    outer loop
      vertex 26.6719 1.18092 12
      vertex 26.9815 0.998322 0
      vertex 26.6719 1.18092 0
    endloop
  endfacet
  facet normal 0.486426 0.873722 -0
    outer loop
      vertex 26.6719 1.18092 0
      vertex 26.3613 1.35384 12
      vertex 26.6719 1.18092 12
    endloop
  endfacet
  facet normal 0.486426 0.873722 0
    outer loop
      vertex 26.3613 1.35384 12
      vertex 26.6719 1.18092 0
      vertex 26.3613 1.35384 0
    endloop
  endfacet
  facet normal 0.463626 0.886031 -0
    outer loop
      vertex 26.3613 1.35384 0
      vertex 26.0492 1.51715 12
      vertex 26.3613 1.35384 12
    endloop
  endfacet
  facet normal 0.463626 0.886031 0
    outer loop
      vertex 26.0492 1.51715 12
      vertex 26.3613 1.35384 0
      vertex 26.0492 1.51715 0
    endloop
  endfacet
  facet normal 0.439841 0.898076 -0
    outer loop
      vertex 26.0492 1.51715 0
      vertex 25.7377 1.66971 12
      vertex 26.0492 1.51715 12
    endloop
  endfacet
  facet normal 0.439841 0.898076 0
    outer loop
      vertex 25.7377 1.66971 12
      vertex 26.0492 1.51715 0
      vertex 25.7377 1.66971 0
    endloop
  endfacet
  facet normal 0.414851 0.909889 -0
    outer loop
      vertex 25.7377 1.66971 0
      vertex 25.4252 1.81219 12
      vertex 25.7377 1.66971 12
    endloop
  endfacet
  facet normal 0.414851 0.909889 0
    outer loop
      vertex 25.4252 1.81219 12
      vertex 25.7377 1.66971 0
      vertex 25.4252 1.81219 0
    endloop
  endfacet
  facet normal 0.388605 0.921404 -0
    outer loop
      vertex 25.4252 1.81219 0
      vertex 25.1126 1.94403 12
      vertex 25.4252 1.81219 12
    endloop
  endfacet
  facet normal 0.388605 0.921404 0
    outer loop
      vertex 25.1126 1.94403 12
      vertex 25.4252 1.81219 0
      vertex 25.1126 1.94403 0
    endloop
  endfacet
  facet normal 0.360605 0.932718 -0
    outer loop
      vertex 25.1126 1.94403 0
      vertex 24.7995 2.06508 12
      vertex 25.1126 1.94403 12
    endloop
  endfacet
  facet normal 0.360605 0.932718 0
    outer loop
      vertex 24.7995 2.06508 12
      vertex 25.1126 1.94403 0
      vertex 24.7995 2.06508 0
    endloop
  endfacet
  facet normal 0.330928 0.943656 -0
    outer loop
      vertex 24.7995 2.06508 0
      vertex 24.4868 2.17474 12
      vertex 24.7995 2.06508 12
    endloop
  endfacet
  facet normal 0.330928 0.943656 0
    outer loop
      vertex 24.4868 2.17474 12
      vertex 24.7995 2.06508 0
      vertex 24.4868 2.17474 0
    endloop
  endfacet
  facet normal 0.29886 0.954297 -0
    outer loop
      vertex 24.4868 2.17474 0
      vertex 24.1748 2.27245 12
      vertex 24.4868 2.17474 12
    endloop
  endfacet
  facet normal 0.29886 0.954297 0
    outer loop
      vertex 24.1748 2.27245 12
      vertex 24.4868 2.17474 0
      vertex 24.1748 2.27245 0
    endloop
  endfacet
  facet normal 0.264194 0.96447 -0
    outer loop
      vertex 24.1748 2.27245 0
      vertex 23.8626 2.35797 12
      vertex 24.1748 2.27245 12
    endloop
  endfacet
  facet normal 0.264194 0.96447 0
    outer loop
      vertex 23.8626 2.35797 12
      vertex 24.1748 2.27245 0
      vertex 23.8626 2.35797 0
    endloop
  endfacet
  facet normal 0.225861 0.97416 -0
    outer loop
      vertex 23.8626 2.35797 0
      vertex 23.5521 2.42996 12
      vertex 23.8626 2.35797 12
    endloop
  endfacet
  facet normal 0.225861 0.97416 0
    outer loop
      vertex 23.5521 2.42996 12
      vertex 23.8626 2.35797 0
      vertex 23.5521 2.42996 0
    endloop
  endfacet
  facet normal 0.18261 0.983185 -0
    outer loop
      vertex 23.5521 2.42996 0
      vertex 23.2423 2.4875 12
      vertex 23.5521 2.42996 12
    endloop
  endfacet
  facet normal 0.18261 0.983185 0
    outer loop
      vertex 23.2423 2.4875 12
      vertex 23.5521 2.42996 0
      vertex 23.2423 2.4875 0
    endloop
  endfacet
  facet normal 0.131848 0.99127 -0
    outer loop
      vertex 23.2423 2.4875 0
      vertex 22.9339 2.52852 12
      vertex 23.2423 2.4875 12
    endloop
  endfacet
  facet normal 0.131848 0.99127 0
    outer loop
      vertex 22.9339 2.52852 12
      vertex 23.2423 2.4875 0
      vertex 22.9339 2.52852 0
    endloop
  endfacet
  facet normal 0.0673516 0.997729 -0
    outer loop
      vertex 22.9339 2.52852 0
      vertex 22.6277 2.54919 12
      vertex 22.9339 2.52852 12
    endloop
  endfacet
  facet normal 0.0673516 0.997729 0
    outer loop
      vertex 22.6277 2.54919 12
      vertex 22.9339 2.52852 0
      vertex 22.6277 2.54919 0
    endloop
  endfacet
  facet normal -0.0457372 0.998954 0
    outer loop
      vertex 22.6277 2.54919 0
      vertex 22.3252 2.53534 12
      vertex 22.6277 2.54919 12
    endloop
  endfacet
  facet normal -0.0457372 0.998954 0
    outer loop
      vertex 22.3252 2.53534 12
      vertex 22.6277 2.54919 0
      vertex 22.3252 2.53534 0
    endloop
  endfacet
  facet normal -0.11285 0.993612 0
    outer loop
      vertex 22.3252 2.53534 0
      vertex 20.7024 2.35103 12
      vertex 22.3252 2.53534 12
    endloop
  endfacet
  facet normal -0.11285 0.993612 0
    outer loop
      vertex 20.7024 2.35103 12
      vertex 22.3252 2.53534 0
      vertex 20.7024 2.35103 0
    endloop
  endfacet
  facet normal -0.0803516 0.996767 0
    outer loop
      vertex 20.7024 2.35103 0
      vertex 20.6632 2.34787 12
      vertex 20.7024 2.35103 12
    endloop
  endfacet
  facet normal -0.0803516 0.996767 0
    outer loop
      vertex 20.6632 2.34787 12
      vertex 20.7024 2.35103 0
      vertex 20.6632 2.34787 0
    endloop
  endfacet
  facet normal -0.0147943 0.999891 0
    outer loop
      vertex 20.6632 2.34787 0
      vertex 20.624 2.34729 12
      vertex 20.6632 2.34787 12
    endloop
  endfacet
  facet normal -0.0147943 0.999891 0
    outer loop
      vertex 20.624 2.34729 12
      vertex 20.6632 2.34787 0
      vertex 20.624 2.34729 0
    endloop
  endfacet
  facet normal 0.0504459 0.998727 -0
    outer loop
      vertex 20.624 2.34729 0
      vertex 20.5848 2.34927 12
      vertex 20.624 2.34729 12
    endloop
  endfacet
  facet normal 0.0504459 0.998727 0
    outer loop
      vertex 20.5848 2.34927 12
      vertex 20.624 2.34729 0
      vertex 20.5848 2.34927 0
    endloop
  endfacet
  facet normal 0.115629 0.993292 -0
    outer loop
      vertex 20.5848 2.34927 0
      vertex 20.5458 2.35381 12
      vertex 20.5848 2.34927 12
    endloop
  endfacet
  facet normal 0.115629 0.993292 0
    outer loop
      vertex 20.5458 2.35381 12
      vertex 20.5848 2.34927 0
      vertex 20.5458 2.35381 0
    endloop
  endfacet
  facet normal 0.180657 0.983546 -0
    outer loop
      vertex 20.5458 2.35381 0
      vertex 20.5072 2.3609 12
      vertex 20.5458 2.35381 12
    endloop
  endfacet
  facet normal 0.180657 0.983546 0
    outer loop
      vertex 20.5072 2.3609 12
      vertex 20.5458 2.35381 0
      vertex 20.5072 2.3609 0
    endloop
  endfacet
  facet normal 0.244332 0.969692 -0
    outer loop
      vertex 20.5072 2.3609 0
      vertex 20.4691 2.3705 12
      vertex 20.5072 2.3609 12
    endloop
  endfacet
  facet normal 0.244332 0.969692 0
    outer loop
      vertex 20.4691 2.3705 12
      vertex 20.5072 2.3609 0
      vertex 20.4691 2.3705 0
    endloop
  endfacet
  facet normal 0.306668 0.951816 -0
    outer loop
      vertex 20.4691 2.3705 0
      vertex 20.4317 2.38255 12
      vertex 20.4691 2.3705 12
    endloop
  endfacet
  facet normal 0.306668 0.951816 0
    outer loop
      vertex 20.4317 2.38255 12
      vertex 20.4691 2.3705 0
      vertex 20.4317 2.38255 0
    endloop
  endfacet
  facet normal 0.368755 0.929527 -0
    outer loop
      vertex 20.4317 2.38255 0
      vertex 20.3952 2.39703 12
      vertex 20.4317 2.38255 12
    endloop
  endfacet
  facet normal 0.368755 0.929527 0
    outer loop
      vertex 20.3952 2.39703 12
      vertex 20.4317 2.38255 0
      vertex 20.3952 2.39703 0
    endloop
  endfacet
  facet normal 0.429785 0.902931 -0
    outer loop
      vertex 20.3952 2.39703 0
      vertex 20.3598 2.41388 12
      vertex 20.3952 2.39703 12
    endloop
  endfacet
  facet normal 0.429785 0.902931 0
    outer loop
      vertex 20.3598 2.41388 12
      vertex 20.3952 2.39703 0
      vertex 20.3598 2.41388 0
    endloop
  endfacet
  facet normal 0.486896 0.87346 -0
    outer loop
      vertex 20.3598 2.41388 0
      vertex 20.3255 2.433 12
      vertex 20.3598 2.41388 12
    endloop
  endfacet
  facet normal 0.486896 0.87346 0
    outer loop
      vertex 20.3255 2.433 12
      vertex 20.3598 2.41388 0
      vertex 20.3255 2.433 0
    endloop
  endfacet
  facet normal 0.54284 0.839836 -0
    outer loop
      vertex 20.3255 2.433 0
      vertex 20.2925 2.45433 12
      vertex 20.3255 2.433 12
    endloop
  endfacet
  facet normal 0.54284 0.839836 0
    outer loop
      vertex 20.2925 2.45433 12
      vertex 20.3255 2.433 0
      vertex 20.2925 2.45433 0
    endloop
  endfacet
  facet normal 0.596652 0.8025 -0
    outer loop
      vertex 20.2925 2.45433 0
      vertex 20.261 2.47775 12
      vertex 20.2925 2.45433 12
    endloop
  endfacet
  facet normal 0.596652 0.8025 0
    outer loop
      vertex 20.261 2.47775 12
      vertex 20.2925 2.45433 0
      vertex 20.261 2.47775 0
    endloop
  endfacet
  facet normal 0.648166 0.761499 -0
    outer loop
      vertex 20.261 2.47775 0
      vertex 20.2311 2.5032 12
      vertex 20.261 2.47775 12
    endloop
  endfacet
  facet normal 0.648166 0.761499 0
    outer loop
      vertex 20.2311 2.5032 12
      vertex 20.261 2.47775 0
      vertex 20.2311 2.5032 0
    endloop
  endfacet
  facet normal 0.696205 0.717843 -0
    outer loop
      vertex 20.2311 2.5032 0
      vertex 20.2029 2.53055 12
      vertex 20.2311 2.5032 12
    endloop
  endfacet
  facet normal 0.696205 0.717843 0
    outer loop
      vertex 20.2029 2.53055 12
      vertex 20.2311 2.5032 0
      vertex 20.2029 2.53055 0
    endloop
  endfacet
  facet normal 0.742242 0.670132 0
    outer loop
      vertex 20.2029 2.53055 12
      vertex 20.1766 2.55968 0
      vertex 20.1766 2.55968 12
    endloop
  endfacet
  facet normal 0.742242 0.670132 0
    outer loop
      vertex 20.1766 2.55968 0
      vertex 20.2029 2.53055 12
      vertex 20.2029 2.53055 0
    endloop
  endfacet
  facet normal 0.783741 0.621088 0
    outer loop
      vertex 20.1766 2.55968 12
      vertex 20.1522 2.59047 0
      vertex 20.1522 2.59047 12
    endloop
  endfacet
  facet normal 0.783741 0.621088 0
    outer loop
      vertex 20.1522 2.59047 0
      vertex 20.1766 2.55968 12
      vertex 20.1766 2.55968 0
    endloop
  endfacet
  facet normal 0.82309 0.567911 0
    outer loop
      vertex 20.1522 2.59047 12
      vertex 20.1299 2.62279 0
      vertex 20.1299 2.62279 12
    endloop
  endfacet
  facet normal 0.82309 0.567911 0
    outer loop
      vertex 20.1299 2.62279 0
      vertex 20.1522 2.59047 12
      vertex 20.1522 2.59047 0
    endloop
  endfacet
  facet normal 0.858839 0.512245 0
    outer loop
      vertex 20.1299 2.62279 12
      vertex 20.1098 2.65649 0
      vertex 20.1098 2.65649 12
    endloop
  endfacet
  facet normal 0.858839 0.512245 0
    outer loop
      vertex 20.1098 2.65649 0
      vertex 20.1299 2.62279 12
      vertex 20.1299 2.62279 0
    endloop
  endfacet
  facet normal 0.890056 0.455851 0
    outer loop
      vertex 20.1098 2.65649 12
      vertex 20.0919 2.69144 0
      vertex 20.0919 2.69144 12
    endloop
  endfacet
  facet normal 0.890056 0.455851 0
    outer loop
      vertex 20.0919 2.69144 0
      vertex 20.1098 2.65649 12
      vertex 20.1098 2.65649 0
    endloop
  endfacet
  facet normal 0.917757 0.397143 0
    outer loop
      vertex 20.0919 2.69144 12
      vertex 20.0763 2.72749 0
      vertex 20.0763 2.72749 12
    endloop
  endfacet
  facet normal 0.917757 0.397143 0
    outer loop
      vertex 20.0763 2.72749 0
      vertex 20.0919 2.69144 12
      vertex 20.0919 2.69144 0
    endloop
  endfacet
  facet normal 0.942632 0.333833 0
    outer loop
      vertex 20.0763 2.72749 12
      vertex 20.0632 2.76448 0
      vertex 20.0632 2.76448 12
    endloop
  endfacet
  facet normal 0.942632 0.333833 0
    outer loop
      vertex 20.0632 2.76448 0
      vertex 20.0763 2.72749 12
      vertex 20.0763 2.72749 0
    endloop
  endfacet
  facet normal 0.961466 0.274923 0
    outer loop
      vertex 20.0632 2.76448 12
      vertex 20.0524 2.80225 0
      vertex 20.0524 2.80225 12
    endloop
  endfacet
  facet normal 0.961466 0.274923 0
    outer loop
      vertex 20.0524 2.80225 0
      vertex 20.0632 2.76448 12
      vertex 20.0632 2.76448 0
    endloop
  endfacet
  facet normal 0.979538 0.201261 0
    outer loop
      vertex 20.0524 2.80225 12
      vertex 20.0427 2.84946 0
      vertex 20.0427 2.84946 12
    endloop
  endfacet
  facet normal 0.979538 0.201261 0
    outer loop
      vertex 20.0427 2.84946 0
      vertex 20.0524 2.80225 12
      vertex 20.0524 2.80225 0
    endloop
  endfacet
  facet normal 0.986642 0.162902 0
    outer loop
      vertex 20.0427 2.84946 12
      vertex 19.8609 3.95056 0
      vertex 19.8609 3.95056 12
    endloop
  endfacet
  facet normal 0.986642 0.162902 0
    outer loop
      vertex 19.8609 3.95056 0
      vertex 20.0427 2.84946 12
      vertex 20.0427 2.84946 0
    endloop
  endfacet
  facet normal 0.973883 0.227051 0
    outer loop
      vertex 19.8609 3.95056 12
      vertex 19.6075 5.03746 0
      vertex 19.6075 5.03746 12
    endloop
  endfacet
  facet normal 0.973883 0.227051 0
    outer loop
      vertex 19.6075 5.03746 0
      vertex 19.8609 3.95056 12
      vertex 19.8609 3.95056 0
    endloop
  endfacet
  facet normal 0.98059 0.196067 0
    outer loop
      vertex 19.6075 5.03746 12
      vertex 19.5998 5.07597 0
      vertex 19.5998 5.07597 12
    endloop
  endfacet
  facet normal 0.98059 0.196067 0
    outer loop
      vertex 19.5998 5.07597 0
      vertex 19.6075 5.03746 12
      vertex 19.6075 5.03746 0
    endloop
  endfacet
  facet normal 0.991528 0.129894 0
    outer loop
      vertex 19.5998 5.07597 12
      vertex 19.5947 5.1149 0
      vertex 19.5947 5.1149 12
    endloop
  endfacet
  facet normal 0.991528 0.129894 0
    outer loop
      vertex 19.5947 5.1149 0
      vertex 19.5998 5.07597 12
      vertex 19.5998 5.07597 0
    endloop
  endfacet
  facet normal 0.997804 0.0662316 0
    outer loop
      vertex 19.5947 5.1149 12
      vertex 19.5921 5.15407 0
      vertex 19.5921 5.15407 12
    endloop
  endfacet
  facet normal 0.997804 0.0662316 0
    outer loop
      vertex 19.5921 5.15407 0
      vertex 19.5947 5.1149 12
      vertex 19.5947 5.1149 0
    endloop
  endfacet
  facet normal 1 -0 0
    outer loop
      vertex 19.5921 5.15407 12
      vertex 19.5921 5.19334 0
      vertex 19.5921 5.19334 12
    endloop
  endfacet
  facet normal 1 0 0
    outer loop
      vertex 19.5921 5.19334 0
      vertex 19.5921 5.15407 12
      vertex 19.5921 5.15407 0
    endloop
  endfacet
  facet normal 0.997804 -0.0662316 0
    outer loop
      vertex 19.5921 5.19334 12
      vertex 19.5947 5.23251 0
      vertex 19.5947 5.23251 12
    endloop
  endfacet
  facet normal 0.997804 -0.0662316 0
    outer loop
      vertex 19.5947 5.23251 0
      vertex 19.5921 5.19334 12
      vertex 19.5921 5.19334 0
    endloop
  endfacet
  facet normal 0.991528 -0.129894 0
    outer loop
      vertex 19.5947 5.23251 12
      vertex 19.5998 5.27144 0
      vertex 19.5998 5.27144 12
    endloop
  endfacet
  facet normal 0.991528 -0.129894 0
    outer loop
      vertex 19.5998 5.27144 0
      vertex 19.5947 5.23251 12
      vertex 19.5947 5.23251 0
    endloop
  endfacet
  facet normal 0.98059 -0.196067 0
    outer loop
      vertex 19.5998 5.27144 12
      vertex 19.6075 5.30995 0
      vertex 19.6075 5.30995 12
    endloop
  endfacet
  facet normal 0.98059 -0.196067 0
    outer loop
      vertex 19.6075 5.30995 0
      vertex 19.5998 5.27144 12
      vertex 19.5998 5.27144 0
    endloop
  endfacet
  facet normal 0.966311 -0.257377 0
    outer loop
      vertex 19.6075 5.30995 12
      vertex 19.6176 5.34787 0
      vertex 19.6176 5.34787 12
    endloop
  endfacet
  facet normal 0.966311 -0.257377 0
    outer loop
      vertex 19.6176 5.34787 0
      vertex 19.6075 5.30995 12
      vertex 19.6075 5.30995 0
    endloop
  endfacet
  facet normal 0.946342 -0.323166 0
    outer loop
      vertex 19.6176 5.34787 12
      vertex 19.6303 5.38506 0
      vertex 19.6303 5.38506 12
    endloop
  endfacet
  facet normal 0.946342 -0.323166 0
    outer loop
      vertex 19.6303 5.38506 0
      vertex 19.6176 5.34787 12
      vertex 19.6176 5.34787 0
    endloop
  endfacet
  facet normal 0.924091 -0.382172 0
    outer loop
      vertex 19.6303 5.38506 12
      vertex 19.6453 5.42133 0
      vertex 19.6453 5.42133 12
    endloop
  endfacet
  facet normal 0.924091 -0.382172 0
    outer loop
      vertex 19.6453 5.42133 0
      vertex 19.6303 5.38506 12
      vertex 19.6303 5.38506 0
    endloop
  endfacet
  facet normal 0.897515 -0.440983 0
    outer loop
      vertex 19.6453 5.42133 12
      vertex 19.6626 5.45654 0
      vertex 19.6626 5.45654 12
    endloop
  endfacet
  facet normal 0.897515 -0.440983 0
    outer loop
      vertex 19.6626 5.45654 0
      vertex 19.6453 5.42133 12
      vertex 19.6453 5.42133 0
    endloop
  endfacet
  facet normal 0.865252 -0.501337 0
    outer loop
      vertex 19.6626 5.45654 12
      vertex 19.6823 5.49054 0
      vertex 19.6823 5.49054 12
    endloop
  endfacet
  facet normal 0.865252 -0.501337 0
    outer loop
      vertex 19.6823 5.49054 0
      vertex 19.6626 5.45654 12
      vertex 19.6626 5.45654 0
    endloop
  endfacet
  facet normal 0.831658 -0.555288 0
    outer loop
      vertex 19.6823 5.49054 12
      vertex 19.7041 5.52319 0
      vertex 19.7041 5.52319 12
    endloop
  endfacet
  facet normal 0.831658 -0.555288 0
    outer loop
      vertex 19.7041 5.52319 0
      vertex 19.6823 5.49054 12
      vertex 19.6823 5.49054 0
    endloop
  endfacet
  facet normal 0.793381 -0.608726 0
    outer loop
      vertex 19.7041 5.52319 12
      vertex 19.728 5.55434 0
      vertex 19.728 5.55434 12
    endloop
  endfacet
  facet normal 0.793381 -0.608726 0
    outer loop
      vertex 19.728 5.55434 0
      vertex 19.7041 5.52319 12
      vertex 19.7041 5.52319 0
    endloop
  endfacet
  facet normal 0.751693 -0.659514 0
    outer loop
      vertex 19.728 5.55434 12
      vertex 19.7539 5.58386 0
      vertex 19.7539 5.58386 12
    endloop
  endfacet
  facet normal 0.751693 -0.659514 0
    outer loop
      vertex 19.7539 5.58386 0
      vertex 19.728 5.55434 12
      vertex 19.728 5.55434 0
    endloop
  endfacet
  facet normal 0.707871 -0.706341 0
    outer loop
      vertex 19.7539 5.58386 12
      vertex 19.7816 5.61162 0
      vertex 19.7816 5.61162 12
    endloop
  endfacet
  facet normal 0.707871 -0.706341 0
    outer loop
      vertex 19.7816 5.61162 0
      vertex 19.7539 5.58386 12
      vertex 19.7539 5.58386 0
    endloop
  endfacet
  facet normal 0.658361 -0.752703 0
    outer loop
      vertex 19.7816 5.61162 0
      vertex 19.8112 5.63751 12
      vertex 19.7816 5.61162 12
    endloop
  endfacet
  facet normal 0.658361 -0.752703 0
    outer loop
      vertex 19.8112 5.63751 12
      vertex 19.7816 5.61162 0
      vertex 19.8112 5.63751 0
    endloop
  endfacet
  facet normal 0.609341 -0.792908 0
    outer loop
      vertex 19.8112 5.63751 0
      vertex 19.8423 5.66141 12
      vertex 19.8112 5.63751 12
    endloop
  endfacet
  facet normal 0.609341 -0.792908 0
    outer loop
      vertex 19.8423 5.66141 12
      vertex 19.8112 5.63751 0
      vertex 19.8423 5.66141 0
    endloop
  endfacet
  facet normal 0.555052 -0.831815 0
    outer loop
      vertex 19.8423 5.66141 0
      vertex 19.875 5.68323 12
      vertex 19.8423 5.66141 12
    endloop
  endfacet
  facet normal 0.555052 -0.831815 0
    outer loop
      vertex 19.875 5.68323 12
      vertex 19.8423 5.66141 0
      vertex 19.875 5.68323 0
    endloop
  endfacet
  facet normal 0.500193 -0.865914 0
    outer loop
      vertex 19.875 5.68323 0
      vertex 19.909 5.70287 12
      vertex 19.875 5.68323 12
    endloop
  endfacet
  facet normal 0.500193 -0.865914 0
    outer loop
      vertex 19.909 5.70287 12
      vertex 19.875 5.68323 0
      vertex 19.909 5.70287 0
    endloop
  endfacet
  facet normal 0.442315 -0.89686 0
    outer loop
      vertex 19.909 5.70287 0
      vertex 19.9442 5.72023 12
      vertex 19.909 5.70287 12
    endloop
  endfacet
  facet normal 0.442315 -0.89686 0
    outer loop
      vertex 19.9442 5.72023 12
      vertex 19.909 5.70287 0
      vertex 19.9442 5.72023 0
    endloop
  endfacet
  facet normal 0.382119 -0.924113 0
    outer loop
      vertex 19.9442 5.72023 0
      vertex 19.9805 5.73524 12
      vertex 19.9442 5.72023 12
    endloop
  endfacet
  facet normal 0.382119 -0.924113 0
    outer loop
      vertex 19.9805 5.73524 12
      vertex 19.9442 5.72023 0
      vertex 19.9805 5.73524 0
    endloop
  endfacet
  facet normal 0.314857 -0.949139 0
    outer loop
      vertex 19.9805 5.73524 0
      vertex 20.0262 5.7504 12
      vertex 19.9805 5.73524 12
    endloop
  endfacet
  facet normal 0.314857 -0.949139 0
    outer loop
      vertex 20.0262 5.7504 12
      vertex 19.9805 5.73524 0
      vertex 20.0262 5.7504 0
    endloop
  endfacet
  facet normal 0.275991 -0.96116 0
    outer loop
      vertex 20.0262 5.7504 0
      vertex 21.5959 6.20113 12
      vertex 20.0262 5.7504 12
    endloop
  endfacet
  facet normal 0.275991 -0.96116 0
    outer loop
      vertex 21.5959 6.20113 12
      vertex 20.0262 5.7504 0
      vertex 21.5959 6.20113 0
    endloop
  endfacet
  facet normal 0.339847 -0.940481 0
    outer loop
      vertex 21.5959 6.20113 0
      vertex 21.8808 6.30408 12
      vertex 21.5959 6.20113 12
    endloop
  endfacet
  facet normal 0.339847 -0.940481 0
    outer loop
      vertex 21.8808 6.30408 12
      vertex 21.5959 6.20113 0
      vertex 21.8808 6.30408 0
    endloop
  endfacet
  facet normal 0.44411 -0.895972 0
    outer loop
      vertex 21.8808 6.30408 0
      vertex 22.1559 6.44044 12
      vertex 21.8808 6.30408 12
    endloop
  endfacet
  facet normal 0.44411 -0.895972 0
    outer loop
      vertex 22.1559 6.44044 12
      vertex 21.8808 6.30408 0
      vertex 22.1559 6.44044 0
    endloop
  endfacet
  facet normal 0.501116 -0.86538 0
    outer loop
      vertex 22.1559 6.44044 0
      vertex 22.4249 6.59621 12
      vertex 22.1559 6.44044 12
    endloop
  endfacet
  facet normal 0.501116 -0.86538 0
    outer loop
      vertex 22.4249 6.59621 12
      vertex 22.1559 6.44044 0
      vertex 22.4249 6.59621 0
    endloop
  endfacet
  facet normal 0.545055 -0.8384 0
    outer loop
      vertex 22.4249 6.59621 0
      vertex 22.6891 6.76797 12
      vertex 22.4249 6.59621 12
    endloop
  endfacet
  facet normal 0.545055 -0.8384 0
    outer loop
      vertex 22.6891 6.76797 12
      vertex 22.4249 6.59621 0
      vertex 22.6891 6.76797 0
    endloop
  endfacet
  facet normal 0.58136 -0.813647 0
    outer loop
      vertex 22.6891 6.76797 0
      vertex 22.9489 6.9536 12
      vertex 22.6891 6.76797 12
    endloop
  endfacet
  facet normal 0.58136 -0.813647 0
    outer loop
      vertex 22.9489 6.9536 12
      vertex 22.6891 6.76797 0
      vertex 22.9489 6.9536 0
    endloop
  endfacet
  facet normal 0.613156 -0.789962 0
    outer loop
      vertex 22.9489 6.9536 0
      vertex 23.2042 7.15176 12
      vertex 22.9489 6.9536 12
    endloop
  endfacet
  facet normal 0.613156 -0.789962 0
    outer loop
      vertex 23.2042 7.15176 12
      vertex 22.9489 6.9536 0
      vertex 23.2042 7.15176 0
    endloop
  endfacet
  facet normal 0.641446 -0.767168 0
    outer loop
      vertex 23.2042 7.15176 0
      vertex 23.4553 7.36171 12
      vertex 23.2042 7.15176 12
    endloop
  endfacet
  facet normal 0.641446 -0.767168 0
    outer loop
      vertex 23.4553 7.36171 12
      vertex 23.2042 7.15176 0
      vertex 23.4553 7.36171 0
    endloop
  endfacet
  facet normal 0.666706 -0.74532 0
    outer loop
      vertex 23.4553 7.36171 0
      vertex 23.7018 7.58221 12
      vertex 23.4553 7.36171 12
    endloop
  endfacet
  facet normal 0.666706 -0.74532 0
    outer loop
      vertex 23.7018 7.58221 12
      vertex 23.4553 7.36171 0
      vertex 23.7018 7.58221 0
    endloop
  endfacet
  facet normal 0.69018 -0.723638 0
    outer loop
      vertex 23.7018 7.58221 0
      vertex 23.9449 7.81407 12
      vertex 23.7018 7.58221 12
    endloop
  endfacet
  facet normal 0.69018 -0.723638 0
    outer loop
      vertex 23.9449 7.81407 12
      vertex 23.7018 7.58221 0
      vertex 23.9449 7.81407 0
    endloop
  endfacet
  facet normal 0.711618 -0.702567 0
    outer loop
      vertex 23.9449 7.81407 12
      vertex 24.1832 8.05544 0
      vertex 24.1832 8.05544 12
    endloop
  endfacet
  facet normal 0.711618 -0.702567 0
    outer loop
      vertex 24.1832 8.05544 0
      vertex 23.9449 7.81407 12
      vertex 23.9449 7.81407 0
    endloop
  endfacet
  facet normal 0.731485 -0.681858 0
    outer loop
      vertex 24.1832 8.05544 12
      vertex 24.4176 8.3069 0
      vertex 24.4176 8.3069 12
    endloop
  endfacet
  facet normal 0.731485 -0.681858 0
    outer loop
      vertex 24.4176 8.3069 0
      vertex 24.1832 8.05544 12
      vertex 24.1832 8.05544 0
    endloop
  endfacet
  facet normal 0.750014 -0.661421 0
    outer loop
      vertex 24.4176 8.3069 12
      vertex 24.6471 8.56714 0
      vertex 24.6471 8.56714 12
    endloop
  endfacet
  facet normal 0.750014 -0.661421 0
    outer loop
      vertex 24.6471 8.56714 0
      vertex 24.4176 8.3069 12
      vertex 24.4176 8.3069 0
    endloop
  endfacet
  facet normal 0.767417 -0.641148 0
    outer loop
      vertex 24.6471 8.56714 12
      vertex 24.8727 8.83717 0
      vertex 24.8727 8.83717 12
    endloop
  endfacet
  facet normal 0.767417 -0.641148 0
    outer loop
      vertex 24.8727 8.83717 0
      vertex 24.6471 8.56714 12
      vertex 24.6471 8.56714 0
    endloop
  endfacet
  facet normal 0.783707 -0.621131 0
    outer loop
      vertex 24.8727 8.83717 12
      vertex 25.0933 9.11551 0
      vertex 25.0933 9.11551 12
    endloop
  endfacet
  facet normal 0.783707 -0.621131 0
    outer loop
      vertex 25.0933 9.11551 0
      vertex 24.8727 8.83717 12
      vertex 24.8727 8.83717 0
    endloop
  endfacet
  facet normal 0.799005 -0.601324 0
    outer loop
      vertex 25.0933 9.11551 12
      vertex 25.3097 9.40305 0
      vertex 25.3097 9.40305 12
    endloop
  endfacet
  facet normal 0.799005 -0.601324 0
    outer loop
      vertex 25.3097 9.40305 0
      vertex 25.0933 9.11551 12
      vertex 25.0933 9.11551 0
    endloop
  endfacet
  facet normal 0.923876 0.382692 0
    outer loop
      vertex 25.3097 9.40305 12
      vertex 24.5456 11.2477 0
      vertex 24.5456 11.2477 12
    endloop
  endfacet
  facet normal 0.923876 0.382692 0
    outer loop
      vertex 24.5456 11.2477 0
      vertex 25.3097 9.40305 12
      vertex 25.3097 9.40305 0
    endloop
  endfacet
  facet normal 0.139826 0.990176 -0
    outer loop
      vertex 24.5456 11.2477 0
      vertex 24.1894 11.298 12
      vertex 24.5456 11.2477 12
    endloop
  endfacet
  facet normal 0.139826 0.990176 0
    outer loop
      vertex 24.1894 11.298 12
      vertex 24.5456 11.2477 0
      vertex 24.1894 11.298 0
    endloop
  endfacet
  facet normal 0.114881 0.993379 -0
    outer loop
      vertex 24.1894 11.298 0
      vertex 23.8366 11.3388 12
      vertex 24.1894 11.298 12
    endloop
  endfacet
  facet normal 0.114881 0.993379 0
    outer loop
      vertex 23.8366 11.3388 12
      vertex 24.1894 11.298 0
      vertex 23.8366 11.3388 0
    endloop
  endfacet
  facet normal 0.0891785 0.996016 -0
    outer loop
      vertex 23.8366 11.3388 0
      vertex 23.4859 11.3702 12
      vertex 23.8366 11.3388 12
    endloop
  endfacet
  facet normal 0.0891785 0.996016 0
    outer loop
      vertex 23.4859 11.3702 12
      vertex 23.8366 11.3388 0
      vertex 23.4859 11.3702 0
    endloop
  endfacet
  facet normal 0.0627727 0.998028 -0
    outer loop
      vertex 23.4859 11.3702 0
      vertex 23.1393 11.392 12
      vertex 23.4859 11.3702 12
    endloop
  endfacet
  facet normal 0.0627727 0.998028 0
    outer loop
      vertex 23.1393 11.392 12
      vertex 23.4859 11.3702 0
      vertex 23.1393 11.392 0
    endloop
  endfacet
  facet normal 0.0349844 0.999388 -0
    outer loop
      vertex 23.1393 11.392 0
      vertex 22.7965 11.404 12
      vertex 23.1393 11.392 12
    endloop
  endfacet
  facet normal 0.0349844 0.999388 0
    outer loop
      vertex 22.7965 11.404 12
      vertex 23.1393 11.392 0
      vertex 22.7965 11.404 0
    endloop
  endfacet
  facet normal 0.00647807 0.999979 -0
    outer loop
      vertex 22.7965 11.404 0
      vertex 22.4569 11.4062 12
      vertex 22.7965 11.404 12
    endloop
  endfacet
  facet normal 0.00647807 0.999979 0
    outer loop
      vertex 22.4569 11.4062 12
      vertex 22.7965 11.404 0
      vertex 22.4569 11.4062 0
    endloop
  endfacet
  facet normal -0.0238311 0.999716 0
    outer loop
      vertex 22.4569 11.4062 0
      vertex 22.1213 11.3982 12
      vertex 22.4569 11.4062 12
    endloop
  endfacet
  facet normal -0.0238311 0.999716 0
    outer loop
      vertex 22.1213 11.3982 12
      vertex 22.4569 11.4062 0
      vertex 22.1213 11.3982 0
    endloop
  endfacet
  facet normal -0.0552526 0.998472 0
    outer loop
      vertex 22.1213 11.3982 0
      vertex 21.7906 11.3799 12
      vertex 22.1213 11.3982 12
    endloop
  endfacet
  facet normal -0.0552526 0.998472 0
    outer loop
      vertex 21.7906 11.3799 12
      vertex 22.1213 11.3982 0
      vertex 21.7906 11.3799 0
    endloop
  endfacet
  facet normal -0.0892677 0.996008 0
    outer loop
      vertex 21.7906 11.3799 0
      vertex 21.4648 11.3507 12
      vertex 21.7906 11.3799 12
    endloop
  endfacet
  facet normal -0.0892677 0.996008 0
    outer loop
      vertex 21.4648 11.3507 12
      vertex 21.7906 11.3799 0
      vertex 21.4648 11.3507 0
    endloop
  endfacet
  facet normal -0.125025 0.992154 0
    outer loop
      vertex 21.4648 11.3507 0
      vertex 21.1442 11.3103 12
      vertex 21.4648 11.3507 12
    endloop
  endfacet
  facet normal -0.125025 0.992154 0
    outer loop
      vertex 21.1442 11.3103 12
      vertex 21.4648 11.3507 0
      vertex 21.1442 11.3103 0
    endloop
  endfacet
  facet normal -0.163941 0.98647 0
    outer loop
      vertex 21.1442 11.3103 0
      vertex 20.8295 11.258 12
      vertex 21.1442 11.3103 12
    endloop
  endfacet
  facet normal -0.163941 0.98647 0
    outer loop
      vertex 20.8295 11.258 12
      vertex 21.1442 11.3103 0
      vertex 20.8295 11.258 0
    endloop
  endfacet
  facet normal -0.207385 0.978259 0
    outer loop
      vertex 20.8295 11.258 0
      vertex 20.521 11.1926 12
      vertex 20.8295 11.258 12
    endloop
  endfacet
  facet normal -0.207385 0.978259 0
    outer loop
      vertex 20.521 11.1926 12
      vertex 20.8295 11.258 0
      vertex 20.521 11.1926 0
    endloop
  endfacet
  facet normal -0.257643 0.96624 0
    outer loop
      vertex 20.521 11.1926 0
      vertex 20.2206 11.1125 12
      vertex 20.521 11.1926 12
    endloop
  endfacet
  facet normal -0.257643 0.96624 0
    outer loop
      vertex 20.2206 11.1125 12
      vertex 20.521 11.1926 0
      vertex 20.2206 11.1125 0
    endloop
  endfacet
  facet normal -0.319548 0.94757 0
    outer loop
      vertex 20.2206 11.1125 0
      vertex 19.9297 11.0144 12
      vertex 20.2206 11.1125 12
    endloop
  endfacet
  facet normal -0.319548 0.94757 0
    outer loop
      vertex 19.9297 11.0144 12
      vertex 20.2206 11.1125 0
      vertex 19.9297 11.0144 0
    endloop
  endfacet
  facet normal -0.424747 0.905312 0
    outer loop
      vertex 19.9297 11.0144 0
      vertex 19.6556 10.8858 12
      vertex 19.9297 11.0144 12
    endloop
  endfacet
  facet normal -0.424747 0.905312 0
    outer loop
      vertex 19.6556 10.8858 12
      vertex 19.9297 11.0144 0
      vertex 19.6556 10.8858 0
    endloop
  endfacet
  facet normal -0.484483 0.874801 0
    outer loop
      vertex 19.6556 10.8858 0
      vertex 18.2268 10.0945 12
      vertex 19.6556 10.8858 12
    endloop
  endfacet
  facet normal -0.484483 0.874801 0
    outer loop
      vertex 18.2268 10.0945 12
      vertex 19.6556 10.8858 0
      vertex 18.2268 10.0945 0
    endloop
  endfacet
  facet normal -0.456368 0.889791 0
    outer loop
      vertex 18.2268 10.0945 0
      vertex 18.1919 10.0766 12
      vertex 18.2268 10.0945 12
    endloop
  endfacet
  facet normal -0.456368 0.889791 0
    outer loop
      vertex 18.1919 10.0766 12
      vertex 18.2268 10.0945 0
      vertex 18.1919 10.0766 0
    endloop
  endfacet
  facet normal -0.394534 0.918882 0
    outer loop
      vertex 18.1919 10.0766 0
      vertex 18.1558 10.0611 12
      vertex 18.1919 10.0766 12
    endloop
  endfacet
  facet normal -0.394534 0.918882 0
    outer loop
      vertex 18.1558 10.0611 12
      vertex 18.1919 10.0766 0
      vertex 18.1558 10.0611 0
    endloop
  endfacet
  facet normal -0.336014 0.941857 0
    outer loop
      vertex 18.1558 10.0611 0
      vertex 18.1188 10.0479 12
      vertex 18.1558 10.0611 12
    endloop
  endfacet
  facet normal -0.336014 0.941857 0
    outer loop
      vertex 18.1188 10.0479 12
      vertex 18.1558 10.0611 0
      vertex 18.1188 10.0479 0
    endloop
  endfacet
  facet normal -0.273036 0.962004 0
    outer loop
      vertex 18.1188 10.0479 0
      vertex 18.0811 10.0372 12
      vertex 18.1188 10.0479 12
    endloop
  endfacet
  facet normal -0.273036 0.962004 0
    outer loop
      vertex 18.0811 10.0372 12
      vertex 18.1188 10.0479 0
      vertex 18.0811 10.0372 0
    endloop
  endfacet
  facet normal -0.211267 0.977428 0
    outer loop
      vertex 18.0811 10.0372 0
      vertex 18.0427 10.0289 12
      vertex 18.0811 10.0372 12
    endloop
  endfacet
  facet normal -0.211267 0.977428 0
    outer loop
      vertex 18.0427 10.0289 12
      vertex 18.0811 10.0372 0
      vertex 18.0427 10.0289 0
    endloop
  endfacet
  facet normal -0.144981 0.989434 0
    outer loop
      vertex 18.0427 10.0289 0
      vertex 18.0038 10.0232 12
      vertex 18.0427 10.0289 12
    endloop
  endfacet
  facet normal -0.144981 0.989434 0
    outer loop
      vertex 18.0038 10.0232 12
      vertex 18.0427 10.0289 0
      vertex 18.0038 10.0232 0
    endloop
  endfacet
  facet normal -0.0790359 0.996872 0
    outer loop
      vertex 18.0038 10.0232 0
      vertex 17.9647 10.0201 12
      vertex 18.0038 10.0232 12
    endloop
  endfacet
  facet normal -0.0790359 0.996872 0
    outer loop
      vertex 17.9647 10.0201 12
      vertex 18.0038 10.0232 0
      vertex 17.9647 10.0201 0
    endloop
  endfacet
  facet normal -0.0152654 0.999883 0
    outer loop
      vertex 17.9647 10.0201 0
      vertex 17.9254 10.0195 12
      vertex 17.9647 10.0201 12
    endloop
  endfacet
  facet normal -0.0152654 0.999883 0
    outer loop
      vertex 17.9254 10.0195 12
      vertex 17.9647 10.0201 0
      vertex 17.9254 10.0195 0
    endloop
  endfacet
  facet normal 0.0509541 0.998701 -0
    outer loop
      vertex 17.9254 10.0195 0
      vertex 17.8862 10.0215 12
      vertex 17.9254 10.0195 12
    endloop
  endfacet
  facet normal 0.0509541 0.998701 0
    outer loop
      vertex 17.8862 10.0215 12
      vertex 17.9254 10.0195 0
      vertex 17.8862 10.0215 0
    endloop
  endfacet
  facet normal 0.114624 0.993409 -0
    outer loop
      vertex 17.8862 10.0215 0
      vertex 17.8472 10.026 12
      vertex 17.8862 10.0215 12
    endloop
  endfacet
  facet normal 0.114624 0.993409 0
    outer loop
      vertex 17.8472 10.026 12
      vertex 17.8862 10.0215 0
      vertex 17.8472 10.026 0
    endloop
  endfacet
  facet normal 0.180903 0.983501 -0
    outer loop
      vertex 17.8472 10.026 0
      vertex 17.8086 10.0331 12
      vertex 17.8472 10.026 12
    endloop
  endfacet
  facet normal 0.180903 0.983501 0
    outer loop
      vertex 17.8086 10.0331 12
      vertex 17.8472 10.026 0
      vertex 17.8086 10.0331 0
    endloop
  endfacet
  facet normal 0.244332 0.969692 -0
    outer loop
      vertex 17.8086 10.0331 0
      vertex 17.7705 10.0427 12
      vertex 17.8086 10.0331 12
    endloop
  endfacet
  facet normal 0.244332 0.969692 0
    outer loop
      vertex 17.7705 10.0427 12
      vertex 17.8086 10.0331 0
      vertex 17.7705 10.0427 0
    endloop
  endfacet
  facet normal 0.308567 0.951203 -0
    outer loop
      vertex 17.7705 10.0427 0
      vertex 17.7332 10.0548 12
      vertex 17.7705 10.0427 12
    endloop
  endfacet
  facet normal 0.308567 0.951203 0
    outer loop
      vertex 17.7332 10.0548 12
      vertex 17.7705 10.0427 0
      vertex 17.7332 10.0548 0
    endloop
  endfacet
  facet normal 0.366992 0.930224 -0
    outer loop
      vertex 17.7332 10.0548 0
      vertex 17.6967 10.0692 12
      vertex 17.7332 10.0548 12
    endloop
  endfacet
  facet normal 0.366992 0.930224 0
    outer loop
      vertex 17.6967 10.0692 12
      vertex 17.7332 10.0548 0
      vertex 17.6967 10.0692 0
    endloop
  endfacet
  facet normal 0.429835 0.902908 -0
    outer loop
      vertex 17.6967 10.0692 0
      vertex 17.6612 10.0861 12
      vertex 17.6967 10.0692 12
    endloop
  endfacet
  facet normal 0.429835 0.902908 0
    outer loop
      vertex 17.6612 10.0861 12
      vertex 17.6967 10.0692 0
      vertex 17.6612 10.0861 0
    endloop
  endfacet
  facet normal 0.486508 0.873676 -0
    outer loop
      vertex 17.6612 10.0861 0
      vertex 17.6269 10.1052 12
      vertex 17.6612 10.0861 12
    endloop
  endfacet
  facet normal 0.486508 0.873676 0
    outer loop
      vertex 17.6269 10.1052 12
      vertex 17.6612 10.0861 0
      vertex 17.6269 10.1052 0
    endloop
  endfacet
  facet normal 0.542301 0.840184 -0
    outer loop
      vertex 17.6269 10.1052 0
      vertex 17.5939 10.1265 12
      vertex 17.6269 10.1052 12
    endloop
  endfacet
  facet normal 0.542301 0.840184 0
    outer loop
      vertex 17.5939 10.1265 12
      vertex 17.6269 10.1052 0
      vertex 17.5939 10.1265 0
    endloop
  endfacet
  facet normal 0.597962 0.801524 -0
    outer loop
      vertex 17.5939 10.1265 0
      vertex 17.5624 10.15 12
      vertex 17.5939 10.1265 12
    endloop
  endfacet
  facet normal 0.597962 0.801524 0
    outer loop
      vertex 17.5624 10.15 12
      vertex 17.5939 10.1265 0
      vertex 17.5624 10.15 0
    endloop
  endfacet
  facet normal 0.647426 0.762128 -0
    outer loop
      vertex 17.5624 10.15 0
      vertex 17.5325 10.1754 12
      vertex 17.5624 10.15 12
    endloop
  endfacet
  facet normal 0.647426 0.762128 0
    outer loop
      vertex 17.5325 10.1754 12
      vertex 17.5624 10.15 0
      vertex 17.5325 10.1754 0
    endloop
  endfacet
  facet normal 0.698133 0.715968 -0
    outer loop
      vertex 17.5325 10.1754 0
      vertex 17.5044 10.2028 12
      vertex 17.5325 10.1754 12
    endloop
  endfacet
  facet normal 0.698133 0.715968 0
    outer loop
      vertex 17.5044 10.2028 12
      vertex 17.5325 10.1754 0
      vertex 17.5044 10.2028 0
    endloop
  endfacet
  facet normal 0.740631 0.671912 0
    outer loop
      vertex 17.5044 10.2028 12
      vertex 17.478 10.2319 0
      vertex 17.478 10.2319 12
    endloop
  endfacet
  facet normal 0.740631 0.671912 0
    outer loop
      vertex 17.478 10.2319 0
      vertex 17.5044 10.2028 12
      vertex 17.5044 10.2028 0
    endloop
  endfacet
  facet normal 0.785078 0.619396 0
    outer loop
      vertex 17.478 10.2319 12
      vertex 17.4537 10.2627 0
      vertex 17.4537 10.2627 12
    endloop
  endfacet
  facet normal 0.785078 0.619396 0
    outer loop
      vertex 17.4537 10.2627 0
      vertex 17.478 10.2319 12
      vertex 17.478 10.2319 0
    endloop
  endfacet
  facet normal 0.827235 0.561856 0
    outer loop
      vertex 17.4537 10.2627 12
      vertex 17.4266 10.3026 0
      vertex 17.4266 10.3026 12
    endloop
  endfacet
  facet normal 0.827235 0.561856 0
    outer loop
      vertex 17.4266 10.3026 0
      vertex 17.4537 10.2627 12
      vertex 17.4537 10.2627 0
    endloop
  endfacet
  facet normal 0.849194 0.528081 0
    outer loop
      vertex 17.4266 10.3026 12
      vertex 16.8372 11.2504 0
      vertex 16.8372 11.2504 12
    endloop
  endfacet
  facet normal 0.849194 0.528081 0
    outer loop
      vertex 16.8372 11.2504 0
      vertex 17.4266 10.3026 12
      vertex 17.4266 10.3026 0
    endloop
  endfacet
  facet normal 0.812824 0.582509 0
    outer loop
      vertex 16.8372 11.2504 12
      vertex 16.1872 12.1574 0
      vertex 16.1872 12.1574 12
    endloop
  endfacet
  facet normal 0.812824 0.582509 0
    outer loop
      vertex 16.1872 12.1574 0
      vertex 16.8372 11.2504 12
      vertex 16.8372 11.2504 0
    endloop
  endfacet
  facet normal 0.83205 0.5547 0
    outer loop
      vertex 16.1872 12.1574 12
      vertex 16.1654 12.1901 0
      vertex 16.1654 12.1901 12
    endloop
  endfacet
  facet normal 0.83205 0.5547 0
    outer loop
      vertex 16.1654 12.1901 0
      vertex 16.1872 12.1574 12
      vertex 16.1872 12.1574 0
    endloop
  endfacet
  facet normal 0.866355 0.499428 0
    outer loop
      vertex 16.1654 12.1901 12
      vertex 16.1458 12.2241 0
      vertex 16.1458 12.2241 12
    endloop
  endfacet
  facet normal 0.866355 0.499428 0
    outer loop
      vertex 16.1458 12.2241 0
      vertex 16.1654 12.1901 12
      vertex 16.1654 12.1901 0
    endloop
  endfacet
  facet normal 0.896455 0.443134 0
    outer loop
      vertex 16.1458 12.2241 12
      vertex 16.1284 12.2593 0
      vertex 16.1284 12.2593 12
    endloop
  endfacet
  facet normal 0.896455 0.443134 0
    outer loop
      vertex 16.1284 12.2593 0
      vertex 16.1458 12.2241 12
      vertex 16.1458 12.2241 0
    endloop
  endfacet
  facet normal 0.924203 0.381902 0
    outer loop
      vertex 16.1284 12.2593 12
      vertex 16.1134 12.2956 0
      vertex 16.1134 12.2956 12
    endloop
  endfacet
  facet normal 0.924203 0.381902 0
    outer loop
      vertex 16.1134 12.2956 0
      vertex 16.1284 12.2593 12
      vertex 16.1284 12.2593 0
    endloop
  endfacet
  facet normal 0.946102 0.323868 0
    outer loop
      vertex 16.1134 12.2956 12
      vertex 16.1007 12.3327 0
      vertex 16.1007 12.3327 12
    endloop
  endfacet
  facet normal 0.946102 0.323868 0
    outer loop
      vertex 16.1007 12.3327 0
      vertex 16.1134 12.2956 12
      vertex 16.1134 12.2956 0
    endloop
  endfacet
  facet normal 0.966446 0.256871 0
    outer loop
      vertex 16.1007 12.3327 12
      vertex 16.0906 12.3707 0
      vertex 16.0906 12.3707 12
    endloop
  endfacet
  facet normal 0.966446 0.256871 0
    outer loop
      vertex 16.0906 12.3707 0
      vertex 16.1007 12.3327 12
      vertex 16.1007 12.3327 0
    endloop
  endfacet
  facet normal 0.980581 0.196116 0
    outer loop
      vertex 16.0906 12.3707 12
      vertex 16.0829 12.4092 0
      vertex 16.0829 12.4092 12
    endloop
  endfacet
  facet normal 0.980581 0.196116 0
    outer loop
      vertex 16.0829 12.4092 0
      vertex 16.0906 12.3707 12
      vertex 16.0906 12.3707 0
    endloop
  endfacet
  facet normal 0.991515 0.129993 0
    outer loop
      vertex 16.0829 12.4092 12
      vertex 16.0778 12.4481 0
      vertex 16.0778 12.4481 12
    endloop
  endfacet
  facet normal 0.991515 0.129993 0
    outer loop
      vertex 16.0778 12.4481 0
      vertex 16.0829 12.4092 12
      vertex 16.0829 12.4092 0
    endloop
  endfacet
  facet normal 0.997808 0.0661811 0
    outer loop
      vertex 16.0778 12.4481 12
      vertex 16.0752 12.4873 0
      vertex 16.0752 12.4873 12
    endloop
  endfacet
  facet normal 0.997808 0.0661811 0
    outer loop
      vertex 16.0752 12.4873 0
      vertex 16.0778 12.4481 12
      vertex 16.0778 12.4481 0
    endloop
  endfacet
  facet normal 1 -0 0
    outer loop
      vertex 16.0752 12.4873 12
      vertex 16.0752 12.5266 0
      vertex 16.0752 12.5266 12
    endloop
  endfacet
  facet normal 1 0 0
    outer loop
      vertex 16.0752 12.5266 0
      vertex 16.0752 12.4873 12
      vertex 16.0752 12.4873 0
    endloop
  endfacet
  facet normal 0.997796 -0.0663496 0
    outer loop
      vertex 16.0752 12.5266 12
      vertex 16.0778 12.5657 0
      vertex 16.0778 12.5657 12
    endloop
  endfacet
  facet normal 0.997796 -0.0663496 0
    outer loop
      vertex 16.0778 12.5657 0
      vertex 16.0752 12.5266 12
      vertex 16.0752 12.5266 0
    endloop
  endfacet
  facet normal 0.991558 -0.129665 0
    outer loop
      vertex 16.0778 12.5657 12
      vertex 16.0829 12.6047 0
      vertex 16.0829 12.6047 12
    endloop
  endfacet
  facet normal 0.991558 -0.129665 0
    outer loop
      vertex 16.0829 12.6047 0
      vertex 16.0778 12.5657 12
      vertex 16.0778 12.5657 0
    endloop
  endfacet
  facet normal 0.980581 -0.196116 0
    outer loop
      vertex 16.0829 12.6047 12
      vertex 16.0906 12.6432 0
      vertex 16.0906 12.6432 12
    endloop
  endfacet
  facet normal 0.980581 -0.196116 0
    outer loop
      vertex 16.0906 12.6432 0
      vertex 16.0829 12.6047 12
      vertex 16.0829 12.6047 0
    endloop
  endfacet
  facet normal 0.966277 -0.257504 0
    outer loop
      vertex 16.0906 12.6432 12
      vertex 16.1007 12.6811 0
      vertex 16.1007 12.6811 12
    endloop
  endfacet
  facet normal 0.966277 -0.257504 0
    outer loop
      vertex 16.1007 12.6811 0
      vertex 16.0906 12.6432 12
      vertex 16.0906 12.6432 0
    endloop
  endfacet
  facet normal 0.946369 -0.323088 0
    outer loop
      vertex 16.1007 12.6811 12
      vertex 16.1134 12.7183 0
      vertex 16.1134 12.7183 12
    endloop
  endfacet
  facet normal 0.946369 -0.323088 0
    outer loop
      vertex 16.1134 12.7183 0
      vertex 16.1007 12.6811 12
      vertex 16.1007 12.6811 0
    endloop
  endfacet
  facet normal 0.92383 -0.382803 0
    outer loop
      vertex 16.1134 12.7183 12
      vertex 16.1284 12.7545 0
      vertex 16.1284 12.7545 12
    endloop
  endfacet
  facet normal 0.92383 -0.382803 0
    outer loop
      vertex 16.1284 12.7545 0
      vertex 16.1134 12.7183 12
      vertex 16.1134 12.7183 0
    endloop
  endfacet
  facet normal 0.89796 -0.440077 0
    outer loop
      vertex 16.1284 12.7545 12
      vertex 16.1457 12.7898 0
      vertex 16.1457 12.7898 12
    endloop
  endfacet
  facet normal 0.89796 -0.440077 0
    outer loop
      vertex 16.1457 12.7898 0
      vertex 16.1284 12.7545 12
      vertex 16.1284 12.7545 0
    endloop
  endfacet
  facet normal 0.865252 -0.501337 0
    outer loop
      vertex 16.1457 12.7898 12
      vertex 16.1654 12.8238 0
      vertex 16.1654 12.8238 12
    endloop
  endfacet
  facet normal 0.865252 -0.501337 0
    outer loop
      vertex 16.1654 12.8238 0
      vertex 16.1457 12.7898 12
      vertex 16.1457 12.7898 0
    endloop
  endfacet
  facet normal 0.831265 -0.555877 0
    outer loop
      vertex 16.1654 12.8238 12
      vertex 16.1872 12.8564 0
      vertex 16.1872 12.8564 12
    endloop
  endfacet
  facet normal 0.831265 -0.555877 0
    outer loop
      vertex 16.1872 12.8564 0
      vertex 16.1654 12.8238 12
      vertex 16.1654 12.8238 0
    endloop
  endfacet
  facet normal 0.793852 -0.608111 0
    outer loop
      vertex 16.1872 12.8564 12
      vertex 16.2111 12.8876 0
      vertex 16.2111 12.8876 12
    endloop
  endfacet
  facet normal 0.793852 -0.608111 0
    outer loop
      vertex 16.2111 12.8876 0
      vertex 16.1872 12.8564 12
      vertex 16.1872 12.8564 0
    endloop
  endfacet
  facet normal 0.751471 -0.659766 0
    outer loop
      vertex 16.2111 12.8876 12
      vertex 16.237 12.9171 0
      vertex 16.237 12.9171 12
    endloop
  endfacet
  facet normal 0.751471 -0.659766 0
    outer loop
      vertex 16.237 12.9171 0
      vertex 16.2111 12.8876 12
      vertex 16.2111 12.8876 0
    endloop
  endfacet
  facet normal 0.707107 -0.707107 0
    outer loop
      vertex 16.237 12.9171 0
      vertex 16.2647 12.9448 12
      vertex 16.237 12.9171 12
    endloop
  endfacet
  facet normal 0.707107 -0.707107 0
    outer loop
      vertex 16.2647 12.9448 12
      vertex 16.237 12.9171 0
      vertex 16.2647 12.9448 0
    endloop
  endfacet
  facet normal 0.65335 -0.757056 0
    outer loop
      vertex 16.2647 12.9448 0
      vertex 16.3012 12.9763 12
      vertex 16.2647 12.9448 12
    endloop
  endfacet
  facet normal 0.65335 -0.757056 0
    outer loop
      vertex 16.3012 12.9763 12
      vertex 16.2647 12.9448 0
      vertex 16.3012 12.9763 0
    endloop
  endfacet
  facet normal 0.622812 -0.782372 0
    outer loop
      vertex 16.3012 12.9763 0
      vertex 17.579 13.9935 12
      vertex 16.3012 12.9763 12
    endloop
  endfacet
  facet normal 0.622812 -0.782372 0
    outer loop
      vertex 17.579 13.9935 12
      vertex 16.3012 12.9763 0
      vertex 17.579 13.9935 0
    endloop
  endfacet
  facet normal 0.674003 -0.738729 0
    outer loop
      vertex 17.579 13.9935 0
      vertex 17.8027 14.1976 12
      vertex 17.579 13.9935 12
    endloop
  endfacet
  facet normal 0.674003 -0.738729 0
    outer loop
      vertex 17.8027 14.1976 12
      vertex 17.579 13.9935 0
      vertex 17.8027 14.1976 0
    endloop
  endfacet
  facet normal 0.753081 -0.657928 0
    outer loop
      vertex 17.8027 14.1976 12
      vertex 18.0046 14.4287 0
      vertex 18.0046 14.4287 12
    endloop
  endfacet
  facet normal 0.753081 -0.657928 0
    outer loop
      vertex 18.0046 14.4287 0
      vertex 17.8027 14.1976 12
      vertex 17.8027 14.1976 0
    endloop
  endfacet
  facet normal 0.794221 -0.607629 0
    outer loop
      vertex 18.0046 14.4287 12
      vertex 18.1938 14.676 0
      vertex 18.1938 14.676 12
    endloop
  endfacet
  facet normal 0.794221 -0.607629 0
    outer loop
      vertex 18.1938 14.676 0
      vertex 18.0046 14.4287 12
      vertex 18.0046 14.4287 0
    endloop
  endfacet
  facet normal 0.824394 -0.566016 0
    outer loop
      vertex 18.1938 14.676 12
      vertex 18.3719 14.9354 0
      vertex 18.3719 14.9354 12
    endloop
  endfacet
  facet normal 0.824394 -0.566016 0
    outer loop
      vertex 18.3719 14.9354 0
      vertex 18.1938 14.676 12
      vertex 18.1938 14.676 0
    endloop
  endfacet
  facet normal 0.84856 -0.529099 0
    outer loop
      vertex 18.3719 14.9354 12
      vertex 18.541 15.2066 0
      vertex 18.541 15.2066 12
    endloop
  endfacet
  facet normal 0.84856 -0.529099 0
    outer loop
      vertex 18.541 15.2066 0
      vertex 18.3719 14.9354 12
      vertex 18.3719 14.9354 0
    endloop
  endfacet
  facet normal 0.868757 -0.495238 0
    outer loop
      vertex 18.541 15.2066 12
      vertex 18.7009 15.4871 0
      vertex 18.7009 15.4871 12
    endloop
  endfacet
  facet normal 0.868757 -0.495238 0
    outer loop
      vertex 18.7009 15.4871 0
      vertex 18.541 15.2066 12
      vertex 18.541 15.2066 0
    endloop
  endfacet
  facet normal 0.886154 -0.463391 0
    outer loop
      vertex 18.7009 15.4871 12
      vertex 18.8526 15.7772 0
      vertex 18.8526 15.7772 12
    endloop
  endfacet
  facet normal 0.886154 -0.463391 0
    outer loop
      vertex 18.8526 15.7772 0
      vertex 18.7009 15.4871 12
      vertex 18.7009 15.4871 0
    endloop
  endfacet
  facet normal 0.901207 -0.433389 0
    outer loop
      vertex 18.8526 15.7772 12
      vertex 18.9961 16.0756 0
      vertex 18.9961 16.0756 12
    endloop
  endfacet
  facet normal 0.901207 -0.433389 0
    outer loop
      vertex 18.9961 16.0756 0
      vertex 18.8526 15.7772 12
      vertex 18.8526 15.7772 0
    endloop
  endfacet
  facet normal 0.914535 -0.404506 0
    outer loop
      vertex 18.9961 16.0756 12
      vertex 19.1318 16.3824 0
      vertex 19.1318 16.3824 12
    endloop
  endfacet
  facet normal 0.914535 -0.404506 0
    outer loop
      vertex 19.1318 16.3824 0
      vertex 18.9961 16.0756 12
      vertex 18.9961 16.0756 0
    endloop
  endfacet
  facet normal 0.926348 -0.37667 0
    outer loop
      vertex 19.1318 16.3824 12
      vertex 19.2596 16.6967 0
      vertex 19.2596 16.6967 12
    endloop
  endfacet
  facet normal 0.926348 -0.37667 0
    outer loop
      vertex 19.2596 16.6967 0
      vertex 19.1318 16.3824 12
      vertex 19.1318 16.3824 0
    endloop
  endfacet
  facet normal 0.936723 -0.350071 0
    outer loop
      vertex 19.2596 16.6967 12
      vertex 19.3799 17.0186 0
      vertex 19.3799 17.0186 12
    endloop
  endfacet
  facet normal 0.936723 -0.350071 0
    outer loop
      vertex 19.3799 17.0186 0
      vertex 19.2596 16.6967 12
      vertex 19.2596 16.6967 0
    endloop
  endfacet
  facet normal 0.946001 -0.324162 0
    outer loop
      vertex 19.3799 17.0186 12
      vertex 19.4925 17.3472 0
      vertex 19.4925 17.3472 12
    endloop
  endfacet
  facet normal 0.946001 -0.324162 0
    outer loop
      vertex 19.4925 17.3472 0
      vertex 19.3799 17.0186 12
      vertex 19.3799 17.0186 0
    endloop
  endfacet
  facet normal 0.954379 -0.298599 0
    outer loop
      vertex 19.4925 17.3472 12
      vertex 19.5975 17.6828 0
      vertex 19.5975 17.6828 12
    endloop
  endfacet
  facet normal 0.954379 -0.298599 0
    outer loop
      vertex 19.5975 17.6828 0
      vertex 19.4925 17.3472 12
      vertex 19.4925 17.3472 0
    endloop
  endfacet
  facet normal 0.961778 -0.27383 0
    outer loop
      vertex 19.5975 17.6828 12
      vertex 19.6949 18.0249 0
      vertex 19.6949 18.0249 12
    endloop
  endfacet
  facet normal 0.961778 -0.27383 0
    outer loop
      vertex 19.6949 18.0249 0
      vertex 19.5975 17.6828 12
      vertex 19.5975 17.6828 0
    endloop
  endfacet
  facet normal 0.968282 -0.249861 0
    outer loop
      vertex 19.6949 18.0249 12
      vertex 19.7847 18.3729 0
      vertex 19.7847 18.3729 12
    endloop
  endfacet
  facet normal 0.968282 -0.249861 0
    outer loop
      vertex 19.7847 18.3729 0
      vertex 19.6949 18.0249 12
      vertex 19.6949 18.0249 0
    endloop
  endfacet
  facet normal 0.707107 0.707107 0
    outer loop
      vertex 19.7847 18.3729 12
      vertex 18.3729 19.7847 0
      vertex 18.3729 19.7847 12
    endloop
  endfacet
  facet normal 0.707107 0.707107 0
    outer loop
      vertex 18.3729 19.7847 0
      vertex 19.7847 18.3729 12
      vertex 19.7847 18.3729 0
    endloop
  endfacet
  facet normal -0.249861 0.968282 0
    outer loop
      vertex 18.3729 19.7847 0
      vertex 18.0249 19.6949 12
      vertex 18.3729 19.7847 12
    endloop
  endfacet
  facet normal -0.249861 0.968282 0
    outer loop
      vertex 18.0249 19.6949 12
      vertex 18.3729 19.7847 0
      vertex 18.0249 19.6949 0
    endloop
  endfacet
  facet normal -0.27383 0.961778 0
    outer loop
      vertex 18.0249 19.6949 0
      vertex 17.6828 19.5975 12
      vertex 18.0249 19.6949 12
    endloop
  endfacet
  facet normal -0.27383 0.961778 0
    outer loop
      vertex 17.6828 19.5975 12
      vertex 18.0249 19.6949 0
      vertex 17.6828 19.5975 0
    endloop
  endfacet
  facet normal -0.298599 0.954379 0
    outer loop
      vertex 17.6828 19.5975 0
      vertex 17.3472 19.4925 12
      vertex 17.6828 19.5975 12
    endloop
  endfacet
  facet normal -0.298599 0.954379 0
    outer loop
      vertex 17.3472 19.4925 12
      vertex 17.6828 19.5975 0
      vertex 17.3472 19.4925 0
    endloop
  endfacet
  facet normal -0.324162 0.946001 0
    outer loop
      vertex 17.3472 19.4925 0
      vertex 17.0186 19.3799 12
      vertex 17.3472 19.4925 12
    endloop
  endfacet
  facet normal -0.324162 0.946001 0
    outer loop
      vertex 17.0186 19.3799 12
      vertex 17.3472 19.4925 0
      vertex 17.0186 19.3799 0
    endloop
  endfacet
  facet normal -0.350071 0.936723 0
    outer loop
      vertex 17.0186 19.3799 0
      vertex 16.6967 19.2596 12
      vertex 17.0186 19.3799 12
    endloop
  endfacet
  facet normal -0.350071 0.936723 0
    outer loop
      vertex 16.6967 19.2596 12
      vertex 17.0186 19.3799 0
      vertex 16.6967 19.2596 0
    endloop
  endfacet
  facet normal -0.37667 0.926348 0
    outer loop
      vertex 16.6967 19.2596 0
      vertex 16.3824 19.1318 12
      vertex 16.6967 19.2596 12
    endloop
  endfacet
  facet normal -0.37667 0.926348 0
    outer loop
      vertex 16.3824 19.1318 12
      vertex 16.6967 19.2596 0
      vertex 16.3824 19.1318 0
    endloop
  endfacet
  facet normal -0.404506 0.914535 0
    outer loop
      vertex 16.3824 19.1318 0
      vertex 16.0756 18.9961 12
      vertex 16.3824 19.1318 12
    endloop
  endfacet
  facet normal -0.404506 0.914535 0
    outer loop
      vertex 16.0756 18.9961 12
      vertex 16.3824 19.1318 0
      vertex 16.0756 18.9961 0
    endloop
  endfacet
  facet normal -0.433389 0.901207 0
    outer loop
      vertex 16.0756 18.9961 0
      vertex 15.7772 18.8526 12
      vertex 16.0756 18.9961 12
    endloop
  endfacet
  facet normal -0.433389 0.901207 0
    outer loop
      vertex 15.7772 18.8526 12
      vertex 16.0756 18.9961 0
      vertex 15.7772 18.8526 0
    endloop
  endfacet
  facet normal -0.463391 0.886154 0
    outer loop
      vertex 15.7772 18.8526 0
      vertex 15.4871 18.7009 12
      vertex 15.7772 18.8526 12
    endloop
  endfacet
  facet normal -0.463391 0.886154 0
    outer loop
      vertex 15.4871 18.7009 12
      vertex 15.7772 18.8526 0
      vertex 15.4871 18.7009 0
    endloop
  endfacet
  facet normal -0.495238 0.868757 0
    outer loop
      vertex 15.4871 18.7009 0
      vertex 15.2066 18.541 12
      vertex 15.4871 18.7009 12
    endloop
  endfacet
  facet normal -0.495238 0.868757 0
    outer loop
      vertex 15.2066 18.541 12
      vertex 15.4871 18.7009 0
      vertex 15.2066 18.541 0
    endloop
  endfacet
  facet normal -0.529099 0.84856 0
    outer loop
      vertex 15.2066 18.541 0
      vertex 14.9354 18.3719 12
      vertex 15.2066 18.541 12
    endloop
  endfacet
  facet normal -0.529099 0.84856 0
    outer loop
      vertex 14.9354 18.3719 12
      vertex 15.2066 18.541 0
      vertex 14.9354 18.3719 0
    endloop
  endfacet
  facet normal -0.566016 0.824394 0
    outer loop
      vertex 14.9354 18.3719 0
      vertex 14.676 18.1938 12
      vertex 14.9354 18.3719 12
    endloop
  endfacet
  facet normal -0.566016 0.824394 0
    outer loop
      vertex 14.676 18.1938 12
      vertex 14.9354 18.3719 0
      vertex 14.676 18.1938 0
    endloop
  endfacet
  facet normal -0.607629 0.794221 0
    outer loop
      vertex 14.676 18.1938 0
      vertex 14.4287 18.0046 12
      vertex 14.676 18.1938 12
    endloop
  endfacet
  facet normal -0.607629 0.794221 0
    outer loop
      vertex 14.4287 18.0046 12
      vertex 14.676 18.1938 0
      vertex 14.4287 18.0046 0
    endloop
  endfacet
  facet normal -0.657928 0.753081 0
    outer loop
      vertex 14.4287 18.0046 0
      vertex 14.1976 17.8027 12
      vertex 14.4287 18.0046 12
    endloop
  endfacet
  facet normal -0.657928 0.753081 0
    outer loop
      vertex 14.1976 17.8027 12
      vertex 14.4287 18.0046 0
      vertex 14.1976 17.8027 0
    endloop
  endfacet
  facet normal -0.738729 0.674003 0
    outer loop
      vertex 13.9935 17.579 0
      vertex 14.1976 17.8027 12
      vertex 14.1976 17.8027 0
    endloop
  endfacet
  facet normal -0.738729 0.674003 0
    outer loop
      vertex 14.1976 17.8027 12
      vertex 13.9935 17.579 0
      vertex 13.9935 17.579 12
    endloop
  endfacet
  facet normal -0.782372 0.622812 0
    outer loop
      vertex 12.9763 16.3012 0
      vertex 13.9935 17.579 12
      vertex 13.9935 17.579 0
    endloop
  endfacet
  facet normal -0.782372 0.622812 0
    outer loop
      vertex 13.9935 17.579 12
      vertex 12.9763 16.3012 0
      vertex 12.9763 16.3012 12
    endloop
  endfacet
  facet normal -0.762128 0.647426 0
    outer loop
      vertex 12.9509 16.2713 0
      vertex 12.9763 16.3012 12
      vertex 12.9763 16.3012 0
    endloop
  endfacet
  facet normal -0.762128 0.647426 0
    outer loop
      vertex 12.9763 16.3012 12
      vertex 12.9509 16.2713 0
      vertex 12.9509 16.2713 12
    endloop
  endfacet
  facet normal -0.718479 0.695549 0
    outer loop
      vertex 12.9236 16.2431 0
      vertex 12.9509 16.2713 12
      vertex 12.9509 16.2713 0
    endloop
  endfacet
  facet normal -0.718479 0.695549 0
    outer loop
      vertex 12.9509 16.2713 12
      vertex 12.9236 16.2431 0
      vertex 12.9236 16.2431 12
    endloop
  endfacet
  facet normal -0.669246 0.743041 0
    outer loop
      vertex 12.9236 16.2431 0
      vertex 12.8944 16.2168 12
      vertex 12.9236 16.2431 12
    endloop
  endfacet
  facet normal -0.669246 0.743041 0
    outer loop
      vertex 12.8944 16.2168 12
      vertex 12.9236 16.2431 0
      vertex 12.8944 16.2168 0
    endloop
  endfacet
  facet normal -0.620964 0.783839 0
    outer loop
      vertex 12.8944 16.2168 0
      vertex 12.8636 16.1924 12
      vertex 12.8944 16.2168 12
    endloop
  endfacet
  facet normal -0.620964 0.783839 0
    outer loop
      vertex 12.8636 16.1924 12
      vertex 12.8944 16.2168 0
      vertex 12.8636 16.1924 0
    endloop
  endfacet
  facet normal -0.566421 0.824116 0
    outer loop
      vertex 12.8636 16.1924 0
      vertex 12.8313 16.1702 12
      vertex 12.8636 16.1924 12
    endloop
  endfacet
  facet normal -0.566421 0.824116 0
    outer loop
      vertex 12.8313 16.1702 12
      vertex 12.8636 16.1924 0
      vertex 12.8313 16.1702 0
    endloop
  endfacet
  facet normal -0.514121 0.857717 0
    outer loop
      vertex 12.8313 16.1702 0
      vertex 12.7976 16.15 12
      vertex 12.8313 16.1702 12
    endloop
  endfacet
  facet normal -0.514121 0.857717 0
    outer loop
      vertex 12.7976 16.15 12
      vertex 12.8313 16.1702 0
      vertex 12.7976 16.15 0
    endloop
  endfacet
  facet normal -0.456368 0.889791 0
    outer loop
      vertex 12.7976 16.15 0
      vertex 12.7627 16.1321 12
      vertex 12.7976 16.15 12
    endloop
  endfacet
  facet normal -0.456368 0.889791 0
    outer loop
      vertex 12.7627 16.1321 12
      vertex 12.7976 16.15 0
      vertex 12.7627 16.1321 0
    endloop
  endfacet
  facet normal -0.394534 0.918882 0
    outer loop
      vertex 12.7627 16.1321 0
      vertex 12.7266 16.1166 12
      vertex 12.7627 16.1321 12
    endloop
  endfacet
  facet normal -0.394534 0.918882 0
    outer loop
      vertex 12.7266 16.1166 12
      vertex 12.7627 16.1321 0
      vertex 12.7266 16.1166 0
    endloop
  endfacet
  facet normal -0.336014 0.941857 0
    outer loop
      vertex 12.7266 16.1166 0
      vertex 12.6896 16.1034 12
      vertex 12.7266 16.1166 12
    endloop
  endfacet
  facet normal -0.336014 0.941857 0
    outer loop
      vertex 12.6896 16.1034 12
      vertex 12.7266 16.1166 0
      vertex 12.6896 16.1034 0
    endloop
  endfacet
  facet normal -0.273036 0.962004 0
    outer loop
      vertex 12.6896 16.1034 0
      vertex 12.6519 16.0927 12
      vertex 12.6896 16.1034 12
    endloop
  endfacet
  facet normal -0.273036 0.962004 0
    outer loop
      vertex 12.6519 16.0927 12
      vertex 12.6896 16.1034 0
      vertex 12.6519 16.0927 0
    endloop
  endfacet
  facet normal -0.211267 0.977428 0
    outer loop
      vertex 12.6519 16.0927 0
      vertex 12.6135 16.0844 12
      vertex 12.6519 16.0927 12
    endloop
  endfacet
  facet normal -0.211267 0.977428 0
    outer loop
      vertex 12.6135 16.0844 12
      vertex 12.6519 16.0927 0
      vertex 12.6135 16.0844 0
    endloop
  endfacet
  facet normal -0.144981 0.989434 0
    outer loop
      vertex 12.6135 16.0844 0
      vertex 12.5746 16.0787 12
      vertex 12.6135 16.0844 12
    endloop
  endfacet
  facet normal -0.144981 0.989434 0
    outer loop
      vertex 12.5746 16.0787 12
      vertex 12.6135 16.0844 0
      vertex 12.5746 16.0787 0
    endloop
  endfacet
  facet normal -0.0790359 0.996872 0
    outer loop
      vertex 12.5746 16.0787 0
      vertex 12.5355 16.0756 12
      vertex 12.5746 16.0787 12
    endloop
  endfacet
  facet normal -0.0790359 0.996872 0
    outer loop
      vertex 12.5355 16.0756 12
      vertex 12.5746 16.0787 0
      vertex 12.5355 16.0756 0
    endloop
  endfacet
  facet normal -0.0152654 0.999883 0
    outer loop
      vertex 12.5355 16.0756 0
      vertex 12.4962 16.075 12
      vertex 12.5355 16.0756 12
    endloop
  endfacet
  facet normal -0.0152654 0.999883 0
    outer loop
      vertex 12.4962 16.075 12
      vertex 12.5355 16.0756 0
      vertex 12.4962 16.075 0
    endloop
  endfacet
  facet normal 0.0509541 0.998701 -0
    outer loop
      vertex 12.4962 16.075 0
      vertex 12.457 16.077 12
      vertex 12.4962 16.075 12
    endloop
  endfacet
  facet normal 0.0509541 0.998701 0
    outer loop
      vertex 12.457 16.077 12
      vertex 12.4962 16.075 0
      vertex 12.457 16.077 0
    endloop
  endfacet
  facet normal 0.114624 0.993409 -0
    outer loop
      vertex 12.457 16.077 0
      vertex 12.418 16.0815 12
      vertex 12.457 16.077 12
    endloop
  endfacet
  facet normal 0.114624 0.993409 0
    outer loop
      vertex 12.418 16.0815 12
      vertex 12.457 16.077 0
      vertex 12.418 16.0815 0
    endloop
  endfacet
  facet normal 0.180903 0.983501 -0
    outer loop
      vertex 12.418 16.0815 0
      vertex 12.3794 16.0886 12
      vertex 12.418 16.0815 12
    endloop
  endfacet
  facet normal 0.180903 0.983501 0
    outer loop
      vertex 12.3794 16.0886 12
      vertex 12.418 16.0815 0
      vertex 12.3794 16.0886 0
    endloop
  endfacet
  facet normal 0.244332 0.969692 -0
    outer loop
      vertex 12.3794 16.0886 0
      vertex 12.3413 16.0982 12
      vertex 12.3794 16.0886 12
    endloop
  endfacet
  facet normal 0.244332 0.969692 0
    outer loop
      vertex 12.3413 16.0982 12
      vertex 12.3794 16.0886 0
      vertex 12.3413 16.0982 0
    endloop
  endfacet
  facet normal 0.308567 0.951203 -0
    outer loop
      vertex 12.3413 16.0982 0
      vertex 12.304 16.1103 12
      vertex 12.3413 16.0982 12
    endloop
  endfacet
  facet normal 0.308567 0.951203 0
    outer loop
      vertex 12.304 16.1103 12
      vertex 12.3413 16.0982 0
      vertex 12.304 16.1103 0
    endloop
  endfacet
  facet normal 0.369195 0.929352 -0
    outer loop
      vertex 12.304 16.1103 0
      vertex 12.2675 16.1248 12
      vertex 12.304 16.1103 12
    endloop
  endfacet
  facet normal 0.369195 0.929352 0
    outer loop
      vertex 12.2675 16.1248 12
      vertex 12.304 16.1103 0
      vertex 12.2675 16.1248 0
    endloop
  endfacet
  facet normal 0.427758 0.903893 -0
    outer loop
      vertex 12.2675 16.1248 0
      vertex 12.232 16.1416 12
      vertex 12.2675 16.1248 12
    endloop
  endfacet
  facet normal 0.427758 0.903893 0
    outer loop
      vertex 12.232 16.1416 12
      vertex 12.2675 16.1248 0
      vertex 12.232 16.1416 0
    endloop
  endfacet
  facet normal 0.486508 0.873676 -0
    outer loop
      vertex 12.232 16.1416 0
      vertex 12.1977 16.1607 12
      vertex 12.232 16.1416 12
    endloop
  endfacet
  facet normal 0.486508 0.873676 0
    outer loop
      vertex 12.1977 16.1607 12
      vertex 12.232 16.1416 0
      vertex 12.1977 16.1607 0
    endloop
  endfacet
  facet normal 0.549426 0.835542 -0
    outer loop
      vertex 12.1977 16.1607 0
      vertex 12.1574 16.1872 12
      vertex 12.1977 16.1607 12
    endloop
  endfacet
  facet normal 0.549426 0.835542 0
    outer loop
      vertex 12.1574 16.1872 12
      vertex 12.1977 16.1607 0
      vertex 12.1574 16.1872 0
    endloop
  endfacet
  facet normal 0.582509 0.812824 -0
    outer loop
      vertex 12.1574 16.1872 0
      vertex 11.2504 16.8372 12
      vertex 12.1574 16.1872 12
    endloop
  endfacet
  facet normal 0.582509 0.812824 0
    outer loop
      vertex 11.2504 16.8372 12
      vertex 12.1574 16.1872 0
      vertex 11.2504 16.8372 0
    endloop
  endfacet
  facet normal 0.528081 0.849194 -0
    outer loop
      vertex 11.2504 16.8372 0
      vertex 10.3026 17.4266 12
      vertex 11.2504 16.8372 12
    endloop
  endfacet
  facet normal 0.528081 0.849194 0
    outer loop
      vertex 10.3026 17.4266 12
      vertex 11.2504 16.8372 0
      vertex 10.3026 17.4266 0
    endloop
  endfacet
  facet normal 0.5547 0.83205 -0
    outer loop
      vertex 10.3026 17.4266 0
      vertex 10.2699 17.4484 12
      vertex 10.3026 17.4266 12
    endloop
  endfacet
  facet normal 0.5547 0.83205 0
    outer loop
      vertex 10.2699 17.4484 12
      vertex 10.3026 17.4266 0
      vertex 10.2699 17.4484 0
    endloop
  endfacet
  facet normal 0.609341 0.792908 -0
    outer loop
      vertex 10.2699 17.4484 0
      vertex 10.2388 17.4723 12
      vertex 10.2699 17.4484 12
    endloop
  endfacet
  facet normal 0.609341 0.792908 0
    outer loop
      vertex 10.2388 17.4723 12
      vertex 10.2699 17.4484 0
      vertex 10.2388 17.4723 0
    endloop
  endfacet
  facet normal 0.658505 0.752577 -0
    outer loop
      vertex 10.2388 17.4723 0
      vertex 10.2092 17.4982 12
      vertex 10.2388 17.4723 12
    endloop
  endfacet
  facet normal 0.658505 0.752577 0
    outer loop
      vertex 10.2092 17.4982 12
      vertex 10.2388 17.4723 0
      vertex 10.2092 17.4982 0
    endloop
  endfacet
  facet normal 0.70838 0.705832 0
    outer loop
      vertex 10.2092 17.4982 12
      vertex 10.1815 17.526 0
      vertex 10.1815 17.526 12
    endloop
  endfacet
  facet normal 0.70838 0.705832 0
    outer loop
      vertex 10.1815 17.526 0
      vertex 10.2092 17.4982 12
      vertex 10.2092 17.4982 0
    endloop
  endfacet
  facet normal 0.751471 0.659766 0
    outer loop
      vertex 10.1815 17.526 12
      vertex 10.1556 17.5555 0
      vertex 10.1556 17.5555 12
    endloop
  endfacet
  facet normal 0.751471 0.659766 0
    outer loop
      vertex 10.1556 17.5555 0
      vertex 10.1815 17.526 12
      vertex 10.1815 17.526 0
    endloop
  endfacet
  facet normal 0.792908 0.609341 0
    outer loop
      vertex 10.1556 17.5555 12
      vertex 10.1317 17.5866 0
      vertex 10.1317 17.5866 12
    endloop
  endfacet
  facet normal 0.792908 0.609341 0
    outer loop
      vertex 10.1317 17.5866 0
      vertex 10.1556 17.5555 12
      vertex 10.1556 17.5555 0
    endloop
  endfacet
  facet normal 0.83205 0.5547 0
    outer loop
      vertex 10.1317 17.5866 12
      vertex 10.1099 17.6193 0
      vertex 10.1099 17.6193 12
    endloop
  endfacet
  facet normal 0.83205 0.5547 0
    outer loop
      vertex 10.1099 17.6193 0
      vertex 10.1317 17.5866 12
      vertex 10.1317 17.5866 0
    endloop
  endfacet
  facet normal 0.865252 0.501337 0
    outer loop
      vertex 10.1099 17.6193 12
      vertex 10.0902 17.6533 0
      vertex 10.0902 17.6533 12
    endloop
  endfacet
  facet normal 0.865252 0.501337 0
    outer loop
      vertex 10.0902 17.6533 0
      vertex 10.1099 17.6193 12
      vertex 10.1099 17.6193 0
    endloop
  endfacet
  facet normal 0.897466 0.441084 0
    outer loop
      vertex 10.0902 17.6533 12
      vertex 10.0729 17.6885 0
      vertex 10.0729 17.6885 12
    endloop
  endfacet
  facet normal 0.897466 0.441084 0
    outer loop
      vertex 10.0729 17.6885 0
      vertex 10.0902 17.6533 12
      vertex 10.0902 17.6533 0
    endloop
  endfacet
  facet normal 0.924203 0.381902 0
    outer loop
      vertex 10.0729 17.6885 12
      vertex 10.0579 17.7248 0
      vertex 10.0579 17.7248 12
    endloop
  endfacet
  facet normal 0.924203 0.381902 0
    outer loop
      vertex 10.0579 17.7248 0
      vertex 10.0729 17.6885 12
      vertex 10.0729 17.6885 0
    endloop
  endfacet
  facet normal 0.946102 0.323868 0
    outer loop
      vertex 10.0579 17.7248 12
      vertex 10.0452 17.7619 0
      vertex 10.0452 17.7619 12
    endloop
  endfacet
  facet normal 0.946102 0.323868 0
    outer loop
      vertex 10.0452 17.7619 0
      vertex 10.0579 17.7248 12
      vertex 10.0579 17.7248 0
    endloop
  endfacet
  facet normal 0.966446 0.256871 0
    outer loop
      vertex 10.0452 17.7619 12
      vertex 10.0351 17.7999 0
      vertex 10.0351 17.7999 12
    endloop
  endfacet
  facet normal 0.966446 0.256871 0
    outer loop
      vertex 10.0351 17.7999 0
      vertex 10.0452 17.7619 12
      vertex 10.0452 17.7619 0
    endloop
  endfacet
  facet normal 0.980581 0.196116 0
    outer loop
      vertex 10.0351 17.7999 12
      vertex 10.0274 17.8384 0
      vertex 10.0274 17.8384 12
    endloop
  endfacet
  facet normal 0.980581 0.196116 0
    outer loop
      vertex 10.0274 17.8384 0
      vertex 10.0351 17.7999 12
      vertex 10.0351 17.7999 0
    endloop
  endfacet
  facet normal 0.991515 0.129993 0
    outer loop
      vertex 10.0274 17.8384 12
      vertex 10.0223 17.8773 0
      vertex 10.0223 17.8773 12
    endloop
  endfacet
  facet normal 0.991515 0.129993 0
    outer loop
      vertex 10.0223 17.8773 0
      vertex 10.0274 17.8384 12
      vertex 10.0274 17.8384 0
    endloop
  endfacet
  facet normal 0.997808 0.0661811 0
    outer loop
      vertex 10.0223 17.8773 12
      vertex 10.0197 17.9165 0
      vertex 10.0197 17.9165 12
    endloop
  endfacet
  facet normal 0.997808 0.0661811 0
    outer loop
      vertex 10.0197 17.9165 0
      vertex 10.0223 17.8773 12
      vertex 10.0223 17.8773 0
    endloop
  endfacet
  facet normal 1 -0 0
    outer loop
      vertex 10.0197 17.9165 12
      vertex 10.0197 17.9557 0
      vertex 10.0197 17.9557 12
    endloop
  endfacet
  facet normal 1 0 0
    outer loop
      vertex 10.0197 17.9557 0
      vertex 10.0197 17.9165 12
      vertex 10.0197 17.9165 0
    endloop
  endfacet
  facet normal 0.997808 -0.0661811 0
    outer loop
      vertex 10.0197 17.9557 12
      vertex 10.0223 17.9949 0
      vertex 10.0223 17.9949 12
    endloop
  endfacet
  facet normal 0.997808 -0.0661811 0
    outer loop
      vertex 10.0223 17.9949 0
      vertex 10.0197 17.9557 12
      vertex 10.0197 17.9557 0
    endloop
  endfacet
  facet normal 0.991515 -0.129993 0
    outer loop
      vertex 10.0223 17.9949 12
      vertex 10.0274 18.0338 0
      vertex 10.0274 18.0338 12
    endloop
  endfacet
  facet normal 0.991515 -0.129993 0
    outer loop
      vertex 10.0274 18.0338 0
      vertex 10.0223 17.9949 12
      vertex 10.0223 17.9949 0
    endloop
  endfacet
  facet normal 0.980678 -0.195628 0
    outer loop
      vertex 10.0274 18.0338 12
      vertex 10.0351 18.0724 0
      vertex 10.0351 18.0724 12
    endloop
  endfacet
  facet normal 0.980678 -0.195628 0
    outer loop
      vertex 10.0351 18.0724 0
      vertex 10.0274 18.0338 12
      vertex 10.0274 18.0338 0
    endloop
  endfacet
  facet normal 0.966277 -0.257504 0
    outer loop
      vertex 10.0351 18.0724 12
      vertex 10.0452 18.1103 0
      vertex 10.0452 18.1103 12
    endloop
  endfacet
  facet normal 0.966277 -0.257504 0
    outer loop
      vertex 10.0452 18.1103 0
      vertex 10.0351 18.0724 12
      vertex 10.0351 18.0724 0
    endloop
  endfacet
  facet normal 0.946369 -0.323088 0
    outer loop
      vertex 10.0452 18.1103 12
      vertex 10.0579 18.1475 0
      vertex 10.0579 18.1475 12
    endloop
  endfacet
  facet normal 0.946369 -0.323088 0
    outer loop
      vertex 10.0579 18.1475 0
      vertex 10.0452 18.1103 12
      vertex 10.0452 18.1103 0
    endloop
  endfacet
  facet normal 0.92383 -0.382803 0
    outer loop
      vertex 10.0579 18.1475 12
      vertex 10.0729 18.1837 0
      vertex 10.0729 18.1837 12
    endloop
  endfacet
  facet normal 0.92383 -0.382803 0
    outer loop
      vertex 10.0729 18.1837 0
      vertex 10.0579 18.1475 12
      vertex 10.0579 18.1475 0
    endloop
  endfacet
  facet normal 0.894012 -0.448043 0
    outer loop
      vertex 10.0729 18.1837 12
      vertex 10.0945 18.2268 0
      vertex 10.0945 18.2268 12
    endloop
  endfacet
  facet normal 0.894012 -0.448043 0
    outer loop
      vertex 10.0945 18.2268 0
      vertex 10.0729 18.1837 12
      vertex 10.0729 18.1837 0
    endloop
  endfacet
  facet normal 0.874801 -0.484483 0
    outer loop
      vertex 10.0945 18.2268 12
      vertex 10.8858 19.6556 0
      vertex 10.8858 19.6556 12
    endloop
  endfacet
  facet normal 0.874801 -0.484483 0
    outer loop
      vertex 10.8858 19.6556 0
      vertex 10.0945 18.2268 12
      vertex 10.0945 18.2268 0
    endloop
  endfacet
  facet normal 0.905312 -0.424747 0
    outer loop
      vertex 10.8858 19.6556 12
      vertex 11.0144 19.9297 0
      vertex 11.0144 19.9297 12
    endloop
  endfacet
  facet normal 0.905312 -0.424747 0
    outer loop
      vertex 11.0144 19.9297 0
      vertex 10.8858 19.6556 12
      vertex 10.8858 19.6556 0
    endloop
  endfacet
  facet normal 0.94757 -0.319548 0
    outer loop
      vertex 11.0144 19.9297 12
      vertex 11.1125 20.2206 0
      vertex 11.1125 20.2206 12
    endloop
  endfacet
  facet normal 0.94757 -0.319548 0
    outer loop
      vertex 11.1125 20.2206 0
      vertex 11.0144 19.9297 12
      vertex 11.0144 19.9297 0
    endloop
  endfacet
  facet normal 0.96624 -0.257643 0
    outer loop
      vertex 11.1125 20.2206 12
      vertex 11.1926 20.521 0
      vertex 11.1926 20.521 12
    endloop
  endfacet
  facet normal 0.96624 -0.257643 0
    outer loop
      vertex 11.1926 20.521 0
      vertex 11.1125 20.2206 12
      vertex 11.1125 20.2206 0
    endloop
  endfacet
  facet normal 0.978259 -0.207385 0
    outer loop
      vertex 11.1926 20.521 12
      vertex 11.258 20.8295 0
      vertex 11.258 20.8295 12
    endloop
  endfacet
  facet normal 0.978259 -0.207385 0
    outer loop
      vertex 11.258 20.8295 0
      vertex 11.1926 20.521 12
      vertex 11.1926 20.521 0
    endloop
  endfacet
  facet normal 0.98647 -0.163941 0
    outer loop
      vertex 11.258 20.8295 12
      vertex 11.3103 21.1442 0
      vertex 11.3103 21.1442 12
    endloop
  endfacet
  facet normal 0.98647 -0.163941 0
    outer loop
      vertex 11.3103 21.1442 0
      vertex 11.258 20.8295 12
      vertex 11.258 20.8295 0
    endloop
  endfacet
  facet normal 0.992154 -0.125025 0
    outer loop
      vertex 11.3103 21.1442 12
      vertex 11.3507 21.4648 0
      vertex 11.3507 21.4648 12
    endloop
  endfacet
  facet normal 0.992154 -0.125025 0
    outer loop
      vertex 11.3507 21.4648 0
      vertex 11.3103 21.1442 12
      vertex 11.3103 21.1442 0
    endloop
  endfacet
  facet normal 0.996008 -0.0892677 0
    outer loop
      vertex 11.3507 21.4648 12
      vertex 11.3799 21.7906 0
      vertex 11.3799 21.7906 12
    endloop
  endfacet
  facet normal 0.996008 -0.0892677 0
    outer loop
      vertex 11.3799 21.7906 0
      vertex 11.3507 21.4648 12
      vertex 11.3507 21.4648 0
    endloop
  endfacet
  facet normal 0.998472 -0.0552526 0
    outer loop
      vertex 11.3799 21.7906 12
      vertex 11.3982 22.1213 0
      vertex 11.3982 22.1213 12
    endloop
  endfacet
  facet normal 0.998472 -0.0552526 0
    outer loop
      vertex 11.3982 22.1213 0
      vertex 11.3799 21.7906 12
      vertex 11.3799 21.7906 0
    endloop
  endfacet
  facet normal 0.999716 -0.0238311 0
    outer loop
      vertex 11.3982 22.1213 12
      vertex 11.4062 22.4569 0
      vertex 11.4062 22.4569 12
    endloop
  endfacet
  facet normal 0.999716 -0.0238311 0
    outer loop
      vertex 11.4062 22.4569 0
      vertex 11.3982 22.1213 12
      vertex 11.3982 22.1213 0
    endloop
  endfacet
  facet normal 0.999979 0.00647807 0
    outer loop
      vertex 11.4062 22.4569 12
      vertex 11.404 22.7965 0
      vertex 11.404 22.7965 12
    endloop
  endfacet
  facet normal 0.999979 0.00647807 0
    outer loop
      vertex 11.404 22.7965 0
      vertex 11.4062 22.4569 12
      vertex 11.4062 22.4569 0
    endloop
  endfacet
  facet normal 0.999388 0.0349844 0
    outer loop
      vertex 11.404 22.7965 12
      vertex 11.392 23.1393 0
      vertex 11.392 23.1393 12
    endloop
  endfacet
  facet normal 0.999388 0.0349844 0
    outer loop
      vertex 11.392 23.1393 0
      vertex 11.404 22.7965 12
      vertex 11.404 22.7965 0
    endloop
  endfacet
  facet normal 0.998028 0.0627727 0
    outer loop
      vertex 11.392 23.1393 12
      vertex 11.3702 23.4859 0
      vertex 11.3702 23.4859 12
    endloop
  endfacet
  facet normal 0.998028 0.0627727 0
    outer loop
      vertex 11.3702 23.4859 0
      vertex 11.392 23.1393 12
      vertex 11.392 23.1393 0
    endloop
  endfacet
  facet normal 0.996016 0.0891785 0
    outer loop
      vertex 11.3702 23.4859 12
      vertex 11.3388 23.8366 0
      vertex 11.3388 23.8366 12
    endloop
  endfacet
  facet normal 0.996016 0.0891785 0
    outer loop
      vertex 11.3388 23.8366 0
      vertex 11.3702 23.4859 12
      vertex 11.3702 23.4859 0
    endloop
  endfacet
  facet normal 0.993372 0.114945 0
    outer loop
      vertex 11.3388 23.8366 12
      vertex 11.298 24.1892 0
      vertex 11.298 24.1892 12
    endloop
  endfacet
  facet normal 0.993372 0.114945 0
    outer loop
      vertex 11.298 24.1892 0
      vertex 11.3388 23.8366 12
      vertex 11.3388 23.8366 0
    endloop
  endfacet
  facet normal 0.990187 0.139749 0
    outer loop
      vertex 11.298 24.1892 12
      vertex 11.2477 24.5456 0
      vertex 11.2477 24.5456 12
    endloop
  endfacet
  facet normal 0.990187 0.139749 0
    outer loop
      vertex 11.2477 24.5456 0
      vertex 11.298 24.1892 12
      vertex 11.298 24.1892 0
    endloop
  endfacet
  facet normal 0.382692 0.923876 -0
    outer loop
      vertex 11.2477 24.5456 0
      vertex 9.40305 25.3097 12
      vertex 11.2477 24.5456 12
    endloop
  endfacet
  facet normal 0.382692 0.923876 0
    outer loop
      vertex 9.40305 25.3097 12
      vertex 11.2477 24.5456 0
      vertex 9.40305 25.3097 0
    endloop
  endfacet
  facet normal -0.601324 0.799005 0
    outer loop
      vertex 9.40305 25.3097 0
      vertex 9.11551 25.0933 12
      vertex 9.40305 25.3097 12
    endloop
  endfacet
  facet normal -0.601324 0.799005 0
    outer loop
      vertex 9.11551 25.0933 12
      vertex 9.40305 25.3097 0
      vertex 9.11551 25.0933 0
    endloop
  endfacet
  facet normal -0.621131 0.783707 0
    outer loop
      vertex 9.11551 25.0933 0
      vertex 8.83717 24.8727 12
      vertex 9.11551 25.0933 12
    endloop
  endfacet
  facet normal -0.621131 0.783707 0
    outer loop
      vertex 8.83717 24.8727 12
      vertex 9.11551 25.0933 0
      vertex 8.83717 24.8727 0
    endloop
  endfacet
  facet normal -0.641148 0.767417 0
    outer loop
      vertex 8.83717 24.8727 0
      vertex 8.56714 24.6471 12
      vertex 8.83717 24.8727 12
    endloop
  endfacet
  facet normal -0.641148 0.767417 0
    outer loop
      vertex 8.56714 24.6471 12
      vertex 8.83717 24.8727 0
      vertex 8.56714 24.6471 0
    endloop
  endfacet
  facet normal -0.661421 0.750014 0
    outer loop
      vertex 8.56714 24.6471 0
      vertex 8.3069 24.4176 12
      vertex 8.56714 24.6471 12
    endloop
  endfacet
  facet normal -0.661421 0.750014 0
    outer loop
      vertex 8.3069 24.4176 12
      vertex 8.56714 24.6471 0
      vertex 8.3069 24.4176 0
    endloop
  endfacet
  facet normal -0.681858 0.731485 0
    outer loop
      vertex 8.3069 24.4176 0
      vertex 8.05544 24.1832 12
      vertex 8.3069 24.4176 12
    endloop
  endfacet
  facet normal -0.681858 0.731485 0
    outer loop
      vertex 8.05544 24.1832 12
      vertex 8.3069 24.4176 0
      vertex 8.05544 24.1832 0
    endloop
  endfacet
  facet normal -0.702567 0.711618 0
    outer loop
      vertex 8.05544 24.1832 0
      vertex 7.81407 23.9449 12
      vertex 8.05544 24.1832 12
    endloop
  endfacet
  facet normal -0.702567 0.711618 0
    outer loop
      vertex 7.81407 23.9449 12
      vertex 8.05544 24.1832 0
      vertex 7.81407 23.9449 0
    endloop
  endfacet
  facet normal -0.723638 0.69018 0
    outer loop
      vertex 7.58221 23.7018 0
      vertex 7.81407 23.9449 12
      vertex 7.81407 23.9449 0
    endloop
  endfacet
  facet normal -0.723638 0.69018 0
    outer loop
      vertex 7.81407 23.9449 12
      vertex 7.58221 23.7018 0
      vertex 7.58221 23.7018 12
    endloop
  endfacet
  facet normal -0.74532 0.666706 0
    outer loop
      vertex 7.36171 23.4553 0
      vertex 7.58221 23.7018 12
      vertex 7.58221 23.7018 0
    endloop
  endfacet
  facet normal -0.74532 0.666706 0
    outer loop
      vertex 7.58221 23.7018 12
      vertex 7.36171 23.4553 0
      vertex 7.36171 23.4553 12
    endloop
  endfacet
  facet normal -0.767168 0.641446 0
    outer loop
      vertex 7.15176 23.2042 0
      vertex 7.36171 23.4553 12
      vertex 7.36171 23.4553 0
    endloop
  endfacet
  facet normal -0.767168 0.641446 0
    outer loop
      vertex 7.36171 23.4553 12
      vertex 7.15176 23.2042 0
      vertex 7.15176 23.2042 12
    endloop
  endfacet
  facet normal -0.789962 0.613156 0
    outer loop
      vertex 6.9536 22.9489 0
      vertex 7.15176 23.2042 12
      vertex 7.15176 23.2042 0
    endloop
  endfacet
  facet normal -0.789962 0.613156 0
    outer loop
      vertex 7.15176 23.2042 12
      vertex 6.9536 22.9489 0
      vertex 6.9536 22.9489 12
    endloop
  endfacet
  facet normal -0.813647 0.58136 0
    outer loop
      vertex 6.76797 22.6891 0
      vertex 6.9536 22.9489 12
      vertex 6.9536 22.9489 0
    endloop
  endfacet
  facet normal -0.813647 0.58136 0
    outer loop
      vertex 6.9536 22.9489 12
      vertex 6.76797 22.6891 0
      vertex 6.76797 22.6891 12
    endloop
  endfacet
  facet normal -0.8384 0.545055 0
    outer loop
      vertex 6.59621 22.4249 0
      vertex 6.76797 22.6891 12
      vertex 6.76797 22.6891 0
    endloop
  endfacet
  facet normal -0.8384 0.545055 0
    outer loop
      vertex 6.76797 22.6891 12
      vertex 6.59621 22.4249 0
      vertex 6.59621 22.4249 12
    endloop
  endfacet
  facet normal -0.86538 0.501116 0
    outer loop
      vertex 6.44044 22.1559 0
      vertex 6.59621 22.4249 12
      vertex 6.59621 22.4249 0
    endloop
  endfacet
  facet normal -0.86538 0.501116 0
    outer loop
      vertex 6.59621 22.4249 12
      vertex 6.44044 22.1559 0
      vertex 6.44044 22.1559 12
    endloop
  endfacet
  facet normal -0.895972 0.44411 0
    outer loop
      vertex 6.30408 21.8808 0
      vertex 6.44044 22.1559 12
      vertex 6.44044 22.1559 0
    endloop
  endfacet
  facet normal -0.895972 0.44411 0
    outer loop
      vertex 6.44044 22.1559 12
      vertex 6.30408 21.8808 0
      vertex 6.30408 21.8808 12
    endloop
  endfacet
  facet normal -0.940481 0.339847 0
    outer loop
      vertex 6.20113 21.5959 0
      vertex 6.30408 21.8808 12
      vertex 6.30408 21.8808 0
    endloop
  endfacet
  facet normal -0.940481 0.339847 0
    outer loop
      vertex 6.30408 21.8808 12
      vertex 6.20113 21.5959 0
      vertex 6.20113 21.5959 12
    endloop
  endfacet
  facet normal -0.96116 0.275991 0
    outer loop
      vertex 5.7504 20.0262 0
      vertex 6.20113 21.5959 12
      vertex 6.20113 21.5959 0
    endloop
  endfacet
  facet normal -0.96116 0.275991 0
    outer loop
      vertex 6.20113 21.5959 12
      vertex 5.7504 20.0262 0
      vertex 5.7504 20.0262 12
    endloop
  endfacet
  facet normal -0.951742 0.306899 0
    outer loop
      vertex 5.73834 19.9888 0
      vertex 5.7504 20.0262 12
      vertex 5.7504 20.0262 0
    endloop
  endfacet
  facet normal -0.951742 0.306899 0
    outer loop
      vertex 5.7504 20.0262 12
      vertex 5.73834 19.9888 0
      vertex 5.73834 19.9888 12
    endloop
  endfacet
  facet normal -0.929527 0.368755 0
    outer loop
      vertex 5.72386 19.9523 0
      vertex 5.73834 19.9888 12
      vertex 5.73834 19.9888 0
    endloop
  endfacet
  facet normal -0.929527 0.368755 0
    outer loop
      vertex 5.73834 19.9888 12
      vertex 5.72386 19.9523 0
      vertex 5.72386 19.9523 12
    endloop
  endfacet
  facet normal -0.90303 0.429577 0
    outer loop
      vertex 5.70702 19.9169 0
      vertex 5.72386 19.9523 12
      vertex 5.72386 19.9523 0
    endloop
  endfacet
  facet normal -0.90303 0.429577 0
    outer loop
      vertex 5.72386 19.9523 12
      vertex 5.70702 19.9169 0
      vertex 5.70702 19.9169 12
    endloop
  endfacet
  facet normal -0.87346 0.486896 0
    outer loop
      vertex 5.6879 19.8826 0
      vertex 5.70702 19.9169 12
      vertex 5.70702 19.9169 0
    endloop
  endfacet
  facet normal -0.87346 0.486896 0
    outer loop
      vertex 5.70702 19.9169 12
      vertex 5.6879 19.8826 0
      vertex 5.6879 19.8826 12
    endloop
  endfacet
  facet normal -0.83972 0.543019 0
    outer loop
      vertex 5.66656 19.8496 0
      vertex 5.6879 19.8826 12
      vertex 5.6879 19.8826 0
    endloop
  endfacet
  facet normal -0.83972 0.543019 0
    outer loop
      vertex 5.6879 19.8826 12
      vertex 5.66656 19.8496 0
      vertex 5.66656 19.8496 12
    endloop
  endfacet
  facet normal -0.8025 0.596652 0
    outer loop
      vertex 5.64314 19.8181 0
      vertex 5.66656 19.8496 12
      vertex 5.66656 19.8496 0
    endloop
  endfacet
  facet normal -0.8025 0.596652 0
    outer loop
      vertex 5.66656 19.8496 12
      vertex 5.64314 19.8181 0
      vertex 5.64314 19.8181 12
    endloop
  endfacet
  facet normal -0.761499 0.648166 0
    outer loop
      vertex 5.61769 19.7882 0
      vertex 5.64314 19.8181 12
      vertex 5.64314 19.8181 0
    endloop
  endfacet
  facet normal -0.761499 0.648166 0
    outer loop
      vertex 5.64314 19.8181 12
      vertex 5.61769 19.7882 0
      vertex 5.61769 19.7882 12
    endloop
  endfacet
  facet normal -0.716733 0.697348 0
    outer loop
      vertex 5.59035 19.7601 0
      vertex 5.61769 19.7882 12
      vertex 5.61769 19.7882 0
    endloop
  endfacet
  facet normal -0.716733 0.697348 0
    outer loop
      vertex 5.61769 19.7882 12
      vertex 5.59035 19.7601 0
      vertex 5.59035 19.7601 12
    endloop
  endfacet
  facet normal -0.671533 0.740975 0
    outer loop
      vertex 5.59035 19.7601 0
      vertex 5.56122 19.7337 12
      vertex 5.59035 19.7601 12
    endloop
  endfacet
  facet normal -0.671533 0.740975 0
    outer loop
      vertex 5.56122 19.7337 12
      vertex 5.59035 19.7601 0
      vertex 5.56122 19.7337 0
    endloop
  endfacet
  facet normal -0.61952 0.784981 0
    outer loop
      vertex 5.56122 19.7337 0
      vertex 5.53043 19.7094 12
      vertex 5.56122 19.7337 12
    endloop
  endfacet
  facet normal -0.61952 0.784981 0
    outer loop
      vertex 5.53043 19.7094 12
      vertex 5.56122 19.7337 0
      vertex 5.53043 19.7094 0
    endloop
  endfacet
  facet normal -0.567911 0.82309 0
    outer loop
      vertex 5.53043 19.7094 0
      vertex 5.49811 19.6871 12
      vertex 5.53043 19.7094 12
    endloop
  endfacet
  facet normal -0.567911 0.82309 0
    outer loop
      vertex 5.49811 19.6871 12
      vertex 5.53043 19.7094 0
      vertex 5.49811 19.6871 0
    endloop
  endfacet
  facet normal -0.514009 0.857785 0
    outer loop
      vertex 5.49811 19.6871 0
      vertex 5.4644 19.6669 12
      vertex 5.49811 19.6871 12
    endloop
  endfacet
  facet normal -0.514009 0.857785 0
    outer loop
      vertex 5.4644 19.6669 12
      vertex 5.49811 19.6871 0
      vertex 5.4644 19.6669 0
    endloop
  endfacet
  facet normal -0.455748 0.890109 0
    outer loop
      vertex 5.4644 19.6669 0
      vertex 5.42944 19.649 12
      vertex 5.4644 19.6669 12
    endloop
  endfacet
  facet normal -0.455748 0.890109 0
    outer loop
      vertex 5.42944 19.649 12
      vertex 5.4644 19.6669 0
      vertex 5.42944 19.649 0
    endloop
  endfacet
  facet normal -0.395088 0.918643 0
    outer loop
      vertex 5.42944 19.649 0
      vertex 5.3934 19.6335 12
      vertex 5.42944 19.649 12
    endloop
  endfacet
  facet normal -0.395088 0.918643 0
    outer loop
      vertex 5.3934 19.6335 12
      vertex 5.42944 19.649 0
      vertex 5.3934 19.6335 0
    endloop
  endfacet
  facet normal -0.336094 0.941828 0
    outer loop
      vertex 5.3934 19.6335 0
      vertex 5.35641 19.6203 12
      vertex 5.3934 19.6335 12
    endloop
  endfacet
  facet normal -0.336094 0.941828 0
    outer loop
      vertex 5.35641 19.6203 12
      vertex 5.3934 19.6335 0
      vertex 5.35641 19.6203 0
    endloop
  endfacet
  facet normal -0.272634 0.962118 0
    outer loop
      vertex 5.35641 19.6203 0
      vertex 5.31865 19.6096 12
      vertex 5.35641 19.6203 12
    endloop
  endfacet
  facet normal -0.272634 0.962118 0
    outer loop
      vertex 5.31865 19.6096 12
      vertex 5.35641 19.6203 0
      vertex 5.31865 19.6096 0
    endloop
  endfacet
  facet normal -0.21132 0.977417 0
    outer loop
      vertex 5.31865 19.6096 0
      vertex 5.28026 19.6013 12
      vertex 5.31865 19.6096 12
    endloop
  endfacet
  facet normal -0.21132 0.977417 0
    outer loop
      vertex 5.28026 19.6013 12
      vertex 5.31865 19.6096 0
      vertex 5.28026 19.6013 0
    endloop
  endfacet
  facet normal -0.145164 0.989408 0
    outer loop
      vertex 5.28026 19.6013 0
      vertex 5.24141 19.5956 12
      vertex 5.28026 19.6013 12
    endloop
  endfacet
  facet normal -0.145164 0.989408 0
    outer loop
      vertex 5.24141 19.5956 12
      vertex 5.28026 19.6013 0
      vertex 5.24141 19.5956 0
    endloop
  endfacet
  facet normal -0.0789556 0.996878 0
    outer loop
      vertex 5.24141 19.5956 0
      vertex 5.20227 19.5925 12
      vertex 5.24141 19.5956 12
    endloop
  endfacet
  facet normal -0.0789556 0.996878 0
    outer loop
      vertex 5.20227 19.5925 12
      vertex 5.24141 19.5956 0
      vertex 5.20227 19.5925 0
    endloop
  endfacet
  facet normal -0.0152809 0.999883 0
    outer loop
      vertex 5.20227 19.5925 0
      vertex 5.16301 19.5919 12
      vertex 5.20227 19.5925 12
    endloop
  endfacet
  facet normal -0.0152809 0.999883 0
    outer loop
      vertex 5.16301 19.5919 12
      vertex 5.20227 19.5925 0
      vertex 5.16301 19.5919 0
    endloop
  endfacet
  facet normal 0.0509541 0.998701 -0
    outer loop
      vertex 5.16301 19.5919 0
      vertex 5.12381 19.5939 12
      vertex 5.16301 19.5919 12
    endloop
  endfacet
  facet normal 0.0509541 0.998701 0
    outer loop
      vertex 5.12381 19.5939 12
      vertex 5.16301 19.5919 0
      vertex 5.12381 19.5939 0
    endloop
  endfacet
  facet normal 0.114624 0.993409 -0
    outer loop
      vertex 5.12381 19.5939 0
      vertex 5.08481 19.5984 12
      vertex 5.12381 19.5939 12
    endloop
  endfacet
  facet normal 0.114624 0.993409 0
    outer loop
      vertex 5.08481 19.5984 12
      vertex 5.12381 19.5939 0
      vertex 5.08481 19.5984 0
    endloop
  endfacet
  facet normal 0.188732 0.982029 -0
    outer loop
      vertex 5.08481 19.5984 0
      vertex 5.03746 19.6075 12
      vertex 5.08481 19.5984 12
    endloop
  endfacet
  facet normal 0.188732 0.982029 0
    outer loop
      vertex 5.03746 19.6075 12
      vertex 5.08481 19.5984 0
      vertex 5.03746 19.6075 0
    endloop
  endfacet
  facet normal 0.227051 0.973883 -0
    outer loop
      vertex 5.03746 19.6075 0
      vertex 3.95056 19.8609 12
      vertex 5.03746 19.6075 12
    endloop
  endfacet
  facet normal 0.227051 0.973883 0
    outer loop
      vertex 3.95056 19.8609 12
      vertex 5.03746 19.6075 0
      vertex 3.95056 19.8609 0
    endloop
  endfacet
  facet normal 0.162902 0.986642 -0
    outer loop
      vertex 3.95056 19.8609 0
      vertex 2.84946 20.0427 12
      vertex 3.95056 19.8609 12
    endloop
  endfacet
  facet normal 0.162902 0.986642 0
    outer loop
      vertex 2.84946 20.0427 12
      vertex 3.95056 19.8609 0
      vertex 2.84946 20.0427 0
    endloop
  endfacet
  facet normal 0.193569 0.981087 -0
    outer loop
      vertex 2.84946 20.0427 0
      vertex 2.81094 20.0503 12
      vertex 2.84946 20.0427 12
    endloop
  endfacet
  facet normal 0.193569 0.981087 0
    outer loop
      vertex 2.81094 20.0503 12
      vertex 2.84946 20.0427 0
      vertex 2.81094 20.0503 0
    endloop
  endfacet
  facet normal 0.259818 0.965658 -0
    outer loop
      vertex 2.81094 20.0503 0
      vertex 2.77303 20.0605 12
      vertex 2.81094 20.0503 12
    endloop
  endfacet
  facet normal 0.259818 0.965658 0
    outer loop
      vertex 2.77303 20.0605 12
      vertex 2.81094 20.0503 0
      vertex 2.77303 20.0605 0
    endloop
  endfacet
  facet normal 0.320884 0.947118 -0
    outer loop
      vertex 2.77303 20.0605 0
      vertex 2.73584 20.0731 12
      vertex 2.77303 20.0605 12
    endloop
  endfacet
  facet normal 0.320884 0.947118 0
    outer loop
      vertex 2.73584 20.0731 12
      vertex 2.77303 20.0605 0
      vertex 2.73584 20.0731 0
    endloop
  endfacet
  facet normal 0.384344 0.92319 -0
    outer loop
      vertex 2.73584 20.0731 0
      vertex 2.69957 20.0882 12
      vertex 2.73584 20.0731 12
    endloop
  endfacet
  facet normal 0.384344 0.92319 0
    outer loop
      vertex 2.69957 20.0882 12
      vertex 2.73584 20.0731 0
      vertex 2.69957 20.0882 0
    endloop
  endfacet
  facet normal 0.440882 0.897565 -0
    outer loop
      vertex 2.69957 20.0882 0
      vertex 2.66435 20.1055 12
      vertex 2.69957 20.0882 12
    endloop
  endfacet
  facet normal 0.440882 0.897565 0
    outer loop
      vertex 2.66435 20.1055 12
      vertex 2.69957 20.0882 0
      vertex 2.66435 20.1055 0
    endloop
  endfacet
  facet normal 0.501448 0.865188 -0
    outer loop
      vertex 2.66435 20.1055 0
      vertex 2.63036 20.1252 12
      vertex 2.66435 20.1055 12
    endloop
  endfacet
  facet normal 0.501448 0.865188 0
    outer loop
      vertex 2.63036 20.1252 12
      vertex 2.66435 20.1055 0
      vertex 2.63036 20.1252 0
    endloop
  endfacet
  facet normal 0.55517 0.831737 -0
    outer loop
      vertex 2.63036 20.1252 0
      vertex 2.5977 20.147 12
      vertex 2.63036 20.1252 12
    endloop
  endfacet
  facet normal 0.55517 0.831737 0
    outer loop
      vertex 2.5977 20.147 12
      vertex 2.63036 20.1252 0
      vertex 2.5977 20.147 0
    endloop
  endfacet
  facet normal 0.608849 0.793286 -0
    outer loop
      vertex 2.5977 20.147 0
      vertex 2.56656 20.1709 12
      vertex 2.5977 20.147 12
    endloop
  endfacet
  facet normal 0.608849 0.793286 0
    outer loop
      vertex 2.56656 20.1709 12
      vertex 2.5977 20.147 0
      vertex 2.56656 20.1709 0
    endloop
  endfacet
  facet normal 0.657945 0.753066 -0
    outer loop
      vertex 2.56656 20.1709 0
      vertex 2.53703 20.1967 12
      vertex 2.56656 20.1709 12
    endloop
  endfacet
  facet normal 0.657945 0.753066 0
    outer loop
      vertex 2.53703 20.1967 12
      vertex 2.56656 20.1709 0
      vertex 2.53703 20.1967 0
    endloop
  endfacet
  facet normal 0.707743 0.70647 0
    outer loop
      vertex 2.53703 20.1967 12
      vertex 2.50928 20.2245 0
      vertex 2.50928 20.2245 12
    endloop
  endfacet
  facet normal 0.707743 0.70647 0
    outer loop
      vertex 2.50928 20.2245 0
      vertex 2.53703 20.1967 12
      vertex 2.53703 20.1967 0
    endloop
  endfacet
  facet normal 0.751471 0.659766 0
    outer loop
      vertex 2.50928 20.2245 12
      vertex 2.48338 20.254 0
      vertex 2.48338 20.254 12
    endloop
  endfacet
  facet normal 0.751471 0.659766 0
    outer loop
      vertex 2.48338 20.254 0
      vertex 2.50928 20.2245 12
      vertex 2.50928 20.2245 0
    endloop
  endfacet
  facet normal 0.793975 0.607951 0
    outer loop
      vertex 2.48338 20.254 12
      vertex 2.45949 20.2852 0
      vertex 2.45949 20.2852 12
    endloop
  endfacet
  facet normal 0.793975 0.607951 0
    outer loop
      vertex 2.45949 20.2852 0
      vertex 2.48338 20.254 12
      vertex 2.48338 20.254 0
    endloop
  endfacet
  facet normal 0.831029 0.556229 0
    outer loop
      vertex 2.45949 20.2852 12
      vertex 2.43767 20.3178 0
      vertex 2.43767 20.3178 12
    endloop
  endfacet
  facet normal 0.831029 0.556229 0
    outer loop
      vertex 2.43767 20.3178 0
      vertex 2.45949 20.2852 12
      vertex 2.45949 20.2852 0
    endloop
  endfacet
  facet normal 0.866135 0.499811 0
    outer loop
      vertex 2.43767 20.3178 12
      vertex 2.41805 20.3518 0
      vertex 2.41805 20.3518 12
    endloop
  endfacet
  facet normal 0.866135 0.499811 0
    outer loop
      vertex 2.41805 20.3518 0
      vertex 2.43767 20.3178 12
      vertex 2.43767 20.3178 0
    endloop
  endfacet
  facet normal 0.896759 0.44252 0
    outer loop
      vertex 2.41805 20.3518 12
      vertex 2.40068 20.387 0
      vertex 2.40068 20.387 12
    endloop
  endfacet
  facet normal 0.896759 0.44252 0
    outer loop
      vertex 2.40068 20.387 0
      vertex 2.41805 20.3518 12
      vertex 2.41805 20.3518 0
    endloop
  endfacet
  facet normal 0.923933 0.382554 0
    outer loop
      vertex 2.40068 20.387 12
      vertex 2.38565 20.4233 0
      vertex 2.38565 20.4233 12
    endloop
  endfacet
  facet normal 0.923933 0.382554 0
    outer loop
      vertex 2.38565 20.4233 0
      vertex 2.40068 20.387 12
      vertex 2.40068 20.387 0
    endloop
  endfacet
  facet normal 0.94699 0.321264 0
    outer loop
      vertex 2.38565 20.4233 12
      vertex 2.37303 20.4605 0
      vertex 2.37303 20.4605 12
    endloop
  endfacet
  facet normal 0.94699 0.321264 0
    outer loop
      vertex 2.37303 20.4605 0
      vertex 2.38565 20.4233 12
      vertex 2.38565 20.4233 0
    endloop
  endfacet
  facet normal 0.965896 0.258931 0
    outer loop
      vertex 2.37303 20.4605 12
      vertex 2.36287 20.4984 0
      vertex 2.36287 20.4984 12
    endloop
  endfacet
  facet normal 0.965896 0.258931 0
    outer loop
      vertex 2.36287 20.4984 0
      vertex 2.37303 20.4605 12
      vertex 2.37303 20.4605 0
    endloop
  endfacet
  facet normal 0.980776 0.195136 0
    outer loop
      vertex 2.36287 20.4984 12
      vertex 2.35521 20.5369 0
      vertex 2.35521 20.5369 12
    endloop
  endfacet
  facet normal 0.980776 0.195136 0
    outer loop
      vertex 2.35521 20.5369 0
      vertex 2.36287 20.4984 12
      vertex 2.36287 20.4984 0
    endloop
  endfacet
  facet normal 0.991459 0.130415 0
    outer loop
      vertex 2.35521 20.5369 12
      vertex 2.35008 20.5759 0
      vertex 2.35008 20.5759 12
    endloop
  endfacet
  facet normal 0.991459 0.130415 0
    outer loop
      vertex 2.35008 20.5759 0
      vertex 2.35521 20.5369 12
      vertex 2.35521 20.5369 0
    endloop
  endfacet
  facet normal 0.99783 0.0658415 0
    outer loop
      vertex 2.35008 20.5759 12
      vertex 2.3475 20.615 0
      vertex 2.3475 20.615 12
    endloop
  endfacet
  facet normal 0.99783 0.0658415 0
    outer loop
      vertex 2.3475 20.615 0
      vertex 2.35008 20.5759 12
      vertex 2.35008 20.5759 0
    endloop
  endfacet
  facet normal 1 -0 0
    outer loop
      vertex 2.3475 20.615 12
      vertex 2.3475 20.6543 0
      vertex 2.3475 20.6543 12
    endloop
  endfacet
  facet normal 1 0 0
    outer loop
      vertex 2.3475 20.6543 0
      vertex 2.3475 20.615 12
      vertex 2.3475 20.615 0
    endloop
  endfacet
  facet normal 0.997318 -0.0731919 0
    outer loop
      vertex 2.3475 20.6543 12
      vertex 2.35103 20.7024 0
      vertex 2.35103 20.7024 12
    endloop
  endfacet
  facet normal 0.997318 -0.0731919 0
    outer loop
      vertex 2.35103 20.7024 0
      vertex 2.3475 20.6543 12
      vertex 2.3475 20.6543 0
    endloop
  endfacet
  facet normal 0.993612 -0.11285 0
    outer loop
      vertex 2.35103 20.7024 12
      vertex 2.53534 22.3252 0
      vertex 2.53534 22.3252 12
    endloop
  endfacet
  facet normal 0.993612 -0.11285 0
    outer loop
      vertex 2.53534 22.3252 0
      vertex 2.35103 20.7024 12
      vertex 2.35103 20.7024 0
    endloop
  endfacet
  facet normal 0.998954 -0.0457372 0
    outer loop
      vertex 2.53534 22.3252 12
      vertex 2.54919 22.6277 0
      vertex 2.54919 22.6277 12
    endloop
  endfacet
  facet normal 0.998954 -0.0457372 0
    outer loop
      vertex 2.54919 22.6277 0
      vertex 2.53534 22.3252 12
      vertex 2.53534 22.3252 0
    endloop
  endfacet
  facet normal 0.997729 0.0673516 0
    outer loop
      vertex 2.54919 22.6277 12
      vertex 2.52852 22.9339 0
      vertex 2.52852 22.9339 12
    endloop
  endfacet
  facet normal 0.997729 0.0673516 0
    outer loop
      vertex 2.52852 22.9339 0
      vertex 2.54919 22.6277 12
      vertex 2.54919 22.6277 0
    endloop
  endfacet
  facet normal 0.99127 0.131848 0
    outer loop
      vertex 2.52852 22.9339 12
      vertex 2.4875 23.2423 0
      vertex 2.4875 23.2423 12
    endloop
  endfacet
  facet normal 0.99127 0.131848 0
    outer loop
      vertex 2.4875 23.2423 0
      vertex 2.52852 22.9339 12
      vertex 2.52852 22.9339 0
    endloop
  endfacet
  facet normal 0.983185 0.18261 0
    outer loop
      vertex 2.4875 23.2423 12
      vertex 2.42996 23.5521 0
      vertex 2.42996 23.5521 12
    endloop
  endfacet
  facet normal 0.983185 0.18261 0
    outer loop
      vertex 2.42996 23.5521 0
      vertex 2.4875 23.2423 12
      vertex 2.4875 23.2423 0
    endloop
  endfacet
  facet normal 0.97416 0.225861 0
    outer loop
      vertex 2.42996 23.5521 12
      vertex 2.35797 23.8626 0
      vertex 2.35797 23.8626 12
    endloop
  endfacet
  facet normal 0.97416 0.225861 0
    outer loop
      vertex 2.35797 23.8626 0
      vertex 2.42996 23.5521 12
      vertex 2.42996 23.5521 0
    endloop
  endfacet
  facet normal 0.96447 0.264194 0
    outer loop
      vertex 2.35797 23.8626 12
      vertex 2.27245 24.1748 0
      vertex 2.27245 24.1748 12
    endloop
  endfacet
  facet normal 0.96447 0.264194 0
    outer loop
      vertex 2.27245 24.1748 0
      vertex 2.35797 23.8626 12
      vertex 2.35797 23.8626 0
    endloop
  endfacet
  facet normal 0.954297 0.29886 0
    outer loop
      vertex 2.27245 24.1748 12
      vertex 2.17474 24.4868 0
      vertex 2.17474 24.4868 12
    endloop
  endfacet
  facet normal 0.954297 0.29886 0
    outer loop
      vertex 2.17474 24.4868 0
      vertex 2.27245 24.1748 12
      vertex 2.27245 24.1748 0
    endloop
  endfacet
  facet normal 0.943656 0.330928 0
    outer loop
      vertex 2.17474 24.4868 12
      vertex 2.06508 24.7995 0
      vertex 2.06508 24.7995 12
    endloop
  endfacet
  facet normal 0.943656 0.330928 0
    outer loop
      vertex 2.06508 24.7995 0
      vertex 2.17474 24.4868 12
      vertex 2.17474 24.4868 0
    endloop
  endfacet
  facet normal 0.932718 0.360605 0
    outer loop
      vertex 2.06508 24.7995 12
      vertex 1.94403 25.1126 0
      vertex 1.94403 25.1126 12
    endloop
  endfacet
  facet normal 0.932718 0.360605 0
    outer loop
      vertex 1.94403 25.1126 0
      vertex 2.06508 24.7995 12
      vertex 2.06508 24.7995 0
    endloop
  endfacet
  facet normal 0.921404 0.388605 0
    outer loop
      vertex 1.94403 25.1126 12
      vertex 1.81219 25.4252 0
      vertex 1.81219 25.4252 12
    endloop
  endfacet
  facet normal 0.921404 0.388605 0
    outer loop
      vertex 1.81219 25.4252 0
      vertex 1.94403 25.1126 12
      vertex 1.94403 25.1126 0
    endloop
  endfacet
  facet normal 0.909889 0.414851 0
    outer loop
      vertex 1.81219 25.4252 12
      vertex 1.66971 25.7377 0
      vertex 1.66971 25.7377 12
    endloop
  endfacet
  facet normal 0.909889 0.414851 0
    outer loop
      vertex 1.66971 25.7377 0
      vertex 1.81219 25.4252 12
      vertex 1.81219 25.4252 0
    endloop
  endfacet
  facet normal 0.898076 0.439841 0
    outer loop
      vertex 1.66971 25.7377 12
      vertex 1.51715 26.0492 0
      vertex 1.51715 26.0492 12
    endloop
  endfacet
  facet normal 0.898076 0.439841 0
    outer loop
      vertex 1.51715 26.0492 0
      vertex 1.66971 25.7377 12
      vertex 1.66971 25.7377 0
    endloop
  endfacet
  facet normal 0.886031 0.463626 0
    outer loop
      vertex 1.51715 26.0492 12
      vertex 1.35384 26.3613 0
      vertex 1.35384 26.3613 12
    endloop
  endfacet
  facet normal 0.886031 0.463626 0
    outer loop
      vertex 1.35384 26.3613 0
      vertex 1.51715 26.0492 12
      vertex 1.51715 26.0492 0
    endloop
  endfacet
  facet normal 0.873722 0.486426 0
    outer loop
      vertex 1.35384 26.3613 12
      vertex 1.18092 26.6719 0
      vertex 1.18092 26.6719 12
    endloop
  endfacet
  facet normal 0.873722 0.486426 0
    outer loop
      vertex 1.18092 26.6719 0
      vertex 1.35384 26.3613 12
      vertex 1.35384 26.3613 0
    endloop
  endfacet
  facet normal 0.86135 0.508013 0
    outer loop
      vertex 1.18092 26.6719 12
      vertex 0.998322 26.9815 0
      vertex 0.998322 26.9815 12
    endloop
  endfacet
  facet normal 0.86135 0.508013 0
    outer loop
      vertex 0.998322 26.9815 0
      vertex 1.18092 26.6719 12
      vertex 1.18092 26.6719 0
    endloop
  endfacet
  facet normal 0 1 -0
    outer loop
      vertex 0.998322 26.9815 0
      vertex -0.998322 26.9815 12
      vertex 0.998322 26.9815 12
    endloop
  endfacet
  facet normal 0 1 0
    outer loop
      vertex -0.998322 26.9815 12
      vertex 0.998322 26.9815 0
      vertex -0.998322 26.9815 0
    endloop
  endfacet
  facet normal -0.86135 0.508013 0
    outer loop
      vertex -1.18092 26.6719 0
      vertex -0.998322 26.9815 12
      vertex -0.998322 26.9815 0
    endloop
  endfacet
  facet normal -0.86135 0.508013 0
    outer loop
      vertex -0.998322 26.9815 12
      vertex -1.18092 26.6719 0
      vertex -1.18092 26.6719 12
    endloop
  endfacet
  facet normal -0.873722 0.486426 0
    outer loop
      vertex -1.35384 26.3613 0
      vertex -1.18092 26.6719 12
      vertex -1.18092 26.6719 0
    endloop
  endfacet
  facet normal -0.873722 0.486426 0
    outer loop
      vertex -1.18092 26.6719 12
      vertex -1.35384 26.3613 0
      vertex -1.35384 26.3613 12
    endloop
  endfacet
  facet normal -0.886031 0.463626 0
    outer loop
      vertex -1.51715 26.0492 0
      vertex -1.35384 26.3613 12
      vertex -1.35384 26.3613 0
    endloop
  endfacet
  facet normal -0.886031 0.463626 0
    outer loop
      vertex -1.35384 26.3613 12
      vertex -1.51715 26.0492 0
      vertex -1.51715 26.0492 12
    endloop
  endfacet
  facet normal -0.898076 0.439841 0
    outer loop
      vertex -1.66971 25.7377 0
      vertex -1.51715 26.0492 12
      vertex -1.51715 26.0492 0
    endloop
  endfacet
  facet normal -0.898076 0.439841 0
    outer loop
      vertex -1.51715 26.0492 12
      vertex -1.66971 25.7377 0
      vertex -1.66971 25.7377 12
    endloop
  endfacet
  facet normal -0.909889 0.414851 0
    outer loop
      vertex -1.81219 25.4252 0
      vertex -1.66971 25.7377 12
      vertex -1.66971 25.7377 0
    endloop
  endfacet
  facet normal -0.909889 0.414851 0
    outer loop
      vertex -1.66971 25.7377 12
      vertex -1.81219 25.4252 0
      vertex -1.81219 25.4252 12
    endloop
  endfacet
  facet normal -0.921404 0.388605 0
    outer loop
      vertex -1.94403 25.1126 0
      vertex -1.81219 25.4252 12
      vertex -1.81219 25.4252 0
    endloop
  endfacet
  facet normal -0.921404 0.388605 0
    outer loop
      vertex -1.81219 25.4252 12
      vertex -1.94403 25.1126 0
      vertex -1.94403 25.1126 12
    endloop
  endfacet
  facet normal -0.932718 0.360605 0
    outer loop
      vertex -2.06508 24.7995 0
      vertex -1.94403 25.1126 12
      vertex -1.94403 25.1126 0
    endloop
  endfacet
  facet normal -0.932718 0.360605 0
    outer loop
      vertex -1.94403 25.1126 12
      vertex -2.06508 24.7995 0
      vertex -2.06508 24.7995 12
    endloop
  endfacet
  facet normal -0.943656 0.330928 0
    outer loop
      vertex -2.17474 24.4868 0
      vertex -2.06508 24.7995 12
      vertex -2.06508 24.7995 0
    endloop
  endfacet
  facet normal -0.943656 0.330928 0
    outer loop
      vertex -2.06508 24.7995 12
      vertex -2.17474 24.4868 0
      vertex -2.17474 24.4868 12
    endloop
  endfacet
  facet normal -0.954297 0.29886 0
    outer loop
      vertex -2.27245 24.1748 0
      vertex -2.17474 24.4868 12
      vertex -2.17474 24.4868 0
    endloop
  endfacet
  facet normal -0.954297 0.29886 0
    outer loop
      vertex -2.17474 24.4868 12
      vertex -2.27245 24.1748 0
      vertex -2.27245 24.1748 12
    endloop
  endfacet
  facet normal -0.96447 0.264194 0
    outer loop
      vertex -2.35797 23.8626 0
      vertex -2.27245 24.1748 12
      vertex -2.27245 24.1748 0
    endloop
  endfacet
  facet normal -0.96447 0.264194 0
    outer loop
      vertex -2.27245 24.1748 12
      vertex -2.35797 23.8626 0
      vertex -2.35797 23.8626 12
    endloop
  endfacet
  facet normal -0.97416 0.225861 0
    outer loop
      vertex -2.42996 23.5521 0
      vertex -2.35797 23.8626 12
      vertex -2.35797 23.8626 0
    endloop
  endfacet
  facet normal -0.97416 0.225861 0
    outer loop
      vertex -2.35797 23.8626 12
      vertex -2.42996 23.5521 0
      vertex -2.42996 23.5521 12
    endloop
  endfacet
  facet normal -0.983185 0.18261 0
    outer loop
      vertex -2.4875 23.2423 0
      vertex -2.42996 23.5521 12
      vertex -2.42996 23.5521 0
    endloop
  endfacet
  facet normal -0.983185 0.18261 0
    outer loop
      vertex -2.42996 23.5521 12
      vertex -2.4875 23.2423 0
      vertex -2.4875 23.2423 12
    endloop
  endfacet
  facet normal -0.99127 0.131848 0
    outer loop
      vertex -2.52852 22.9339 0
      vertex -2.4875 23.2423 12
      vertex -2.4875 23.2423 0
    endloop
  endfacet
  facet normal -0.99127 0.131848 0
    outer loop
      vertex -2.4875 23.2423 12
      vertex -2.52852 22.9339 0
      vertex -2.52852 22.9339 12
    endloop
  endfacet
  facet normal -0.997729 0.0673516 0
    outer loop
      vertex -2.54919 22.6277 0
      vertex -2.52852 22.9339 12
      vertex -2.52852 22.9339 0
    endloop
  endfacet
  facet normal -0.997729 0.0673516 0
    outer loop
      vertex -2.52852 22.9339 12
      vertex -2.54919 22.6277 0
      vertex -2.54919 22.6277 12
    endloop
  endfacet
  facet normal -0.998954 -0.0457372 0
    outer loop
      vertex -2.53534 22.3252 0
      vertex -2.54919 22.6277 12
      vertex -2.54919 22.6277 0
    endloop
  endfacet
  facet normal -0.998954 -0.0457372 0
    outer loop
      vertex -2.54919 22.6277 12
      vertex -2.53534 22.3252 0
      vertex -2.53534 22.3252 12
    endloop
  endfacet
  facet normal -0.993612 -0.11285 0
    outer loop
      vertex -2.35103 20.7024 0
      vertex -2.53534 22.3252 12
      vertex -2.53534 22.3252 0
    endloop
  endfacet
  facet normal -0.993612 -0.11285 0
    outer loop
      vertex -2.53534 22.3252 12
      vertex -2.35103 20.7024 0
      vertex -2.35103 20.7024 12
    endloop
  endfacet
  facet normal -0.996767 -0.0803516 0
    outer loop
      vertex -2.34787 20.6632 0
      vertex -2.35103 20.7024 12
      vertex -2.35103 20.7024 0
    endloop
  endfacet
  facet normal -0.996767 -0.0803516 0
    outer loop
      vertex -2.35103 20.7024 12
      vertex -2.34787 20.6632 0
      vertex -2.34787 20.6632 12
    endloop
  endfacet
  facet normal -0.999891 -0.0147943 0
    outer loop
      vertex -2.34729 20.624 0
      vertex -2.34787 20.6632 12
      vertex -2.34787 20.6632 0
    endloop
  endfacet
  facet normal -0.999891 -0.0147943 0
    outer loop
      vertex -2.34787 20.6632 12
      vertex -2.34729 20.624 0
      vertex -2.34729 20.624 12
    endloop
  endfacet
  facet normal -0.998727 0.0504459 0
    outer loop
      vertex -2.34927 20.5848 0
      vertex -2.34729 20.624 12
      vertex -2.34729 20.624 0
    endloop
  endfacet
  facet normal -0.998727 0.0504459 0
    outer loop
      vertex -2.34729 20.624 12
      vertex -2.34927 20.5848 0
      vertex -2.34927 20.5848 12
    endloop
  endfacet
  facet normal -0.993292 0.115629 0
    outer loop
      vertex -2.35381 20.5458 0
      vertex -2.34927 20.5848 12
      vertex -2.34927 20.5848 0
    endloop
  endfacet
  facet normal -0.993292 0.115629 0
    outer loop
      vertex -2.34927 20.5848 12
      vertex -2.35381 20.5458 0
      vertex -2.35381 20.5458 12
    endloop
  endfacet
  facet normal -0.983546 0.180657 0
    outer loop
      vertex -2.3609 20.5072 0
      vertex -2.35381 20.5458 12
      vertex -2.35381 20.5458 0
    endloop
  endfacet
  facet normal -0.983546 0.180657 0
    outer loop
      vertex -2.35381 20.5458 12
      vertex -2.3609 20.5072 0
      vertex -2.3609 20.5072 12
    endloop
  endfacet
  facet normal -0.969692 0.244332 0
    outer loop
      vertex -2.3705 20.4691 0
      vertex -2.3609 20.5072 12
      vertex -2.3609 20.5072 0
    endloop
  endfacet
  facet normal -0.969692 0.244332 0
    outer loop
      vertex -2.3609 20.5072 12
      vertex -2.3705 20.4691 0
      vertex -2.3705 20.4691 12
    endloop
  endfacet
  facet normal -0.951816 0.306668 0
    outer loop
      vertex -2.38255 20.4317 0
      vertex -2.3705 20.4691 12
      vertex -2.3705 20.4691 0
    endloop
  endfacet
  facet normal -0.951816 0.306668 0
    outer loop
      vertex -2.3705 20.4691 12
      vertex -2.38255 20.4317 0
      vertex -2.38255 20.4317 12
    endloop
  endfacet
  facet normal -0.929527 0.368755 0
    outer loop
      vertex -2.39703 20.3952 0
      vertex -2.38255 20.4317 12
      vertex -2.38255 20.4317 0
    endloop
  endfacet
  facet normal -0.929527 0.368755 0
    outer loop
      vertex -2.38255 20.4317 12
      vertex -2.39703 20.3952 0
      vertex -2.39703 20.3952 12
    endloop
  endfacet
  facet normal -0.902931 0.429785 0
    outer loop
      vertex -2.41388 20.3598 0
      vertex -2.39703 20.3952 12
      vertex -2.39703 20.3952 0
    endloop
  endfacet
  facet normal -0.902931 0.429785 0
    outer loop
      vertex -2.39703 20.3952 12
      vertex -2.41388 20.3598 0
      vertex -2.41388 20.3598 12
    endloop
  endfacet
  facet normal -0.87346 0.486896 0
    outer loop
      vertex -2.433 20.3255 0
      vertex -2.41388 20.3598 12
      vertex -2.41388 20.3598 0
    endloop
  endfacet
  facet normal -0.87346 0.486896 0
    outer loop
      vertex -2.41388 20.3598 12
      vertex -2.433 20.3255 0
      vertex -2.433 20.3255 12
    endloop
  endfacet
  facet normal -0.839836 0.54284 0
    outer loop
      vertex -2.45433 20.2925 0
      vertex -2.433 20.3255 12
      vertex -2.433 20.3255 0
    endloop
  endfacet
  facet normal -0.839836 0.54284 0
    outer loop
      vertex -2.433 20.3255 12
      vertex -2.45433 20.2925 0
      vertex -2.45433 20.2925 12
    endloop
  endfacet
  facet normal -0.8025 0.596652 0
    outer loop
      vertex -2.47775 20.261 0
      vertex -2.45433 20.2925 12
      vertex -2.45433 20.2925 0
    endloop
  endfacet
  facet normal -0.8025 0.596652 0
    outer loop
      vertex -2.45433 20.2925 12
      vertex -2.47775 20.261 0
      vertex -2.47775 20.261 12
    endloop
  endfacet
  facet normal -0.761499 0.648166 0
    outer loop
      vertex -2.5032 20.2311 0
      vertex -2.47775 20.261 12
      vertex -2.47775 20.261 0
    endloop
  endfacet
  facet normal -0.761499 0.648166 0
    outer loop
      vertex -2.47775 20.261 12
      vertex -2.5032 20.2311 0
      vertex -2.5032 20.2311 12
    endloop
  endfacet
  facet normal -0.717843 0.696205 0
    outer loop
      vertex -2.53055 20.2029 0
      vertex -2.5032 20.2311 12
      vertex -2.5032 20.2311 0
    endloop
  endfacet
  facet normal -0.717843 0.696205 0
    outer loop
      vertex -2.5032 20.2311 12
      vertex -2.53055 20.2029 0
      vertex -2.53055 20.2029 12
    endloop
  endfacet
  facet normal -0.670132 0.742242 0
    outer loop
      vertex -2.53055 20.2029 0
      vertex -2.55968 20.1766 12
      vertex -2.53055 20.2029 12
    endloop
  endfacet
  facet normal -0.670132 0.742242 0
    outer loop
      vertex -2.55968 20.1766 12
      vertex -2.53055 20.2029 0
      vertex -2.55968 20.1766 0
    endloop
  endfacet
  facet normal -0.621088 0.783741 0
    outer loop
      vertex -2.55968 20.1766 0
      vertex -2.59047 20.1522 12
      vertex -2.55968 20.1766 12
    endloop
  endfacet
  facet normal -0.621088 0.783741 0
    outer loop
      vertex -2.59047 20.1522 12
      vertex -2.55968 20.1766 0
      vertex -2.59047 20.1522 0
    endloop
  endfacet
  facet normal -0.567911 0.82309 0
    outer loop
      vertex -2.59047 20.1522 0
      vertex -2.62279 20.1299 12
      vertex -2.59047 20.1522 12
    endloop
  endfacet
  facet normal -0.567911 0.82309 0
    outer loop
      vertex -2.62279 20.1299 12
      vertex -2.59047 20.1522 0
      vertex -2.62279 20.1299 0
    endloop
  endfacet
  facet normal -0.512245 0.858839 0
    outer loop
      vertex -2.62279 20.1299 0
      vertex -2.65649 20.1098 12
      vertex -2.62279 20.1299 12
    endloop
  endfacet
  facet normal -0.512245 0.858839 0
    outer loop
      vertex -2.65649 20.1098 12
      vertex -2.62279 20.1299 0
      vertex -2.65649 20.1098 0
    endloop
  endfacet
  facet normal -0.455851 0.890056 0
    outer loop
      vertex -2.65649 20.1098 0
      vertex -2.69144 20.0919 12
      vertex -2.65649 20.1098 12
    endloop
  endfacet
  facet normal -0.455851 0.890056 0
    outer loop
      vertex -2.69144 20.0919 12
      vertex -2.65649 20.1098 0
      vertex -2.69144 20.0919 0
    endloop
  endfacet
  facet normal -0.397143 0.917757 0
    outer loop
      vertex -2.69144 20.0919 0
      vertex -2.72749 20.0763 12
      vertex -2.69144 20.0919 12
    endloop
  endfacet
  facet normal -0.397143 0.917757 0
    outer loop
      vertex -2.72749 20.0763 12
      vertex -2.69144 20.0919 0
      vertex -2.72749 20.0763 0
    endloop
  endfacet
  facet normal -0.333833 0.942632 0
    outer loop
      vertex -2.72749 20.0763 0
      vertex -2.76448 20.0632 12
      vertex -2.72749 20.0763 12
    endloop
  endfacet
  facet normal -0.333833 0.942632 0
    outer loop
      vertex -2.76448 20.0632 12
      vertex -2.72749 20.0763 0
      vertex -2.76448 20.0632 0
    endloop
  endfacet
  facet normal -0.274923 0.961466 0
    outer loop
      vertex -2.76448 20.0632 0
      vertex -2.80225 20.0524 12
      vertex -2.76448 20.0632 12
    endloop
  endfacet
  facet normal -0.274923 0.961466 0
    outer loop
      vertex -2.80225 20.0524 12
      vertex -2.76448 20.0632 0
      vertex -2.80225 20.0524 0
    endloop
  endfacet
  facet normal -0.201261 0.979538 0
    outer loop
      vertex -2.80225 20.0524 0
      vertex -2.84946 20.0427 12
      vertex -2.80225 20.0524 12
    endloop
  endfacet
  facet normal -0.201261 0.979538 0
    outer loop
      vertex -2.84946 20.0427 12
      vertex -2.80225 20.0524 0
      vertex -2.84946 20.0427 0
    endloop
  endfacet
  facet normal -0.162902 0.986642 0
    outer loop
      vertex -2.84946 20.0427 0
      vertex -3.95056 19.8609 12
      vertex -2.84946 20.0427 12
    endloop
  endfacet
  facet normal -0.162902 0.986642 0
    outer loop
      vertex -3.95056 19.8609 12
      vertex -2.84946 20.0427 0
      vertex -3.95056 19.8609 0
    endloop
  endfacet
  facet normal -0.227051 0.973883 0
    outer loop
      vertex -3.95056 19.8609 0
      vertex -5.03746 19.6075 12
      vertex -3.95056 19.8609 12
    endloop
  endfacet
  facet normal -0.227051 0.973883 0
    outer loop
      vertex -5.03746 19.6075 12
      vertex -3.95056 19.8609 0
      vertex -5.03746 19.6075 0
    endloop
  endfacet
  facet normal -0.196067 0.98059 0
    outer loop
      vertex -5.03746 19.6075 0
      vertex -5.07597 19.5998 12
      vertex -5.03746 19.6075 12
    endloop
  endfacet
  facet normal -0.196067 0.98059 0
    outer loop
      vertex -5.07597 19.5998 12
      vertex -5.03746 19.6075 0
      vertex -5.07597 19.5998 0
    endloop
  endfacet
  facet normal -0.129894 0.991528 0
    outer loop
      vertex -5.07597 19.5998 0
      vertex -5.1149 19.5947 12
      vertex -5.07597 19.5998 12
    endloop
  endfacet
  facet normal -0.129894 0.991528 0
    outer loop
      vertex -5.1149 19.5947 12
      vertex -5.07597 19.5998 0
      vertex -5.1149 19.5947 0
    endloop
  endfacet
  facet normal -0.0662316 0.997804 0
    outer loop
      vertex -5.1149 19.5947 0
      vertex -5.15407 19.5921 12
      vertex -5.1149 19.5947 12
    endloop
  endfacet
  facet normal -0.0662316 0.997804 0
    outer loop
      vertex -5.15407 19.5921 12
      vertex -5.1149 19.5947 0
      vertex -5.15407 19.5921 0
    endloop
  endfacet
  facet normal 0 1 -0
    outer loop
      vertex -5.15407 19.5921 0
      vertex -5.19334 19.5921 12
      vertex -5.15407 19.5921 12
    endloop
  endfacet
  facet normal 0 1 0
    outer loop
      vertex -5.19334 19.5921 12
      vertex -5.15407 19.5921 0
      vertex -5.19334 19.5921 0
    endloop
  endfacet
  facet normal 0.0662316 0.997804 -0
    outer loop
      vertex -5.19334 19.5921 0
      vertex -5.23251 19.5947 12
      vertex -5.19334 19.5921 12
    endloop
  endfacet
  facet normal 0.0662316 0.997804 0
    outer loop
      vertex -5.23251 19.5947 12
      vertex -5.19334 19.5921 0
      vertex -5.23251 19.5947 0
    endloop
  endfacet
  facet normal 0.129894 0.991528 -0
    outer loop
      vertex -5.23251 19.5947 0
      vertex -5.27144 19.5998 12
      vertex -5.23251 19.5947 12
    endloop
  endfacet
  facet normal 0.129894 0.991528 0
    outer loop
      vertex -5.27144 19.5998 12
      vertex -5.23251 19.5947 0
      vertex -5.27144 19.5998 0
    endloop
  endfacet
  facet normal 0.196067 0.98059 -0
    outer loop
      vertex -5.27144 19.5998 0
      vertex -5.30995 19.6075 12
      vertex -5.27144 19.5998 12
    endloop
  endfacet
  facet normal 0.196067 0.98059 0
    outer loop
      vertex -5.30995 19.6075 12
      vertex -5.27144 19.5998 0
      vertex -5.30995 19.6075 0
    endloop
  endfacet
  facet normal 0.257377 0.966311 -0
    outer loop
      vertex -5.30995 19.6075 0
      vertex -5.34787 19.6176 12
      vertex -5.30995 19.6075 12
    endloop
  endfacet
  facet normal 0.257377 0.966311 0
    outer loop
      vertex -5.34787 19.6176 12
      vertex -5.30995 19.6075 0
      vertex -5.34787 19.6176 0
    endloop
  endfacet
  facet normal 0.323166 0.946342 -0
    outer loop
      vertex -5.34787 19.6176 0
      vertex -5.38506 19.6303 12
      vertex -5.34787 19.6176 12
    endloop
  endfacet
  facet normal 0.323166 0.946342 0
    outer loop
      vertex -5.38506 19.6303 12
      vertex -5.34787 19.6176 0
      vertex -5.38506 19.6303 0
    endloop
  endfacet
  facet normal 0.382172 0.924091 -0
    outer loop
      vertex -5.38506 19.6303 0
      vertex -5.42133 19.6453 12
      vertex -5.38506 19.6303 12
    endloop
  endfacet
  facet normal 0.382172 0.924091 0
    outer loop
      vertex -5.42133 19.6453 12
      vertex -5.38506 19.6303 0
      vertex -5.42133 19.6453 0
    endloop
  endfacet
  facet normal 0.440983 0.897515 -0
    outer loop
      vertex -5.42133 19.6453 0
      vertex -5.45654 19.6626 12
      vertex -5.42133 19.6453 12
    endloop
  endfacet
  facet normal 0.440983 0.897515 0
    outer loop
      vertex -5.45654 19.6626 12
      vertex -5.42133 19.6453 0
      vertex -5.45654 19.6626 0
    endloop
  endfacet
  facet normal 0.501337 0.865252 -0
    outer loop
      vertex -5.45654 19.6626 0
      vertex -5.49054 19.6823 12
      vertex -5.45654 19.6626 12
    endloop
  endfacet
  facet normal 0.501337 0.865252 0
    outer loop
      vertex -5.49054 19.6823 12
      vertex -5.45654 19.6626 0
      vertex -5.49054 19.6823 0
    endloop
  endfacet
  facet normal 0.555288 0.831658 -0
    outer loop
      vertex -5.49054 19.6823 0
      vertex -5.52319 19.7041 12
      vertex -5.49054 19.6823 12
    endloop
  endfacet
  facet normal 0.555288 0.831658 0
    outer loop
      vertex -5.52319 19.7041 12
      vertex -5.49054 19.6823 0
      vertex -5.52319 19.7041 0
    endloop
  endfacet
  facet normal 0.608726 0.793381 -0
    outer loop
      vertex -5.52319 19.7041 0
      vertex -5.55434 19.728 12
      vertex -5.52319 19.7041 12
    endloop
  endfacet
  facet normal 0.608726 0.793381 0
    outer loop
      vertex -5.55434 19.728 12
      vertex -5.52319 19.7041 0
      vertex -5.55434 19.728 0
    endloop
  endfacet
  facet normal 0.659514 0.751693 -0
    outer loop
      vertex -5.55434 19.728 0
      vertex -5.58386 19.7539 12
      vertex -5.55434 19.728 12
    endloop
  endfacet
  facet normal 0.659514 0.751693 0
    outer loop
      vertex -5.58386 19.7539 12
      vertex -5.55434 19.728 0
      vertex -5.58386 19.7539 0
    endloop
  endfacet
  facet normal 0.706341 0.707871 0
    outer loop
      vertex -5.58386 19.7539 12
      vertex -5.61162 19.7816 0
      vertex -5.61162 19.7816 12
    endloop
  endfacet
  facet normal 0.706341 0.707871 0
    outer loop
      vertex -5.61162 19.7816 0
      vertex -5.58386 19.7539 12
      vertex -5.58386 19.7539 0
    endloop
  endfacet
  facet normal 0.752703 0.658361 0
    outer loop
      vertex -5.61162 19.7816 12
      vertex -5.63751 19.8112 0
      vertex -5.63751 19.8112 12
    endloop
  endfacet
  facet normal 0.752703 0.658361 0
    outer loop
      vertex -5.63751 19.8112 0
      vertex -5.61162 19.7816 12
      vertex -5.61162 19.7816 0
    endloop
  endfacet
  facet normal 0.792908 0.609341 0
    outer loop
      vertex -5.63751 19.8112 12
      vertex -5.66141 19.8423 0
      vertex -5.66141 19.8423 12
    endloop
  endfacet
  facet normal 0.792908 0.609341 0
    outer loop
      vertex -5.66141 19.8423 0
      vertex -5.63751 19.8112 12
      vertex -5.63751 19.8112 0
    endloop
  endfacet
  facet normal 0.831815 0.555052 0
    outer loop
      vertex -5.66141 19.8423 12
      vertex -5.68323 19.875 0
      vertex -5.68323 19.875 12
    endloop
  endfacet
  facet normal 0.831815 0.555052 0
    outer loop
      vertex -5.68323 19.875 0
      vertex -5.66141 19.8423 12
      vertex -5.66141 19.8423 0
    endloop
  endfacet
  facet normal 0.865914 0.500193 0
    outer loop
      vertex -5.68323 19.875 12
      vertex -5.70287 19.909 0
      vertex -5.70287 19.909 12
    endloop
  endfacet
  facet normal 0.865914 0.500193 0
    outer loop
      vertex -5.70287 19.909 0
      vertex -5.68323 19.875 12
      vertex -5.68323 19.875 0
    endloop
  endfacet
  facet normal 0.89686 0.442315 0
    outer loop
      vertex -5.70287 19.909 12
      vertex -5.72023 19.9442 0
      vertex -5.72023 19.9442 12
    endloop
  endfacet
  facet normal 0.89686 0.442315 0
    outer loop
      vertex -5.72023 19.9442 0
      vertex -5.70287 19.909 12
      vertex -5.70287 19.909 0
    endloop
  endfacet
  facet normal 0.924113 0.382119 0
    outer loop
      vertex -5.72023 19.9442 12
      vertex -5.73524 19.9805 0
      vertex -5.73524 19.9805 12
    endloop
  endfacet
  facet normal 0.924113 0.382119 0
    outer loop
      vertex -5.73524 19.9805 0
      vertex -5.72023 19.9442 12
      vertex -5.72023 19.9442 0
    endloop
  endfacet
  facet normal 0.949139 0.314857 0
    outer loop
      vertex -5.73524 19.9805 12
      vertex -5.7504 20.0262 0
      vertex -5.7504 20.0262 12
    endloop
  endfacet
  facet normal 0.949139 0.314857 0
    outer loop
      vertex -5.7504 20.0262 0
      vertex -5.73524 19.9805 12
      vertex -5.73524 19.9805 0
    endloop
  endfacet
  facet normal 0.96116 0.275991 0
    outer loop
      vertex -5.7504 20.0262 12
      vertex -6.20113 21.5959 0
      vertex -6.20113 21.5959 12
    endloop
  endfacet
  facet normal 0.96116 0.275991 0
    outer loop
      vertex -6.20113 21.5959 0
      vertex -5.7504 20.0262 12
      vertex -5.7504 20.0262 0
    endloop
  endfacet
  facet normal 0.940481 0.339847 0
    outer loop
      vertex -6.20113 21.5959 12
      vertex -6.30408 21.8808 0
      vertex -6.30408 21.8808 12
    endloop
  endfacet
  facet normal 0.940481 0.339847 0
    outer loop
      vertex -6.30408 21.8808 0
      vertex -6.20113 21.5959 12
      vertex -6.20113 21.5959 0
    endloop
  endfacet
  facet normal 0.895972 0.44411 0
    outer loop
      vertex -6.30408 21.8808 12
      vertex -6.44044 22.1559 0
      vertex -6.44044 22.1559 12
    endloop
  endfacet
  facet normal 0.895972 0.44411 0
    outer loop
      vertex -6.44044 22.1559 0
      vertex -6.30408 21.8808 12
      vertex -6.30408 21.8808 0
    endloop
  endfacet
  facet normal 0.86538 0.501116 0
    outer loop
      vertex -6.44044 22.1559 12
      vertex -6.59621 22.4249 0
      vertex -6.59621 22.4249 12
    endloop
  endfacet
  facet normal 0.86538 0.501116 0
    outer loop
      vertex -6.59621 22.4249 0
      vertex -6.44044 22.1559 12
      vertex -6.44044 22.1559 0
    endloop
  endfacet
  facet normal 0.8384 0.545055 0
    outer loop
      vertex -6.59621 22.4249 12
      vertex -6.76797 22.6891 0
      vertex -6.76797 22.6891 12
    endloop
  endfacet
  facet normal 0.8384 0.545055 0
    outer loop
      vertex -6.76797 22.6891 0
      vertex -6.59621 22.4249 12
      vertex -6.59621 22.4249 0
    endloop
  endfacet
  facet normal 0.813647 0.58136 0
    outer loop
      vertex -6.76797 22.6891 12
      vertex -6.9536 22.9489 0
      vertex -6.9536 22.9489 12
    endloop
  endfacet
  facet normal 0.813647 0.58136 0
    outer loop
      vertex -6.9536 22.9489 0
      vertex -6.76797 22.6891 12
      vertex -6.76797 22.6891 0
    endloop
  endfacet
  facet normal 0.789962 0.613156 0
    outer loop
      vertex -6.9536 22.9489 12
      vertex -7.15176 23.2042 0
      vertex -7.15176 23.2042 12
    endloop
  endfacet
  facet normal 0.789962 0.613156 0
    outer loop
      vertex -7.15176 23.2042 0
      vertex -6.9536 22.9489 12
      vertex -6.9536 22.9489 0
    endloop
  endfacet
  facet normal 0.767168 0.641446 0
    outer loop
      vertex -7.15176 23.2042 12
      vertex -7.36171 23.4553 0
      vertex -7.36171 23.4553 12
    endloop
  endfacet
  facet normal 0.767168 0.641446 0
    outer loop
      vertex -7.36171 23.4553 0
      vertex -7.15176 23.2042 12
      vertex -7.15176 23.2042 0
    endloop
  endfacet
  facet normal 0.74532 0.666706 0
    outer loop
      vertex -7.36171 23.4553 12
      vertex -7.58221 23.7018 0
      vertex -7.58221 23.7018 12
    endloop
  endfacet
  facet normal 0.74532 0.666706 0
    outer loop
      vertex -7.58221 23.7018 0
      vertex -7.36171 23.4553 12
      vertex -7.36171 23.4553 0
    endloop
  endfacet
  facet normal 0.723638 0.69018 0
    outer loop
      vertex -7.58221 23.7018 12
      vertex -7.81407 23.9449 0
      vertex -7.81407 23.9449 12
    endloop
  endfacet
  facet normal 0.723638 0.69018 0
    outer loop
      vertex -7.81407 23.9449 0
      vertex -7.58221 23.7018 12
      vertex -7.58221 23.7018 0
    endloop
  endfacet
  facet normal 0.702567 0.711618 -0
    outer loop
      vertex -7.81407 23.9449 0
      vertex -8.05544 24.1832 12
      vertex -7.81407 23.9449 12
    endloop
  endfacet
  facet normal 0.702567 0.711618 0
    outer loop
      vertex -8.05544 24.1832 12
      vertex -7.81407 23.9449 0
      vertex -8.05544 24.1832 0
    endloop
  endfacet
  facet normal 0.681858 0.731485 -0
    outer loop
      vertex -8.05544 24.1832 0
      vertex -8.3069 24.4176 12
      vertex -8.05544 24.1832 12
    endloop
  endfacet
  facet normal 0.681858 0.731485 0
    outer loop
      vertex -8.3069 24.4176 12
      vertex -8.05544 24.1832 0
      vertex -8.3069 24.4176 0
    endloop
  endfacet
  facet normal 0.661421 0.750014 -0
    outer loop
      vertex -8.3069 24.4176 0
      vertex -8.56714 24.6471 12
      vertex -8.3069 24.4176 12
    endloop
  endfacet
  facet normal 0.661421 0.750014 0
    outer loop
      vertex -8.56714 24.6471 12
      vertex -8.3069 24.4176 0
      vertex -8.56714 24.6471 0
    endloop
  endfacet
  facet normal 0.641148 0.767417 -0
    outer loop
      vertex -8.56714 24.6471 0
      vertex -8.83717 24.8727 12
      vertex -8.56714 24.6471 12
    endloop
  endfacet
  facet normal 0.641148 0.767417 0
    outer loop
      vertex -8.83717 24.8727 12
      vertex -8.56714 24.6471 0
      vertex -8.83717 24.8727 0
    endloop
  endfacet
  facet normal 0.621131 0.783707 -0
    outer loop
      vertex -8.83717 24.8727 0
      vertex -9.11551 25.0933 12
      vertex -8.83717 24.8727 12
    endloop
  endfacet
  facet normal 0.621131 0.783707 0
    outer loop
      vertex -9.11551 25.0933 12
      vertex -8.83717 24.8727 0
      vertex -9.11551 25.0933 0
    endloop
  endfacet
  facet normal 0.601324 0.799005 -0
    outer loop
      vertex -9.11551 25.0933 0
      vertex -9.40305 25.3097 12
      vertex -9.11551 25.0933 12
    endloop
  endfacet
  facet normal 0.601324 0.799005 0
    outer loop
      vertex -9.40305 25.3097 12
      vertex -9.11551 25.0933 0
      vertex -9.40305 25.3097 0
    endloop
  endfacet
  facet normal -0.382692 0.923876 0
    outer loop
      vertex -9.40305 25.3097 0
      vertex -11.2477 24.5456 12
      vertex -9.40305 25.3097 12
    endloop
  endfacet
  facet normal -0.382692 0.923876 0
    outer loop
      vertex -11.2477 24.5456 12
      vertex -9.40305 25.3097 0
      vertex -11.2477 24.5456 0
    endloop
  endfacet
  facet normal -0.990187 0.139749 0
    outer loop
      vertex -11.298 24.1892 0
      vertex -11.2477 24.5456 12
      vertex -11.2477 24.5456 0
    endloop
  endfacet
  facet normal -0.990187 0.139749 0
    outer loop
      vertex -11.2477 24.5456 12
      vertex -11.298 24.1892 0
      vertex -11.298 24.1892 12
    endloop
  endfacet
  facet normal -0.993372 0.114945 0
    outer loop
      vertex -11.3388 23.8366 0
      vertex -11.298 24.1892 12
      vertex -11.298 24.1892 0
    endloop
  endfacet
  facet normal -0.993372 0.114945 0
    outer loop
      vertex -11.298 24.1892 12
      vertex -11.3388 23.8366 0
      vertex -11.3388 23.8366 12
    endloop
  endfacet
  facet normal -0.996016 0.0891785 0
    outer loop
      vertex -11.3702 23.4859 0
      vertex -11.3388 23.8366 12
      vertex -11.3388 23.8366 0
    endloop
  endfacet
  facet normal -0.996016 0.0891785 0
    outer loop
      vertex -11.3388 23.8366 12
      vertex -11.3702 23.4859 0
      vertex -11.3702 23.4859 12
    endloop
  endfacet
  facet normal -0.998028 0.0627727 0
    outer loop
      vertex -11.392 23.1393 0
      vertex -11.3702 23.4859 12
      vertex -11.3702 23.4859 0
    endloop
  endfacet
  facet normal -0.998028 0.0627727 0
    outer loop
      vertex -11.3702 23.4859 12
      vertex -11.392 23.1393 0
      vertex -11.392 23.1393 12
    endloop
  endfacet
  facet normal -0.999388 0.0349844 0
    outer loop
      vertex -11.404 22.7965 0
      vertex -11.392 23.1393 12
      vertex -11.392 23.1393 0
    endloop
  endfacet
  facet normal -0.999388 0.0349844 0
    outer loop
      vertex -11.392 23.1393 12
      vertex -11.404 22.7965 0
      vertex -11.404 22.7965 12
    endloop
  endfacet
  facet normal -0.999979 0.00647807 0
    outer loop
      vertex -11.4062 22.4569 0
      vertex -11.404 22.7965 12
      vertex -11.404 22.7965 0
    endloop
  endfacet
  facet normal -0.999979 0.00647807 0
    outer loop
      vertex -11.404 22.7965 12
      vertex -11.4062 22.4569 0
      vertex -11.4062 22.4569 12
    endloop
  endfacet
  facet normal -0.999716 -0.0238311 0
    outer loop
      vertex -11.3982 22.1213 0
      vertex -11.4062 22.4569 12
      vertex -11.4062 22.4569 0
    endloop
  endfacet
  facet normal -0.999716 -0.0238311 0
    outer loop
      vertex -11.4062 22.4569 12
      vertex -11.3982 22.1213 0
      vertex -11.3982 22.1213 12
    endloop
  endfacet
  facet normal -0.998472 -0.0552526 0
    outer loop
      vertex -11.3799 21.7906 0
      vertex -11.3982 22.1213 12
      vertex -11.3982 22.1213 0
    endloop
  endfacet
  facet normal -0.998472 -0.0552526 0
    outer loop
      vertex -11.3982 22.1213 12
      vertex -11.3799 21.7906 0
      vertex -11.3799 21.7906 12
    endloop
  endfacet
  facet normal -0.996008 -0.0892677 0
    outer loop
      vertex -11.3507 21.4648 0
      vertex -11.3799 21.7906 12
      vertex -11.3799 21.7906 0
    endloop
  endfacet
  facet normal -0.996008 -0.0892677 0
    outer loop
      vertex -11.3799 21.7906 12
      vertex -11.3507 21.4648 0
      vertex -11.3507 21.4648 12
    endloop
  endfacet
  facet normal -0.992154 -0.125025 0
    outer loop
      vertex -11.3103 21.1442 0
      vertex -11.3507 21.4648 12
      vertex -11.3507 21.4648 0
    endloop
  endfacet
  facet normal -0.992154 -0.125025 0
    outer loop
      vertex -11.3507 21.4648 12
      vertex -11.3103 21.1442 0
      vertex -11.3103 21.1442 12
    endloop
  endfacet
  facet normal -0.98647 -0.163941 0
    outer loop
      vertex -11.258 20.8295 0
      vertex -11.3103 21.1442 12
      vertex -11.3103 21.1442 0
    endloop
  endfacet
  facet normal -0.98647 -0.163941 0
    outer loop
      vertex -11.3103 21.1442 12
      vertex -11.258 20.8295 0
      vertex -11.258 20.8295 12
    endloop
  endfacet
  facet normal -0.978259 -0.207385 0
    outer loop
      vertex -11.1926 20.521 0
      vertex -11.258 20.8295 12
      vertex -11.258 20.8295 0
    endloop
  endfacet
  facet normal -0.978259 -0.207385 0
    outer loop
      vertex -11.258 20.8295 12
      vertex -11.1926 20.521 0
      vertex -11.1926 20.521 12
    endloop
  endfacet
  facet normal -0.96624 -0.257643 0
    outer loop
      vertex -11.1125 20.2206 0
      vertex -11.1926 20.521 12
      vertex -11.1926 20.521 0
    endloop
  endfacet
  facet normal -0.96624 -0.257643 0
    outer loop
      vertex -11.1926 20.521 12
      vertex -11.1125 20.2206 0
      vertex -11.1125 20.2206 12
    endloop
  endfacet
  facet normal -0.94757 -0.319548 0
    outer loop
      vertex -11.0144 19.9297 0
      vertex -11.1125 20.2206 12
      vertex -11.1125 20.2206 0
    endloop
  endfacet
  facet normal -0.94757 -0.319548 0
    outer loop
      vertex -11.1125 20.2206 12
      vertex -11.0144 19.9297 0
      vertex -11.0144 19.9297 12
    endloop
  endfacet
  facet normal -0.905312 -0.424747 0
    outer loop
      vertex -10.8858 19.6556 0
      vertex -11.0144 19.9297 12
      vertex -11.0144 19.9297 0
    endloop
  endfacet
  facet normal -0.905312 -0.424747 0
    outer loop
      vertex -11.0144 19.9297 12
      vertex -10.8858 19.6556 0
      vertex -10.8858 19.6556 12
    endloop
  endfacet
  facet normal -0.874801 -0.484483 0
    outer loop
      vertex -10.0945 18.2268 0
      vertex -10.8858 19.6556 12
      vertex -10.8858 19.6556 0
    endloop
  endfacet
  facet normal -0.874801 -0.484483 0
    outer loop
      vertex -10.8858 19.6556 12
      vertex -10.0945 18.2268 0
      vertex -10.0945 18.2268 12
    endloop
  endfacet
  facet normal -0.889791 -0.456368 0
    outer loop
      vertex -10.0766 18.1919 0
      vertex -10.0945 18.2268 12
      vertex -10.0945 18.2268 0
    endloop
  endfacet
  facet normal -0.889791 -0.456368 0
    outer loop
      vertex -10.0945 18.2268 12
      vertex -10.0766 18.1919 0
      vertex -10.0766 18.1919 12
    endloop
  endfacet
  facet normal -0.918882 -0.394534 0
    outer loop
      vertex -10.0611 18.1558 0
      vertex -10.0766 18.1919 12
      vertex -10.0766 18.1919 0
    endloop
  endfacet
  facet normal -0.918882 -0.394534 0
    outer loop
      vertex -10.0766 18.1919 12
      vertex -10.0611 18.1558 0
      vertex -10.0611 18.1558 12
    endloop
  endfacet
  facet normal -0.941857 -0.336014 0
    outer loop
      vertex -10.0479 18.1188 0
      vertex -10.0611 18.1558 12
      vertex -10.0611 18.1558 0
    endloop
  endfacet
  facet normal -0.941857 -0.336014 0
    outer loop
      vertex -10.0611 18.1558 12
      vertex -10.0479 18.1188 0
      vertex -10.0479 18.1188 12
    endloop
  endfacet
  facet normal -0.962004 -0.273036 0
    outer loop
      vertex -10.0372 18.0811 0
      vertex -10.0479 18.1188 12
      vertex -10.0479 18.1188 0
    endloop
  endfacet
  facet normal -0.962004 -0.273036 0
    outer loop
      vertex -10.0479 18.1188 12
      vertex -10.0372 18.0811 0
      vertex -10.0372 18.0811 12
    endloop
  endfacet
  facet normal -0.977428 -0.211267 0
    outer loop
      vertex -10.0289 18.0427 0
      vertex -10.0372 18.0811 12
      vertex -10.0372 18.0811 0
    endloop
  endfacet
  facet normal -0.977428 -0.211267 0
    outer loop
      vertex -10.0372 18.0811 12
      vertex -10.0289 18.0427 0
      vertex -10.0289 18.0427 12
    endloop
  endfacet
  facet normal -0.989434 -0.144981 0
    outer loop
      vertex -10.0232 18.0038 0
      vertex -10.0289 18.0427 12
      vertex -10.0289 18.0427 0
    endloop
  endfacet
  facet normal -0.989434 -0.144981 0
    outer loop
      vertex -10.0289 18.0427 12
      vertex -10.0232 18.0038 0
      vertex -10.0232 18.0038 12
    endloop
  endfacet
  facet normal -0.996872 -0.0790359 0
    outer loop
      vertex -10.0201 17.9647 0
      vertex -10.0232 18.0038 12
      vertex -10.0232 18.0038 0
    endloop
  endfacet
  facet normal -0.996872 -0.0790359 0
    outer loop
      vertex -10.0232 18.0038 12
      vertex -10.0201 17.9647 0
      vertex -10.0201 17.9647 12
    endloop
  endfacet
  facet normal -0.999883 -0.0152654 0
    outer loop
      vertex -10.0195 17.9254 0
      vertex -10.0201 17.9647 12
      vertex -10.0201 17.9647 0
    endloop
  endfacet
  facet normal -0.999883 -0.0152654 0
    outer loop
      vertex -10.0201 17.9647 12
      vertex -10.0195 17.9254 0
      vertex -10.0195 17.9254 12
    endloop
  endfacet
  facet normal -0.998701 0.0509541 0
    outer loop
      vertex -10.0215 17.8862 0
      vertex -10.0195 17.9254 12
      vertex -10.0195 17.9254 0
    endloop
  endfacet
  facet normal -0.998701 0.0509541 0
    outer loop
      vertex -10.0195 17.9254 12
      vertex -10.0215 17.8862 0
      vertex -10.0215 17.8862 12
    endloop
  endfacet
  facet normal -0.993409 0.114624 0
    outer loop
      vertex -10.026 17.8472 0
      vertex -10.0215 17.8862 12
      vertex -10.0215 17.8862 0
    endloop
  endfacet
  facet normal -0.993409 0.114624 0
    outer loop
      vertex -10.0215 17.8862 12
      vertex -10.026 17.8472 0
      vertex -10.026 17.8472 12
    endloop
  endfacet
  facet normal -0.983501 0.180903 0
    outer loop
      vertex -10.0331 17.8086 0
      vertex -10.026 17.8472 12
      vertex -10.026 17.8472 0
    endloop
  endfacet
  facet normal -0.983501 0.180903 0
    outer loop
      vertex -10.026 17.8472 12
      vertex -10.0331 17.8086 0
      vertex -10.0331 17.8086 12
    endloop
  endfacet
  facet normal -0.969692 0.244332 0
    outer loop
      vertex -10.0427 17.7705 0
      vertex -10.0331 17.8086 12
      vertex -10.0331 17.8086 0
    endloop
  endfacet
  facet normal -0.969692 0.244332 0
    outer loop
      vertex -10.0331 17.8086 12
      vertex -10.0427 17.7705 0
      vertex -10.0427 17.7705 12
    endloop
  endfacet
  facet normal -0.951203 0.308567 0
    outer loop
      vertex -10.0548 17.7332 0
      vertex -10.0427 17.7705 12
      vertex -10.0427 17.7705 0
    endloop
  endfacet
  facet normal -0.951203 0.308567 0
    outer loop
      vertex -10.0427 17.7705 12
      vertex -10.0548 17.7332 0
      vertex -10.0548 17.7332 12
    endloop
  endfacet
  facet normal -0.930224 0.366992 0
    outer loop
      vertex -10.0692 17.6967 0
      vertex -10.0548 17.7332 12
      vertex -10.0548 17.7332 0
    endloop
  endfacet
  facet normal -0.930224 0.366992 0
    outer loop
      vertex -10.0548 17.7332 12
      vertex -10.0692 17.6967 0
      vertex -10.0692 17.6967 12
    endloop
  endfacet
  facet normal -0.902908 0.429835 0
    outer loop
      vertex -10.0861 17.6612 0
      vertex -10.0692 17.6967 12
      vertex -10.0692 17.6967 0
    endloop
  endfacet
  facet normal -0.902908 0.429835 0
    outer loop
      vertex -10.0692 17.6967 12
      vertex -10.0861 17.6612 0
      vertex -10.0861 17.6612 12
    endloop
  endfacet
  facet normal -0.873676 0.486508 0
    outer loop
      vertex -10.1052 17.6269 0
      vertex -10.0861 17.6612 12
      vertex -10.0861 17.6612 0
    endloop
  endfacet
  facet normal -0.873676 0.486508 0
    outer loop
      vertex -10.0861 17.6612 12
      vertex -10.1052 17.6269 0
      vertex -10.1052 17.6269 12
    endloop
  endfacet
  facet normal -0.840184 0.542301 0
    outer loop
      vertex -10.1265 17.5939 0
      vertex -10.1052 17.6269 12
      vertex -10.1052 17.6269 0
    endloop
  endfacet
  facet normal -0.840184 0.542301 0
    outer loop
      vertex -10.1052 17.6269 12
      vertex -10.1265 17.5939 0
      vertex -10.1265 17.5939 12
    endloop
  endfacet
  facet normal -0.801524 0.597962 0
    outer loop
      vertex -10.15 17.5624 0
      vertex -10.1265 17.5939 12
      vertex -10.1265 17.5939 0
    endloop
  endfacet
  facet normal -0.801524 0.597962 0
    outer loop
      vertex -10.1265 17.5939 12
      vertex -10.15 17.5624 0
      vertex -10.15 17.5624 12
    endloop
  endfacet
  facet normal -0.762128 0.647426 0
    outer loop
      vertex -10.1754 17.5325 0
      vertex -10.15 17.5624 12
      vertex -10.15 17.5624 0
    endloop
  endfacet
  facet normal -0.762128 0.647426 0
    outer loop
      vertex -10.15 17.5624 12
      vertex -10.1754 17.5325 0
      vertex -10.1754 17.5325 12
    endloop
  endfacet
  facet normal -0.715968 0.698133 0
    outer loop
      vertex -10.2028 17.5044 0
      vertex -10.1754 17.5325 12
      vertex -10.1754 17.5325 0
    endloop
  endfacet
  facet normal -0.715968 0.698133 0
    outer loop
      vertex -10.1754 17.5325 12
      vertex -10.2028 17.5044 0
      vertex -10.2028 17.5044 12
    endloop
  endfacet
  facet normal -0.671912 0.740631 0
    outer loop
      vertex -10.2028 17.5044 0
      vertex -10.2319 17.478 12
      vertex -10.2028 17.5044 12
    endloop
  endfacet
  facet normal -0.671912 0.740631 0
    outer loop
      vertex -10.2319 17.478 12
      vertex -10.2028 17.5044 0
      vertex -10.2319 17.478 0
    endloop
  endfacet
  facet normal -0.619396 0.785078 0
    outer loop
      vertex -10.2319 17.478 0
      vertex -10.2627 17.4537 12
      vertex -10.2319 17.478 12
    endloop
  endfacet
  facet normal -0.619396 0.785078 0
    outer loop
      vertex -10.2627 17.4537 12
      vertex -10.2319 17.478 0
      vertex -10.2627 17.4537 0
    endloop
  endfacet
  facet normal -0.561856 0.827235 0
    outer loop
      vertex -10.2627 17.4537 0
      vertex -10.3026 17.4266 12
      vertex -10.2627 17.4537 12
    endloop
  endfacet
  facet normal -0.561856 0.827235 0
    outer loop
      vertex -10.3026 17.4266 12
      vertex -10.2627 17.4537 0
      vertex -10.3026 17.4266 0
    endloop
  endfacet
  facet normal -0.528081 0.849194 0
    outer loop
      vertex -10.3026 17.4266 0
      vertex -11.2504 16.8372 12
      vertex -10.3026 17.4266 12
    endloop
  endfacet
  facet normal -0.528081 0.849194 0
    outer loop
      vertex -11.2504 16.8372 12
      vertex -10.3026 17.4266 0
      vertex -11.2504 16.8372 0
    endloop
  endfacet
  facet normal -0.582509 0.812824 0
    outer loop
      vertex -11.2504 16.8372 0
      vertex -12.1574 16.1872 12
      vertex -11.2504 16.8372 12
    endloop
  endfacet
  facet normal -0.582509 0.812824 0
    outer loop
      vertex -12.1574 16.1872 12
      vertex -11.2504 16.8372 0
      vertex -12.1574 16.1872 0
    endloop
  endfacet
  facet normal -0.5547 0.83205 0
    outer loop
      vertex -12.1574 16.1872 0
      vertex -12.1901 16.1654 12
      vertex -12.1574 16.1872 12
    endloop
  endfacet
  facet normal -0.5547 0.83205 0
    outer loop
      vertex -12.1901 16.1654 12
      vertex -12.1574 16.1872 0
      vertex -12.1901 16.1654 0
    endloop
  endfacet
  facet normal -0.499428 0.866355 0
    outer loop
      vertex -12.1901 16.1654 0
      vertex -12.2241 16.1458 12
      vertex -12.1901 16.1654 12
    endloop
  endfacet
  facet normal -0.499428 0.866355 0
    outer loop
      vertex -12.2241 16.1458 12
      vertex -12.1901 16.1654 0
      vertex -12.2241 16.1458 0
    endloop
  endfacet
  facet normal -0.443134 0.896455 0
    outer loop
      vertex -12.2241 16.1458 0
      vertex -12.2593 16.1284 12
      vertex -12.2241 16.1458 12
    endloop
  endfacet
  facet normal -0.443134 0.896455 0
    outer loop
      vertex -12.2593 16.1284 12
      vertex -12.2241 16.1458 0
      vertex -12.2593 16.1284 0
    endloop
  endfacet
  facet normal -0.381902 0.924203 0
    outer loop
      vertex -12.2593 16.1284 0
      vertex -12.2956 16.1134 12
      vertex -12.2593 16.1284 12
    endloop
  endfacet
  facet normal -0.381902 0.924203 0
    outer loop
      vertex -12.2956 16.1134 12
      vertex -12.2593 16.1284 0
      vertex -12.2956 16.1134 0
    endloop
  endfacet
  facet normal -0.323868 0.946102 0
    outer loop
      vertex -12.2956 16.1134 0
      vertex -12.3327 16.1007 12
      vertex -12.2956 16.1134 12
    endloop
  endfacet
  facet normal -0.323868 0.946102 0
    outer loop
      vertex -12.3327 16.1007 12
      vertex -12.2956 16.1134 0
      vertex -12.3327 16.1007 0
    endloop
  endfacet
  facet normal -0.256871 0.966446 0
    outer loop
      vertex -12.3327 16.1007 0
      vertex -12.3707 16.0906 12
      vertex -12.3327 16.1007 12
    endloop
  endfacet
  facet normal -0.256871 0.966446 0
    outer loop
      vertex -12.3707 16.0906 12
      vertex -12.3327 16.1007 0
      vertex -12.3707 16.0906 0
    endloop
  endfacet
  facet normal -0.196116 0.980581 0
    outer loop
      vertex -12.3707 16.0906 0
      vertex -12.4092 16.0829 12
      vertex -12.3707 16.0906 12
    endloop
  endfacet
  facet normal -0.196116 0.980581 0
    outer loop
      vertex -12.4092 16.0829 12
      vertex -12.3707 16.0906 0
      vertex -12.4092 16.0829 0
    endloop
  endfacet
  facet normal -0.129993 0.991515 0
    outer loop
      vertex -12.4092 16.0829 0
      vertex -12.4481 16.0778 12
      vertex -12.4092 16.0829 12
    endloop
  endfacet
  facet normal -0.129993 0.991515 0
    outer loop
      vertex -12.4481 16.0778 12
      vertex -12.4092 16.0829 0
      vertex -12.4481 16.0778 0
    endloop
  endfacet
  facet normal -0.0661811 0.997808 0
    outer loop
      vertex -12.4481 16.0778 0
      vertex -12.4873 16.0752 12
      vertex -12.4481 16.0778 12
    endloop
  endfacet
  facet normal -0.0661811 0.997808 0
    outer loop
      vertex -12.4873 16.0752 12
      vertex -12.4481 16.0778 0
      vertex -12.4873 16.0752 0
    endloop
  endfacet
  facet normal 0 1 -0
    outer loop
      vertex -12.4873 16.0752 0
      vertex -12.5266 16.0752 12
      vertex -12.4873 16.0752 12
    endloop
  endfacet
  facet normal 0 1 0
    outer loop
      vertex -12.5266 16.0752 12
      vertex -12.4873 16.0752 0
      vertex -12.5266 16.0752 0
    endloop
  endfacet
  facet normal 0.0663496 0.997796 -0
    outer loop
      vertex -12.5266 16.0752 0
      vertex -12.5657 16.0778 12
      vertex -12.5266 16.0752 12
    endloop
  endfacet
  facet normal 0.0663496 0.997796 0
    outer loop
      vertex -12.5657 16.0778 12
      vertex -12.5266 16.0752 0
      vertex -12.5657 16.0778 0
    endloop
  endfacet
  facet normal 0.129665 0.991558 -0
    outer loop
      vertex -12.5657 16.0778 0
      vertex -12.6047 16.0829 12
      vertex -12.5657 16.0778 12
    endloop
  endfacet
  facet normal 0.129665 0.991558 0
    outer loop
      vertex -12.6047 16.0829 12
      vertex -12.5657 16.0778 0
      vertex -12.6047 16.0829 0
    endloop
  endfacet
  facet normal 0.196116 0.980581 -0
    outer loop
      vertex -12.6047 16.0829 0
      vertex -12.6432 16.0906 12
      vertex -12.6047 16.0829 12
    endloop
  endfacet
  facet normal 0.196116 0.980581 0
    outer loop
      vertex -12.6432 16.0906 12
      vertex -12.6047 16.0829 0
      vertex -12.6432 16.0906 0
    endloop
  endfacet
  facet normal 0.257504 0.966277 -0
    outer loop
      vertex -12.6432 16.0906 0
      vertex -12.6811 16.1007 12
      vertex -12.6432 16.0906 12
    endloop
  endfacet
  facet normal 0.257504 0.966277 0
    outer loop
      vertex -12.6811 16.1007 12
      vertex -12.6432 16.0906 0
      vertex -12.6811 16.1007 0
    endloop
  endfacet
  facet normal 0.323088 0.946369 -0
    outer loop
      vertex -12.6811 16.1007 0
      vertex -12.7183 16.1134 12
      vertex -12.6811 16.1007 12
    endloop
  endfacet
  facet normal 0.323088 0.946369 0
    outer loop
      vertex -12.7183 16.1134 12
      vertex -12.6811 16.1007 0
      vertex -12.7183 16.1134 0
    endloop
  endfacet
  facet normal 0.382803 0.92383 -0
    outer loop
      vertex -12.7183 16.1134 0
      vertex -12.7545 16.1284 12
      vertex -12.7183 16.1134 12
    endloop
  endfacet
  facet normal 0.382803 0.92383 0
    outer loop
      vertex -12.7545 16.1284 12
      vertex -12.7183 16.1134 0
      vertex -12.7545 16.1284 0
    endloop
  endfacet
  facet normal 0.440077 0.89796 -0
    outer loop
      vertex -12.7545 16.1284 0
      vertex -12.7898 16.1457 12
      vertex -12.7545 16.1284 12
    endloop
  endfacet
  facet normal 0.440077 0.89796 0
    outer loop
      vertex -12.7898 16.1457 12
      vertex -12.7545 16.1284 0
      vertex -12.7898 16.1457 0
    endloop
  endfacet
  facet normal 0.501337 0.865252 -0
    outer loop
      vertex -12.7898 16.1457 0
      vertex -12.8238 16.1654 12
      vertex -12.7898 16.1457 12
    endloop
  endfacet
  facet normal 0.501337 0.865252 0
    outer loop
      vertex -12.8238 16.1654 12
      vertex -12.7898 16.1457 0
      vertex -12.8238 16.1654 0
    endloop
  endfacet
  facet normal 0.555877 0.831265 -0
    outer loop
      vertex -12.8238 16.1654 0
      vertex -12.8564 16.1872 12
      vertex -12.8238 16.1654 12
    endloop
  endfacet
  facet normal 0.555877 0.831265 0
    outer loop
      vertex -12.8564 16.1872 12
      vertex -12.8238 16.1654 0
      vertex -12.8564 16.1872 0
    endloop
  endfacet
  facet normal 0.608111 0.793852 -0
    outer loop
      vertex -12.8564 16.1872 0
      vertex -12.8876 16.2111 12
      vertex -12.8564 16.1872 12
    endloop
  endfacet
  facet normal 0.608111 0.793852 0
    outer loop
      vertex -12.8876 16.2111 12
      vertex -12.8564 16.1872 0
      vertex -12.8876 16.2111 0
    endloop
  endfacet
  facet normal 0.659766 0.751471 -0
    outer loop
      vertex -12.8876 16.2111 0
      vertex -12.9171 16.237 12
      vertex -12.8876 16.2111 12
    endloop
  endfacet
  facet normal 0.659766 0.751471 0
    outer loop
      vertex -12.9171 16.237 12
      vertex -12.8876 16.2111 0
      vertex -12.9171 16.237 0
    endloop
  endfacet
  facet normal 0.707107 0.707107 0
    outer loop
      vertex -12.9171 16.237 12
      vertex -12.9448 16.2647 0
      vertex -12.9448 16.2647 12
    endloop
  endfacet
  facet normal 0.707107 0.707107 0
    outer loop
      vertex -12.9448 16.2647 0
      vertex -12.9171 16.237 12
      vertex -12.9171 16.237 0
    endloop
  endfacet
  facet normal 0.757056 0.65335 0
    outer loop
      vertex -12.9448 16.2647 12
      vertex -12.9763 16.3012 0
      vertex -12.9763 16.3012 12
    endloop
  endfacet
  facet normal 0.757056 0.65335 0
    outer loop
      vertex -12.9763 16.3012 0
      vertex -12.9448 16.2647 12
      vertex -12.9448 16.2647 0
    endloop
  endfacet
  facet normal 0.782372 0.622812 0
    outer loop
      vertex -12.9763 16.3012 12
      vertex -13.9935 17.579 0
      vertex -13.9935 17.579 12
    endloop
  endfacet
  facet normal 0.782372 0.622812 0
    outer loop
      vertex -13.9935 17.579 0
      vertex -12.9763 16.3012 12
      vertex -12.9763 16.3012 0
    endloop
  endfacet
  facet normal 0.738729 0.674003 0
    outer loop
      vertex -13.9935 17.579 12
      vertex -14.1976 17.8027 0
      vertex -14.1976 17.8027 12
    endloop
  endfacet
  facet normal 0.738729 0.674003 0
    outer loop
      vertex -14.1976 17.8027 0
      vertex -13.9935 17.579 12
      vertex -13.9935 17.579 0
    endloop
  endfacet
  facet normal 0.657928 0.753081 -0
    outer loop
      vertex -14.1976 17.8027 0
      vertex -14.4287 18.0046 12
      vertex -14.1976 17.8027 12
    endloop
  endfacet
  facet normal 0.657928 0.753081 0
    outer loop
      vertex -14.4287 18.0046 12
      vertex -14.1976 17.8027 0
      vertex -14.4287 18.0046 0
    endloop
  endfacet
  facet normal 0.607629 0.794221 -0
    outer loop
      vertex -14.4287 18.0046 0
      vertex -14.676 18.1938 12
      vertex -14.4287 18.0046 12
    endloop
  endfacet
  facet normal 0.607629 0.794221 0
    outer loop
      vertex -14.676 18.1938 12
      vertex -14.4287 18.0046 0
      vertex -14.676 18.1938 0
    endloop
  endfacet
  facet normal 0.566016 0.824394 -0
    outer loop
      vertex -14.676 18.1938 0
      vertex -14.9354 18.3719 12
      vertex -14.676 18.1938 12
    endloop
  endfacet
  facet normal 0.566016 0.824394 0
    outer loop
      vertex -14.9354 18.3719 12
      vertex -14.676 18.1938 0
      vertex -14.9354 18.3719 0
    endloop
  endfacet
  facet normal 0.529099 0.84856 -0
    outer loop
      vertex -14.9354 18.3719 0
      vertex -15.2066 18.541 12
      vertex -14.9354 18.3719 12
    endloop
  endfacet
  facet normal 0.529099 0.84856 0
    outer loop
      vertex -15.2066 18.541 12
      vertex -14.9354 18.3719 0
      vertex -15.2066 18.541 0
    endloop
  endfacet
  facet normal 0.495238 0.868757 -0
    outer loop
      vertex -15.2066 18.541 0
      vertex -15.4871 18.7009 12
      vertex -15.2066 18.541 12
    endloop
  endfacet
  facet normal 0.495238 0.868757 0
    outer loop
      vertex -15.4871 18.7009 12
      vertex -15.2066 18.541 0
      vertex -15.4871 18.7009 0
    endloop
  endfacet
  facet normal 0.463391 0.886154 -0
    outer loop
      vertex -15.4871 18.7009 0
      vertex -15.7772 18.8526 12
      vertex -15.4871 18.7009 12
    endloop
  endfacet
  facet normal 0.463391 0.886154 0
    outer loop
      vertex -15.7772 18.8526 12
      vertex -15.4871 18.7009 0
      vertex -15.7772 18.8526 0
    endloop
  endfacet
  facet normal 0.433389 0.901207 -0
    outer loop
      vertex -15.7772 18.8526 0
      vertex -16.0756 18.9961 12
      vertex -15.7772 18.8526 12
    endloop
  endfacet
  facet normal 0.433389 0.901207 0
    outer loop
      vertex -16.0756 18.9961 12
      vertex -15.7772 18.8526 0
      vertex -16.0756 18.9961 0
    endloop
  endfacet
  facet normal 0.404506 0.914535 -0
    outer loop
      vertex -16.0756 18.9961 0
      vertex -16.3824 19.1318 12
      vertex -16.0756 18.9961 12
    endloop
  endfacet
  facet normal 0.404506 0.914535 0
    outer loop
      vertex -16.3824 19.1318 12
      vertex -16.0756 18.9961 0
      vertex -16.3824 19.1318 0
    endloop
  endfacet
  facet normal 0.37667 0.926348 -0
    outer loop
      vertex -16.3824 19.1318 0
      vertex -16.6967 19.2596 12
      vertex -16.3824 19.1318 12
    endloop
  endfacet
  facet normal 0.37667 0.926348 0
    outer loop
      vertex -16.6967 19.2596 12
      vertex -16.3824 19.1318 0
      vertex -16.6967 19.2596 0
    endloop
  endfacet
  facet normal 0.350071 0.936723 -0
    outer loop
      vertex -16.6967 19.2596 0
      vertex -17.0186 19.3799 12
      vertex -16.6967 19.2596 12
    endloop
  endfacet
  facet normal 0.350071 0.936723 0
    outer loop
      vertex -17.0186 19.3799 12
      vertex -16.6967 19.2596 0
      vertex -17.0186 19.3799 0
    endloop
  endfacet
  facet normal 0.324162 0.946001 -0
    outer loop
      vertex -17.0186 19.3799 0
      vertex -17.3472 19.4925 12
      vertex -17.0186 19.3799 12
    endloop
  endfacet
  facet normal 0.324162 0.946001 0
    outer loop
      vertex -17.3472 19.4925 12
      vertex -17.0186 19.3799 0
      vertex -17.3472 19.4925 0
    endloop
  endfacet
  facet normal 0.298599 0.954379 -0
    outer loop
      vertex -17.3472 19.4925 0
      vertex -17.6828 19.5975 12
      vertex -17.3472 19.4925 12
    endloop
  endfacet
  facet normal 0.298599 0.954379 0
    outer loop
      vertex -17.6828 19.5975 12
      vertex -17.3472 19.4925 0
      vertex -17.6828 19.5975 0
    endloop
  endfacet
  facet normal 0.27383 0.961778 -0
    outer loop
      vertex -17.6828 19.5975 0
      vertex -18.0249 19.6949 12
      vertex -17.6828 19.5975 12
    endloop
  endfacet
  facet normal 0.27383 0.961778 0
    outer loop
      vertex -18.0249 19.6949 12
      vertex -17.6828 19.5975 0
      vertex -18.0249 19.6949 0
    endloop
  endfacet
  facet normal 0.249861 0.968282 -0
    outer loop
      vertex -18.0249 19.6949 0
      vertex -18.3729 19.7847 12
      vertex -18.0249 19.6949 12
    endloop
  endfacet
  facet normal 0.249861 0.968282 0
    outer loop
      vertex -18.3729 19.7847 12
      vertex -18.0249 19.6949 0
      vertex -18.3729 19.7847 0
    endloop
  endfacet
  facet normal -0.707107 0.707107 0
    outer loop
      vertex -19.7847 18.3729 0
      vertex -18.3729 19.7847 12
      vertex -18.3729 19.7847 0
    endloop
  endfacet
  facet normal -0.707107 0.707107 0
    outer loop
      vertex -18.3729 19.7847 12
      vertex -19.7847 18.3729 0
      vertex -19.7847 18.3729 12
    endloop
  endfacet
  facet normal -0.968282 -0.249861 0
    outer loop
      vertex -19.6949 18.0249 0
      vertex -19.7847 18.3729 12
      vertex -19.7847 18.3729 0
    endloop
  endfacet
  facet normal -0.968282 -0.249861 0
    outer loop
      vertex -19.7847 18.3729 12
      vertex -19.6949 18.0249 0
      vertex -19.6949 18.0249 12
    endloop
  endfacet
  facet normal -0.961778 -0.27383 0
    outer loop
      vertex -19.5975 17.6828 0
      vertex -19.6949 18.0249 12
      vertex -19.6949 18.0249 0
    endloop
  endfacet
  facet normal -0.961778 -0.27383 0
    outer loop
      vertex -19.6949 18.0249 12
      vertex -19.5975 17.6828 0
      vertex -19.5975 17.6828 12
    endloop
  endfacet
  facet normal -0.954379 -0.298599 0
    outer loop
      vertex -19.4925 17.3472 0
      vertex -19.5975 17.6828 12
      vertex -19.5975 17.6828 0
    endloop
  endfacet
  facet normal -0.954379 -0.298599 0
    outer loop
      vertex -19.5975 17.6828 12
      vertex -19.4925 17.3472 0
      vertex -19.4925 17.3472 12
    endloop
  endfacet
  facet normal -0.946001 -0.324162 0
    outer loop
      vertex -19.3799 17.0186 0
      vertex -19.4925 17.3472 12
      vertex -19.4925 17.3472 0
    endloop
  endfacet
  facet normal -0.946001 -0.324162 0
    outer loop
      vertex -19.4925 17.3472 12
      vertex -19.3799 17.0186 0
      vertex -19.3799 17.0186 12
    endloop
  endfacet
  facet normal -0.936723 -0.350071 0
    outer loop
      vertex -19.2596 16.6967 0
      vertex -19.3799 17.0186 12
      vertex -19.3799 17.0186 0
    endloop
  endfacet
  facet normal -0.936723 -0.350071 0
    outer loop
      vertex -19.3799 17.0186 12
      vertex -19.2596 16.6967 0
      vertex -19.2596 16.6967 12
    endloop
  endfacet
  facet normal -0.926348 -0.37667 0
    outer loop
      vertex -19.1318 16.3824 0
      vertex -19.2596 16.6967 12
      vertex -19.2596 16.6967 0
    endloop
  endfacet
  facet normal -0.926348 -0.37667 0
    outer loop
      vertex -19.2596 16.6967 12
      vertex -19.1318 16.3824 0
      vertex -19.1318 16.3824 12
    endloop
  endfacet
  facet normal -0.914535 -0.404506 0
    outer loop
      vertex -18.9961 16.0756 0
      vertex -19.1318 16.3824 12
      vertex -19.1318 16.3824 0
    endloop
  endfacet
  facet normal -0.914535 -0.404506 0
    outer loop
      vertex -19.1318 16.3824 12
      vertex -18.9961 16.0756 0
      vertex -18.9961 16.0756 12
    endloop
  endfacet
  facet normal -0.901207 -0.433389 0
    outer loop
      vertex -18.8526 15.7772 0
      vertex -18.9961 16.0756 12
      vertex -18.9961 16.0756 0
    endloop
  endfacet
  facet normal -0.901207 -0.433389 0
    outer loop
      vertex -18.9961 16.0756 12
      vertex -18.8526 15.7772 0
      vertex -18.8526 15.7772 12
    endloop
  endfacet
  facet normal -0.886154 -0.463391 0
    outer loop
      vertex -18.7009 15.4871 0
      vertex -18.8526 15.7772 12
      vertex -18.8526 15.7772 0
    endloop
  endfacet
  facet normal -0.886154 -0.463391 0
    outer loop
      vertex -18.8526 15.7772 12
      vertex -18.7009 15.4871 0
      vertex -18.7009 15.4871 12
    endloop
  endfacet
  facet normal -0.868757 -0.495238 0
    outer loop
      vertex -18.541 15.2066 0
      vertex -18.7009 15.4871 12
      vertex -18.7009 15.4871 0
    endloop
  endfacet
  facet normal -0.868757 -0.495238 0
    outer loop
      vertex -18.7009 15.4871 12
      vertex -18.541 15.2066 0
      vertex -18.541 15.2066 12
    endloop
  endfacet
  facet normal -0.84856 -0.529099 0
    outer loop
      vertex -18.3719 14.9354 0
      vertex -18.541 15.2066 12
      vertex -18.541 15.2066 0
    endloop
  endfacet
  facet normal -0.84856 -0.529099 0
    outer loop
      vertex -18.541 15.2066 12
      vertex -18.3719 14.9354 0
      vertex -18.3719 14.9354 12
    endloop
  endfacet
  facet normal -0.824394 -0.566016 0
    outer loop
      vertex -18.1938 14.676 0
      vertex -18.3719 14.9354 12
      vertex -18.3719 14.9354 0
    endloop
  endfacet
  facet normal -0.824394 -0.566016 0
    outer loop
      vertex -18.3719 14.9354 12
      vertex -18.1938 14.676 0
      vertex -18.1938 14.676 12
    endloop
  endfacet
  facet normal -0.794221 -0.607629 0
    outer loop
      vertex -18.0046 14.4287 0
      vertex -18.1938 14.676 12
      vertex -18.1938 14.676 0
    endloop
  endfacet
  facet normal -0.794221 -0.607629 0
    outer loop
      vertex -18.1938 14.676 12
      vertex -18.0046 14.4287 0
      vertex -18.0046 14.4287 12
    endloop
  endfacet
  facet normal -0.753081 -0.657928 0
    outer loop
      vertex -17.8027 14.1976 0
      vertex -18.0046 14.4287 12
      vertex -18.0046 14.4287 0
    endloop
  endfacet
  facet normal -0.753081 -0.657928 0
    outer loop
      vertex -18.0046 14.4287 12
      vertex -17.8027 14.1976 0
      vertex -17.8027 14.1976 12
    endloop
  endfacet
  facet normal -0.674003 -0.738729 0
    outer loop
      vertex -17.8027 14.1976 0
      vertex -17.579 13.9935 12
      vertex -17.8027 14.1976 12
    endloop
  endfacet
  facet normal -0.674003 -0.738729 -0
    outer loop
      vertex -17.579 13.9935 12
      vertex -17.8027 14.1976 0
      vertex -17.579 13.9935 0
    endloop
  endfacet
  facet normal -0.622812 -0.782372 0
    outer loop
      vertex -17.579 13.9935 0
      vertex -16.3012 12.9763 12
      vertex -17.579 13.9935 12
    endloop
  endfacet
  facet normal -0.622812 -0.782372 -0
    outer loop
      vertex -16.3012 12.9763 12
      vertex -17.579 13.9935 0
      vertex -16.3012 12.9763 0
    endloop
  endfacet
  facet normal -0.647426 -0.762128 0
    outer loop
      vertex -16.3012 12.9763 0
      vertex -16.2713 12.9509 12
      vertex -16.3012 12.9763 12
    endloop
  endfacet
  facet normal -0.647426 -0.762128 -0
    outer loop
      vertex -16.2713 12.9509 12
      vertex -16.3012 12.9763 0
      vertex -16.2713 12.9509 0
    endloop
  endfacet
  facet normal -0.695549 -0.718479 0
    outer loop
      vertex -16.2713 12.9509 0
      vertex -16.2431 12.9236 12
      vertex -16.2713 12.9509 12
    endloop
  endfacet
  facet normal -0.695549 -0.718479 -0
    outer loop
      vertex -16.2431 12.9236 12
      vertex -16.2713 12.9509 0
      vertex -16.2431 12.9236 0
    endloop
  endfacet
  facet normal -0.743041 -0.669246 0
    outer loop
      vertex -16.2168 12.8944 0
      vertex -16.2431 12.9236 12
      vertex -16.2431 12.9236 0
    endloop
  endfacet
  facet normal -0.743041 -0.669246 0
    outer loop
      vertex -16.2431 12.9236 12
      vertex -16.2168 12.8944 0
      vertex -16.2168 12.8944 12
    endloop
  endfacet
  facet normal -0.783839 -0.620964 0
    outer loop
      vertex -16.1924 12.8636 0
      vertex -16.2168 12.8944 12
      vertex -16.2168 12.8944 0
    endloop
  endfacet
  facet normal -0.783839 -0.620964 0
    outer loop
      vertex -16.2168 12.8944 12
      vertex -16.1924 12.8636 0
      vertex -16.1924 12.8636 12
    endloop
  endfacet
  facet normal -0.824116 -0.566421 0
    outer loop
      vertex -16.1702 12.8313 0
      vertex -16.1924 12.8636 12
      vertex -16.1924 12.8636 0
    endloop
  endfacet
  facet normal -0.824116 -0.566421 0
    outer loop
      vertex -16.1924 12.8636 12
      vertex -16.1702 12.8313 0
      vertex -16.1702 12.8313 12
    endloop
  endfacet
  facet normal -0.857717 -0.514121 0
    outer loop
      vertex -16.15 12.7976 0
      vertex -16.1702 12.8313 12
      vertex -16.1702 12.8313 0
    endloop
  endfacet
  facet normal -0.857717 -0.514121 0
    outer loop
      vertex -16.1702 12.8313 12
      vertex -16.15 12.7976 0
      vertex -16.15 12.7976 12
    endloop
  endfacet
  facet normal -0.889791 -0.456368 0
    outer loop
      vertex -16.1321 12.7627 0
      vertex -16.15 12.7976 12
      vertex -16.15 12.7976 0
    endloop
  endfacet
  facet normal -0.889791 -0.456368 0
    outer loop
      vertex -16.15 12.7976 12
      vertex -16.1321 12.7627 0
      vertex -16.1321 12.7627 12
    endloop
  endfacet
  facet normal -0.918882 -0.394534 0
    outer loop
      vertex -16.1166 12.7266 0
      vertex -16.1321 12.7627 12
      vertex -16.1321 12.7627 0
    endloop
  endfacet
  facet normal -0.918882 -0.394534 0
    outer loop
      vertex -16.1321 12.7627 12
      vertex -16.1166 12.7266 0
      vertex -16.1166 12.7266 12
    endloop
  endfacet
  facet normal -0.941857 -0.336014 0
    outer loop
      vertex -16.1034 12.6896 0
      vertex -16.1166 12.7266 12
      vertex -16.1166 12.7266 0
    endloop
  endfacet
  facet normal -0.941857 -0.336014 0
    outer loop
      vertex -16.1166 12.7266 12
      vertex -16.1034 12.6896 0
      vertex -16.1034 12.6896 12
    endloop
  endfacet
  facet normal -0.962004 -0.273036 0
    outer loop
      vertex -16.0927 12.6519 0
      vertex -16.1034 12.6896 12
      vertex -16.1034 12.6896 0
    endloop
  endfacet
  facet normal -0.962004 -0.273036 0
    outer loop
      vertex -16.1034 12.6896 12
      vertex -16.0927 12.6519 0
      vertex -16.0927 12.6519 12
    endloop
  endfacet
  facet normal -0.977428 -0.211267 0
    outer loop
      vertex -16.0844 12.6135 0
      vertex -16.0927 12.6519 12
      vertex -16.0927 12.6519 0
    endloop
  endfacet
  facet normal -0.977428 -0.211267 0
    outer loop
      vertex -16.0927 12.6519 12
      vertex -16.0844 12.6135 0
      vertex -16.0844 12.6135 12
    endloop
  endfacet
  facet normal -0.989434 -0.144981 0
    outer loop
      vertex -16.0787 12.5746 0
      vertex -16.0844 12.6135 12
      vertex -16.0844 12.6135 0
    endloop
  endfacet
  facet normal -0.989434 -0.144981 0
    outer loop
      vertex -16.0844 12.6135 12
      vertex -16.0787 12.5746 0
      vertex -16.0787 12.5746 12
    endloop
  endfacet
  facet normal -0.996872 -0.0790359 0
    outer loop
      vertex -16.0756 12.5355 0
      vertex -16.0787 12.5746 12
      vertex -16.0787 12.5746 0
    endloop
  endfacet
  facet normal -0.996872 -0.0790359 0
    outer loop
      vertex -16.0787 12.5746 12
      vertex -16.0756 12.5355 0
      vertex -16.0756 12.5355 12
    endloop
  endfacet
  facet normal -0.999883 -0.0152654 0
    outer loop
      vertex -16.075 12.4962 0
      vertex -16.0756 12.5355 12
      vertex -16.0756 12.5355 0
    endloop
  endfacet
  facet normal -0.999883 -0.0152654 0
    outer loop
      vertex -16.0756 12.5355 12
      vertex -16.075 12.4962 0
      vertex -16.075 12.4962 12
    endloop
  endfacet
  facet normal -0.998701 0.0509541 0
    outer loop
      vertex -16.077 12.457 0
      vertex -16.075 12.4962 12
      vertex -16.075 12.4962 0
    endloop
  endfacet
  facet normal -0.998701 0.0509541 0
    outer loop
      vertex -16.075 12.4962 12
      vertex -16.077 12.457 0
      vertex -16.077 12.457 12
    endloop
  endfacet
  facet normal -0.993409 0.114624 0
    outer loop
      vertex -16.0815 12.418 0
      vertex -16.077 12.457 12
      vertex -16.077 12.457 0
    endloop
  endfacet
  facet normal -0.993409 0.114624 0
    outer loop
      vertex -16.077 12.457 12
      vertex -16.0815 12.418 0
      vertex -16.0815 12.418 12
    endloop
  endfacet
  facet normal -0.983501 0.180903 0
    outer loop
      vertex -16.0886 12.3794 0
      vertex -16.0815 12.418 12
      vertex -16.0815 12.418 0
    endloop
  endfacet
  facet normal -0.983501 0.180903 0
    outer loop
      vertex -16.0815 12.418 12
      vertex -16.0886 12.3794 0
      vertex -16.0886 12.3794 12
    endloop
  endfacet
  facet normal -0.969692 0.244332 0
    outer loop
      vertex -16.0982 12.3413 0
      vertex -16.0886 12.3794 12
      vertex -16.0886 12.3794 0
    endloop
  endfacet
  facet normal -0.969692 0.244332 0
    outer loop
      vertex -16.0886 12.3794 12
      vertex -16.0982 12.3413 0
      vertex -16.0982 12.3413 12
    endloop
  endfacet
  facet normal -0.951203 0.308567 0
    outer loop
      vertex -16.1103 12.304 0
      vertex -16.0982 12.3413 12
      vertex -16.0982 12.3413 0
    endloop
  endfacet
  facet normal -0.951203 0.308567 0
    outer loop
      vertex -16.0982 12.3413 12
      vertex -16.1103 12.304 0
      vertex -16.1103 12.304 12
    endloop
  endfacet
  facet normal -0.929352 0.369195 0
    outer loop
      vertex -16.1248 12.2675 0
      vertex -16.1103 12.304 12
      vertex -16.1103 12.304 0
    endloop
  endfacet
  facet normal -0.929352 0.369195 0
    outer loop
      vertex -16.1103 12.304 12
      vertex -16.1248 12.2675 0
      vertex -16.1248 12.2675 12
    endloop
  endfacet
  facet normal -0.903893 0.427758 0
    outer loop
      vertex -16.1416 12.232 0
      vertex -16.1248 12.2675 12
      vertex -16.1248 12.2675 0
    endloop
  endfacet
  facet normal -0.903893 0.427758 0
    outer loop
      vertex -16.1248 12.2675 12
      vertex -16.1416 12.232 0
      vertex -16.1416 12.232 12
    endloop
  endfacet
  facet normal -0.873676 0.486508 0
    outer loop
      vertex -16.1607 12.1977 0
      vertex -16.1416 12.232 12
      vertex -16.1416 12.232 0
    endloop
  endfacet
  facet normal -0.873676 0.486508 0
    outer loop
      vertex -16.1416 12.232 12
      vertex -16.1607 12.1977 0
      vertex -16.1607 12.1977 12
    endloop
  endfacet
  facet normal -0.835542 0.549426 0
    outer loop
      vertex -16.1872 12.1574 0
      vertex -16.1607 12.1977 12
      vertex -16.1607 12.1977 0
    endloop
  endfacet
  facet normal -0.835542 0.549426 0
    outer loop
      vertex -16.1607 12.1977 12
      vertex -16.1872 12.1574 0
      vertex -16.1872 12.1574 12
    endloop
  endfacet
  facet normal -0.812824 0.582509 0
    outer loop
      vertex -16.8372 11.2504 0
      vertex -16.1872 12.1574 12
      vertex -16.1872 12.1574 0
    endloop
  endfacet
  facet normal -0.812824 0.582509 0
    outer loop
      vertex -16.1872 12.1574 12
      vertex -16.8372 11.2504 0
      vertex -16.8372 11.2504 12
    endloop
  endfacet
  facet normal -0.849194 0.528081 0
    outer loop
      vertex -17.4266 10.3026 0
      vertex -16.8372 11.2504 12
      vertex -16.8372 11.2504 0
    endloop
  endfacet
  facet normal -0.849194 0.528081 0
    outer loop
      vertex -16.8372 11.2504 12
      vertex -17.4266 10.3026 0
      vertex -17.4266 10.3026 12
    endloop
  endfacet
  facet normal -0.83205 0.5547 0
    outer loop
      vertex -17.4484 10.2699 0
      vertex -17.4266 10.3026 12
      vertex -17.4266 10.3026 0
    endloop
  endfacet
  facet normal -0.83205 0.5547 0
    outer loop
      vertex -17.4266 10.3026 12
      vertex -17.4484 10.2699 0
      vertex -17.4484 10.2699 12
    endloop
  endfacet
  facet normal -0.792908 0.609341 0
    outer loop
      vertex -17.4723 10.2388 0
      vertex -17.4484 10.2699 12
      vertex -17.4484 10.2699 0
    endloop
  endfacet
  facet normal -0.792908 0.609341 0
    outer loop
      vertex -17.4484 10.2699 12
      vertex -17.4723 10.2388 0
      vertex -17.4723 10.2388 12
    endloop
  endfacet
  facet normal -0.752577 0.658505 0
    outer loop
      vertex -17.4982 10.2092 0
      vertex -17.4723 10.2388 12
      vertex -17.4723 10.2388 0
    endloop
  endfacet
  facet normal -0.752577 0.658505 0
    outer loop
      vertex -17.4723 10.2388 12
      vertex -17.4982 10.2092 0
      vertex -17.4982 10.2092 12
    endloop
  endfacet
  facet normal -0.705832 0.70838 0
    outer loop
      vertex -17.526 10.1815 0
      vertex -17.4982 10.2092 12
      vertex -17.4982 10.2092 0
    endloop
  endfacet
  facet normal -0.705832 0.70838 0
    outer loop
      vertex -17.4982 10.2092 12
      vertex -17.526 10.1815 0
      vertex -17.526 10.1815 12
    endloop
  endfacet
  facet normal -0.659766 0.751471 0
    outer loop
      vertex -17.526 10.1815 0
      vertex -17.5555 10.1556 12
      vertex -17.526 10.1815 12
    endloop
  endfacet
  facet normal -0.659766 0.751471 0
    outer loop
      vertex -17.5555 10.1556 12
      vertex -17.526 10.1815 0
      vertex -17.5555 10.1556 0
    endloop
  endfacet
  facet normal -0.609341 0.792908 0
    outer loop
      vertex -17.5555 10.1556 0
      vertex -17.5866 10.1317 12
      vertex -17.5555 10.1556 12
    endloop
  endfacet
  facet normal -0.609341 0.792908 0
    outer loop
      vertex -17.5866 10.1317 12
      vertex -17.5555 10.1556 0
      vertex -17.5866 10.1317 0
    endloop
  endfacet
  facet normal -0.5547 0.83205 0
    outer loop
      vertex -17.5866 10.1317 0
      vertex -17.6193 10.1099 12
      vertex -17.5866 10.1317 12
    endloop
  endfacet
  facet normal -0.5547 0.83205 0
    outer loop
      vertex -17.6193 10.1099 12
      vertex -17.5866 10.1317 0
      vertex -17.6193 10.1099 0
    endloop
  endfacet
  facet normal -0.501337 0.865252 0
    outer loop
      vertex -17.6193 10.1099 0
      vertex -17.6533 10.0902 12
      vertex -17.6193 10.1099 12
    endloop
  endfacet
  facet normal -0.501337 0.865252 0
    outer loop
      vertex -17.6533 10.0902 12
      vertex -17.6193 10.1099 0
      vertex -17.6533 10.0902 0
    endloop
  endfacet
  facet normal -0.441084 0.897466 0
    outer loop
      vertex -17.6533 10.0902 0
      vertex -17.6885 10.0729 12
      vertex -17.6533 10.0902 12
    endloop
  endfacet
  facet normal -0.441084 0.897466 0
    outer loop
      vertex -17.6885 10.0729 12
      vertex -17.6533 10.0902 0
      vertex -17.6885 10.0729 0
    endloop
  endfacet
  facet normal -0.381902 0.924203 0
    outer loop
      vertex -17.6885 10.0729 0
      vertex -17.7248 10.0579 12
      vertex -17.6885 10.0729 12
    endloop
  endfacet
  facet normal -0.381902 0.924203 0
    outer loop
      vertex -17.7248 10.0579 12
      vertex -17.6885 10.0729 0
      vertex -17.7248 10.0579 0
    endloop
  endfacet
  facet normal -0.323868 0.946102 0
    outer loop
      vertex -17.7248 10.0579 0
      vertex -17.7619 10.0452 12
      vertex -17.7248 10.0579 12
    endloop
  endfacet
  facet normal -0.323868 0.946102 0
    outer loop
      vertex -17.7619 10.0452 12
      vertex -17.7248 10.0579 0
      vertex -17.7619 10.0452 0
    endloop
  endfacet
  facet normal -0.256871 0.966446 0
    outer loop
      vertex -17.7619 10.0452 0
      vertex -17.7999 10.0351 12
      vertex -17.7619 10.0452 12
    endloop
  endfacet
  facet normal -0.256871 0.966446 0
    outer loop
      vertex -17.7999 10.0351 12
      vertex -17.7619 10.0452 0
      vertex -17.7999 10.0351 0
    endloop
  endfacet
  facet normal -0.196116 0.980581 0
    outer loop
      vertex -17.7999 10.0351 0
      vertex -17.8384 10.0274 12
      vertex -17.7999 10.0351 12
    endloop
  endfacet
  facet normal -0.196116 0.980581 0
    outer loop
      vertex -17.8384 10.0274 12
      vertex -17.7999 10.0351 0
      vertex -17.8384 10.0274 0
    endloop
  endfacet
  facet normal -0.129993 0.991515 0
    outer loop
      vertex -17.8384 10.0274 0
      vertex -17.8773 10.0223 12
      vertex -17.8384 10.0274 12
    endloop
  endfacet
  facet normal -0.129993 0.991515 0
    outer loop
      vertex -17.8773 10.0223 12
      vertex -17.8384 10.0274 0
      vertex -17.8773 10.0223 0
    endloop
  endfacet
  facet normal -0.0661811 0.997808 0
    outer loop
      vertex -17.8773 10.0223 0
      vertex -17.9165 10.0197 12
      vertex -17.8773 10.0223 12
    endloop
  endfacet
  facet normal -0.0661811 0.997808 0
    outer loop
      vertex -17.9165 10.0197 12
      vertex -17.8773 10.0223 0
      vertex -17.9165 10.0197 0
    endloop
  endfacet
  facet normal 0 1 -0
    outer loop
      vertex -17.9165 10.0197 0
      vertex -17.9557 10.0197 12
      vertex -17.9165 10.0197 12
    endloop
  endfacet
  facet normal 0 1 0
    outer loop
      vertex -17.9557 10.0197 12
      vertex -17.9165 10.0197 0
      vertex -17.9557 10.0197 0
    endloop
  endfacet
  facet normal 0.0661811 0.997808 -0
    outer loop
      vertex -17.9557 10.0197 0
      vertex -17.9949 10.0223 12
      vertex -17.9557 10.0197 12
    endloop
  endfacet
  facet normal 0.0661811 0.997808 0
    outer loop
      vertex -17.9949 10.0223 12
      vertex -17.9557 10.0197 0
      vertex -17.9949 10.0223 0
    endloop
  endfacet
  facet normal 0.129993 0.991515 -0
    outer loop
      vertex -17.9949 10.0223 0
      vertex -18.0338 10.0274 12
      vertex -17.9949 10.0223 12
    endloop
  endfacet
  facet normal 0.129993 0.991515 0
    outer loop
      vertex -18.0338 10.0274 12
      vertex -17.9949 10.0223 0
      vertex -18.0338 10.0274 0
    endloop
  endfacet
  facet normal 0.195628 0.980678 -0
    outer loop
      vertex -18.0338 10.0274 0
      vertex -18.0724 10.0351 12
      vertex -18.0338 10.0274 12
    endloop
  endfacet
  facet normal 0.195628 0.980678 0
    outer loop
      vertex -18.0724 10.0351 12
      vertex -18.0338 10.0274 0
      vertex -18.0724 10.0351 0
    endloop
  endfacet
  facet normal 0.257504 0.966277 -0
    outer loop
      vertex -18.0724 10.0351 0
      vertex -18.1103 10.0452 12
      vertex -18.0724 10.0351 12
    endloop
  endfacet
  facet normal 0.257504 0.966277 0
    outer loop
      vertex -18.1103 10.0452 12
      vertex -18.0724 10.0351 0
      vertex -18.1103 10.0452 0
    endloop
  endfacet
  facet normal 0.323088 0.946369 -0
    outer loop
      vertex -18.1103 10.0452 0
      vertex -18.1475 10.0579 12
      vertex -18.1103 10.0452 12
    endloop
  endfacet
  facet normal 0.323088 0.946369 0
    outer loop
      vertex -18.1475 10.0579 12
      vertex -18.1103 10.0452 0
      vertex -18.1475 10.0579 0
    endloop
  endfacet
  facet normal 0.382803 0.92383 -0
    outer loop
      vertex -18.1475 10.0579 0
      vertex -18.1837 10.0729 12
      vertex -18.1475 10.0579 12
    endloop
  endfacet
  facet normal 0.382803 0.92383 0
    outer loop
      vertex -18.1837 10.0729 12
      vertex -18.1475 10.0579 0
      vertex -18.1837 10.0729 0
    endloop
  endfacet
  facet normal 0.448043 0.894012 -0
    outer loop
      vertex -18.1837 10.0729 0
      vertex -18.2268 10.0945 12
      vertex -18.1837 10.0729 12
    endloop
  endfacet
  facet normal 0.448043 0.894012 0
    outer loop
      vertex -18.2268 10.0945 12
      vertex -18.1837 10.0729 0
      vertex -18.2268 10.0945 0
    endloop
  endfacet
  facet normal 0.484483 0.874801 -0
    outer loop
      vertex -18.2268 10.0945 0
      vertex -19.6556 10.8858 12
      vertex -18.2268 10.0945 12
    endloop
  endfacet
  facet normal 0.484483 0.874801 0
    outer loop
      vertex -19.6556 10.8858 12
      vertex -18.2268 10.0945 0
      vertex -19.6556 10.8858 0
    endloop
  endfacet
  facet normal 0.424747 0.905312 -0
    outer loop
      vertex -19.6556 10.8858 0
      vertex -19.9297 11.0144 12
      vertex -19.6556 10.8858 12
    endloop
  endfacet
  facet normal 0.424747 0.905312 0
    outer loop
      vertex -19.9297 11.0144 12
      vertex -19.6556 10.8858 0
      vertex -19.9297 11.0144 0
    endloop
  endfacet
  facet normal 0.319548 0.94757 -0
    outer loop
      vertex -19.9297 11.0144 0
      vertex -20.2206 11.1125 12
      vertex -19.9297 11.0144 12
    endloop
  endfacet
  facet normal 0.319548 0.94757 0
    outer loop
      vertex -20.2206 11.1125 12
      vertex -19.9297 11.0144 0
      vertex -20.2206 11.1125 0
    endloop
  endfacet
  facet normal 0.257643 0.96624 -0
    outer loop
      vertex -20.2206 11.1125 0
      vertex -20.521 11.1926 12
      vertex -20.2206 11.1125 12
    endloop
  endfacet
  facet normal 0.257643 0.96624 0
    outer loop
      vertex -20.521 11.1926 12
      vertex -20.2206 11.1125 0
      vertex -20.521 11.1926 0
    endloop
  endfacet
  facet normal 0.207385 0.978259 -0
    outer loop
      vertex -20.521 11.1926 0
      vertex -20.8295 11.258 12
      vertex -20.521 11.1926 12
    endloop
  endfacet
  facet normal 0.207385 0.978259 0
    outer loop
      vertex -20.8295 11.258 12
      vertex -20.521 11.1926 0
      vertex -20.8295 11.258 0
    endloop
  endfacet
  facet normal 0.163941 0.98647 -0
    outer loop
      vertex -20.8295 11.258 0
      vertex -21.1442 11.3103 12
      vertex -20.8295 11.258 12
    endloop
  endfacet
  facet normal 0.163941 0.98647 0
    outer loop
      vertex -21.1442 11.3103 12
      vertex -20.8295 11.258 0
      vertex -21.1442 11.3103 0
    endloop
  endfacet
  facet normal 0.125025 0.992154 -0
    outer loop
      vertex -21.1442 11.3103 0
      vertex -21.4648 11.3507 12
      vertex -21.1442 11.3103 12
    endloop
  endfacet
  facet normal 0.125025 0.992154 0
    outer loop
      vertex -21.4648 11.3507 12
      vertex -21.1442 11.3103 0
      vertex -21.4648 11.3507 0
    endloop
  endfacet
  facet normal 0.0892677 0.996008 -0
    outer loop
      vertex -21.4648 11.3507 0
      vertex -21.7906 11.3799 12
      vertex -21.4648 11.3507 12
    endloop
  endfacet
  facet normal 0.0892677 0.996008 0
    outer loop
      vertex -21.7906 11.3799 12
      vertex -21.4648 11.3507 0
      vertex -21.7906 11.3799 0
    endloop
  endfacet
  facet normal 0.0552526 0.998472 -0
    outer loop
      vertex -21.7906 11.3799 0
      vertex -22.1213 11.3982 12
      vertex -21.7906 11.3799 12
    endloop
  endfacet
  facet normal 0.0552526 0.998472 0
    outer loop
      vertex -22.1213 11.3982 12
      vertex -21.7906 11.3799 0
      vertex -22.1213 11.3982 0
    endloop
  endfacet
  facet normal 0.0238311 0.999716 -0
    outer loop
      vertex -22.1213 11.3982 0
      vertex -22.4569 11.4062 12
      vertex -22.1213 11.3982 12
    endloop
  endfacet
  facet normal 0.0238311 0.999716 0
    outer loop
      vertex -22.4569 11.4062 12
      vertex -22.1213 11.3982 0
      vertex -22.4569 11.4062 0
    endloop
  endfacet
  facet normal -0.00647807 0.999979 0
    outer loop
      vertex -22.4569 11.4062 0
      vertex -22.7965 11.404 12
      vertex -22.4569 11.4062 12
    endloop
  endfacet
  facet normal -0.00647807 0.999979 0
    outer loop
      vertex -22.7965 11.404 12
      vertex -22.4569 11.4062 0
      vertex -22.7965 11.404 0
    endloop
  endfacet
  facet normal -0.0349844 0.999388 0
    outer loop
      vertex -22.7965 11.404 0
      vertex -23.1393 11.392 12
      vertex -22.7965 11.404 12
    endloop
  endfacet
  facet normal -0.0349844 0.999388 0
    outer loop
      vertex -23.1393 11.392 12
      vertex -22.7965 11.404 0
      vertex -23.1393 11.392 0
    endloop
  endfacet
  facet normal -0.0627727 0.998028 0
    outer loop
      vertex -23.1393 11.392 0
      vertex -23.4859 11.3702 12
      vertex -23.1393 11.392 12
    endloop
  endfacet
  facet normal -0.0627727 0.998028 0
    outer loop
      vertex -23.4859 11.3702 12
      vertex -23.1393 11.392 0
      vertex -23.4859 11.3702 0
    endloop
  endfacet
  facet normal -0.0891785 0.996016 0
    outer loop
      vertex -23.4859 11.3702 0
      vertex -23.8366 11.3388 12
      vertex -23.4859 11.3702 12
    endloop
  endfacet
  facet normal -0.0891785 0.996016 0
    outer loop
      vertex -23.8366 11.3388 12
      vertex -23.4859 11.3702 0
      vertex -23.8366 11.3388 0
    endloop
  endfacet
  facet normal -0.114881 0.993379 0
    outer loop
      vertex -23.8366 11.3388 0
      vertex -24.1894 11.298 12
      vertex -23.8366 11.3388 12
    endloop
  endfacet
  facet normal -0.114881 0.993379 0
    outer loop
      vertex -24.1894 11.298 12
      vertex -23.8366 11.3388 0
      vertex -24.1894 11.298 0
    endloop
  endfacet
  facet normal -0.139826 0.990176 0
    outer loop
      vertex -24.1894 11.298 0
      vertex -24.5456 11.2477 12
      vertex -24.1894 11.298 12
    endloop
  endfacet
  facet normal -0.139826 0.990176 0
    outer loop
      vertex -24.5456 11.2477 12
      vertex -24.1894 11.298 0
      vertex -24.5456 11.2477 0
    endloop
  endfacet
  facet normal -0.923876 0.382692 0
    outer loop
      vertex -25.3097 9.40305 0
      vertex -24.5456 11.2477 12
      vertex -24.5456 11.2477 0
    endloop
  endfacet
  facet normal -0.923876 0.382692 0
    outer loop
      vertex -24.5456 11.2477 12
      vertex -25.3097 9.40305 0
      vertex -25.3097 9.40305 12
    endloop
  endfacet
  facet normal -0.799005 -0.601324 0
    outer loop
      vertex -25.0933 9.11551 0
      vertex -25.3097 9.40305 12
      vertex -25.3097 9.40305 0
    endloop
  endfacet
  facet normal -0.799005 -0.601324 0
    outer loop
      vertex -25.3097 9.40305 12
      vertex -25.0933 9.11551 0
      vertex -25.0933 9.11551 12
    endloop
  endfacet
  facet normal -0.783707 -0.621131 0
    outer loop
      vertex -24.8727 8.83717 0
      vertex -25.0933 9.11551 12
      vertex -25.0933 9.11551 0
    endloop
  endfacet
  facet normal -0.783707 -0.621131 0
    outer loop
      vertex -25.0933 9.11551 12
      vertex -24.8727 8.83717 0
      vertex -24.8727 8.83717 12
    endloop
  endfacet
  facet normal -0.767417 -0.641148 0
    outer loop
      vertex -24.6471 8.56714 0
      vertex -24.8727 8.83717 12
      vertex -24.8727 8.83717 0
    endloop
  endfacet
  facet normal -0.767417 -0.641148 0
    outer loop
      vertex -24.8727 8.83717 12
      vertex -24.6471 8.56714 0
      vertex -24.6471 8.56714 12
    endloop
  endfacet
  facet normal -0.750014 -0.661421 0
    outer loop
      vertex -24.4176 8.3069 0
      vertex -24.6471 8.56714 12
      vertex -24.6471 8.56714 0
    endloop
  endfacet
  facet normal -0.750014 -0.661421 0
    outer loop
      vertex -24.6471 8.56714 12
      vertex -24.4176 8.3069 0
      vertex -24.4176 8.3069 12
    endloop
  endfacet
  facet normal -0.731485 -0.681858 0
    outer loop
      vertex -24.1832 8.05544 0
      vertex -24.4176 8.3069 12
      vertex -24.4176 8.3069 0
    endloop
  endfacet
  facet normal -0.731485 -0.681858 0
    outer loop
      vertex -24.4176 8.3069 12
      vertex -24.1832 8.05544 0
      vertex -24.1832 8.05544 12
    endloop
  endfacet
  facet normal -0.711618 -0.702567 0
    outer loop
      vertex -23.9449 7.81407 0
      vertex -24.1832 8.05544 12
      vertex -24.1832 8.05544 0
    endloop
  endfacet
  facet normal -0.711618 -0.702567 0
    outer loop
      vertex -24.1832 8.05544 12
      vertex -23.9449 7.81407 0
      vertex -23.9449 7.81407 12
    endloop
  endfacet
  facet normal -0.69018 -0.723638 0
    outer loop
      vertex -23.9449 7.81407 0
      vertex -23.7018 7.58221 12
      vertex -23.9449 7.81407 12
    endloop
  endfacet
  facet normal -0.69018 -0.723638 -0
    outer loop
      vertex -23.7018 7.58221 12
      vertex -23.9449 7.81407 0
      vertex -23.7018 7.58221 0
    endloop
  endfacet
  facet normal -0.666706 -0.74532 0
    outer loop
      vertex -23.7018 7.58221 0
      vertex -23.4553 7.36171 12
      vertex -23.7018 7.58221 12
    endloop
  endfacet
  facet normal -0.666706 -0.74532 -0
    outer loop
      vertex -23.4553 7.36171 12
      vertex -23.7018 7.58221 0
      vertex -23.4553 7.36171 0
    endloop
  endfacet
  facet normal -0.641446 -0.767168 0
    outer loop
      vertex -23.4553 7.36171 0
      vertex -23.2042 7.15176 12
      vertex -23.4553 7.36171 12
    endloop
  endfacet
  facet normal -0.641446 -0.767168 -0
    outer loop
      vertex -23.2042 7.15176 12
      vertex -23.4553 7.36171 0
      vertex -23.2042 7.15176 0
    endloop
  endfacet
  facet normal -0.613156 -0.789962 0
    outer loop
      vertex -23.2042 7.15176 0
      vertex -22.9489 6.9536 12
      vertex -23.2042 7.15176 12
    endloop
  endfacet
  facet normal -0.613156 -0.789962 -0
    outer loop
      vertex -22.9489 6.9536 12
      vertex -23.2042 7.15176 0
      vertex -22.9489 6.9536 0
    endloop
  endfacet
  facet normal -0.58136 -0.813647 0
    outer loop
      vertex -22.9489 6.9536 0
      vertex -22.6891 6.76797 12
      vertex -22.9489 6.9536 12
    endloop
  endfacet
  facet normal -0.58136 -0.813647 -0
    outer loop
      vertex -22.6891 6.76797 12
      vertex -22.9489 6.9536 0
      vertex -22.6891 6.76797 0
    endloop
  endfacet
  facet normal -0.545055 -0.8384 0
    outer loop
      vertex -22.6891 6.76797 0
      vertex -22.4249 6.59621 12
      vertex -22.6891 6.76797 12
    endloop
  endfacet
  facet normal -0.545055 -0.8384 -0
    outer loop
      vertex -22.4249 6.59621 12
      vertex -22.6891 6.76797 0
      vertex -22.4249 6.59621 0
    endloop
  endfacet
  facet normal -0.501116 -0.86538 0
    outer loop
      vertex -22.4249 6.59621 0
      vertex -22.1559 6.44044 12
      vertex -22.4249 6.59621 12
    endloop
  endfacet
  facet normal -0.501116 -0.86538 -0
    outer loop
      vertex -22.1559 6.44044 12
      vertex -22.4249 6.59621 0
      vertex -22.1559 6.44044 0
    endloop
  endfacet
  facet normal -0.44411 -0.895972 0
    outer loop
      vertex -22.1559 6.44044 0
      vertex -21.8808 6.30408 12
      vertex -22.1559 6.44044 12
    endloop
  endfacet
  facet normal -0.44411 -0.895972 -0
    outer loop
      vertex -21.8808 6.30408 12
      vertex -22.1559 6.44044 0
      vertex -21.8808 6.30408 0
    endloop
  endfacet
  facet normal -0.339847 -0.940481 0
    outer loop
      vertex -21.8808 6.30408 0
      vertex -21.5959 6.20113 12
      vertex -21.8808 6.30408 12
    endloop
  endfacet
  facet normal -0.339847 -0.940481 -0
    outer loop
      vertex -21.5959 6.20113 12
      vertex -21.8808 6.30408 0
      vertex -21.5959 6.20113 0
    endloop
  endfacet
  facet normal -0.275991 -0.96116 0
    outer loop
      vertex -21.5959 6.20113 0
      vertex -20.0262 5.7504 12
      vertex -21.5959 6.20113 12
    endloop
  endfacet
  facet normal -0.275991 -0.96116 -0
    outer loop
      vertex -20.0262 5.7504 12
      vertex -21.5959 6.20113 0
      vertex -20.0262 5.7504 0
    endloop
  endfacet
  facet normal -0.306899 -0.951742 0
    outer loop
      vertex -20.0262 5.7504 0
      vertex -19.9888 5.73834 12
      vertex -20.0262 5.7504 12
    endloop
  endfacet
  facet normal -0.306899 -0.951742 -0
    outer loop
      vertex -19.9888 5.73834 12
      vertex -20.0262 5.7504 0
      vertex -19.9888 5.73834 0
    endloop
  endfacet
  facet normal -0.368755 -0.929527 0
    outer loop
      vertex -19.9888 5.73834 0
      vertex -19.9523 5.72386 12
      vertex -19.9888 5.73834 12
    endloop
  endfacet
  facet normal -0.368755 -0.929527 -0
    outer loop
      vertex -19.9523 5.72386 12
      vertex -19.9888 5.73834 0
      vertex -19.9523 5.72386 0
    endloop
  endfacet
  facet normal -0.429577 -0.90303 0
    outer loop
      vertex -19.9523 5.72386 0
      vertex -19.9169 5.70702 12
      vertex -19.9523 5.72386 12
    endloop
  endfacet
  facet normal -0.429577 -0.90303 -0
    outer loop
      vertex -19.9169 5.70702 12
      vertex -19.9523 5.72386 0
      vertex -19.9169 5.70702 0
    endloop
  endfacet
  facet normal -0.486896 -0.87346 0
    outer loop
      vertex -19.9169 5.70702 0
      vertex -19.8826 5.6879 12
      vertex -19.9169 5.70702 12
    endloop
  endfacet
  facet normal -0.486896 -0.87346 -0
    outer loop
      vertex -19.8826 5.6879 12
      vertex -19.9169 5.70702 0
      vertex -19.8826 5.6879 0
    endloop
  endfacet
  facet normal -0.543019 -0.83972 0
    outer loop
      vertex -19.8826 5.6879 0
      vertex -19.8496 5.66656 12
      vertex -19.8826 5.6879 12
    endloop
  endfacet
  facet normal -0.543019 -0.83972 -0
    outer loop
      vertex -19.8496 5.66656 12
      vertex -19.8826 5.6879 0
      vertex -19.8496 5.66656 0
    endloop
  endfacet
  facet normal -0.596652 -0.8025 0
    outer loop
      vertex -19.8496 5.66656 0
      vertex -19.8181 5.64314 12
      vertex -19.8496 5.66656 12
    endloop
  endfacet
  facet normal -0.596652 -0.8025 -0
    outer loop
      vertex -19.8181 5.64314 12
      vertex -19.8496 5.66656 0
      vertex -19.8181 5.64314 0
    endloop
  endfacet
  facet normal -0.648166 -0.761499 0
    outer loop
      vertex -19.8181 5.64314 0
      vertex -19.7882 5.61769 12
      vertex -19.8181 5.64314 12
    endloop
  endfacet
  facet normal -0.648166 -0.761499 -0
    outer loop
      vertex -19.7882 5.61769 12
      vertex -19.8181 5.64314 0
      vertex -19.7882 5.61769 0
    endloop
  endfacet
  facet normal -0.697348 -0.716733 0
    outer loop
      vertex -19.7882 5.61769 0
      vertex -19.7601 5.59035 12
      vertex -19.7882 5.61769 12
    endloop
  endfacet
  facet normal -0.697348 -0.716733 -0
    outer loop
      vertex -19.7601 5.59035 12
      vertex -19.7882 5.61769 0
      vertex -19.7601 5.59035 0
    endloop
  endfacet
  facet normal -0.740975 -0.671533 0
    outer loop
      vertex -19.7337 5.56122 0
      vertex -19.7601 5.59035 12
      vertex -19.7601 5.59035 0
    endloop
  endfacet
  facet normal -0.740975 -0.671533 0
    outer loop
      vertex -19.7601 5.59035 12
      vertex -19.7337 5.56122 0
      vertex -19.7337 5.56122 12
    endloop
  endfacet
  facet normal -0.784981 -0.61952 0
    outer loop
      vertex -19.7094 5.53043 0
      vertex -19.7337 5.56122 12
      vertex -19.7337 5.56122 0
    endloop
  endfacet
  facet normal -0.784981 -0.61952 0
    outer loop
      vertex -19.7337 5.56122 12
      vertex -19.7094 5.53043 0
      vertex -19.7094 5.53043 12
    endloop
  endfacet
  facet normal -0.82309 -0.567911 0
    outer loop
      vertex -19.6871 5.49811 0
      vertex -19.7094 5.53043 12
      vertex -19.7094 5.53043 0
    endloop
  endfacet
  facet normal -0.82309 -0.567911 0
    outer loop
      vertex -19.7094 5.53043 12
      vertex -19.6871 5.49811 0
      vertex -19.6871 5.49811 12
    endloop
  endfacet
  facet normal -0.857785 -0.514009 0
    outer loop
      vertex -19.6669 5.4644 0
      vertex -19.6871 5.49811 12
      vertex -19.6871 5.49811 0
    endloop
  endfacet
  facet normal -0.857785 -0.514009 0
    outer loop
      vertex -19.6871 5.49811 12
      vertex -19.6669 5.4644 0
      vertex -19.6669 5.4644 12
    endloop
  endfacet
  facet normal -0.890109 -0.455748 0
    outer loop
      vertex -19.649 5.42944 0
      vertex -19.6669 5.4644 12
      vertex -19.6669 5.4644 0
    endloop
  endfacet
  facet normal -0.890109 -0.455748 0
    outer loop
      vertex -19.6669 5.4644 12
      vertex -19.649 5.42944 0
      vertex -19.649 5.42944 12
    endloop
  endfacet
  facet normal -0.918643 -0.395088 0
    outer loop
      vertex -19.6335 5.3934 0
      vertex -19.649 5.42944 12
      vertex -19.649 5.42944 0
    endloop
  endfacet
  facet normal -0.918643 -0.395088 0
    outer loop
      vertex -19.649 5.42944 12
      vertex -19.6335 5.3934 0
      vertex -19.6335 5.3934 12
    endloop
  endfacet
  facet normal -0.941828 -0.336094 0
    outer loop
      vertex -19.6203 5.35641 0
      vertex -19.6335 5.3934 12
      vertex -19.6335 5.3934 0
    endloop
  endfacet
  facet normal -0.941828 -0.336094 0
    outer loop
      vertex -19.6335 5.3934 12
      vertex -19.6203 5.35641 0
      vertex -19.6203 5.35641 12
    endloop
  endfacet
  facet normal -0.962118 -0.272634 0
    outer loop
      vertex -19.6096 5.31865 0
      vertex -19.6203 5.35641 12
      vertex -19.6203 5.35641 0
    endloop
  endfacet
  facet normal -0.962118 -0.272634 0
    outer loop
      vertex -19.6203 5.35641 12
      vertex -19.6096 5.31865 0
      vertex -19.6096 5.31865 12
    endloop
  endfacet
  facet normal -0.977417 -0.21132 0
    outer loop
      vertex -19.6013 5.28026 0
      vertex -19.6096 5.31865 12
      vertex -19.6096 5.31865 0
    endloop
  endfacet
  facet normal -0.977417 -0.21132 0
    outer loop
      vertex -19.6096 5.31865 12
      vertex -19.6013 5.28026 0
      vertex -19.6013 5.28026 12
    endloop
  endfacet
  facet normal -0.989408 -0.145164 0
    outer loop
      vertex -19.5956 5.24141 0
      vertex -19.6013 5.28026 12
      vertex -19.6013 5.28026 0
    endloop
  endfacet
  facet normal -0.989408 -0.145164 0
    outer loop
      vertex -19.6013 5.28026 12
      vertex -19.5956 5.24141 0
      vertex -19.5956 5.24141 12
    endloop
  endfacet
  facet normal -0.996878 -0.0789556 0
    outer loop
      vertex -19.5925 5.20227 0
      vertex -19.5956 5.24141 12
      vertex -19.5956 5.24141 0
    endloop
  endfacet
  facet normal -0.996878 -0.0789556 0
    outer loop
      vertex -19.5956 5.24141 12
      vertex -19.5925 5.20227 0
      vertex -19.5925 5.20227 12
    endloop
  endfacet
  facet normal -0.999883 -0.0152809 0
    outer loop
      vertex -19.5919 5.16301 0
      vertex -19.5925 5.20227 12
      vertex -19.5925 5.20227 0
    endloop
  endfacet
  facet normal -0.999883 -0.0152809 0
    outer loop
      vertex -19.5925 5.20227 12
      vertex -19.5919 5.16301 0
      vertex -19.5919 5.16301 12
    endloop
  endfacet
  facet normal -0.998701 0.0509541 0
    outer loop
      vertex -19.5939 5.12381 0
      vertex -19.5919 5.16301 12
      vertex -19.5919 5.16301 0
    endloop
  endfacet
  facet normal -0.998701 0.0509541 0
    outer loop
      vertex -19.5919 5.16301 12
      vertex -19.5939 5.12381 0
      vertex -19.5939 5.12381 12
    endloop
  endfacet
  facet normal -0.993409 0.114624 0
    outer loop
      vertex -19.5984 5.08481 0
      vertex -19.5939 5.12381 12
      vertex -19.5939 5.12381 0
    endloop
  endfacet
  facet normal -0.993409 0.114624 0
    outer loop
      vertex -19.5939 5.12381 12
      vertex -19.5984 5.08481 0
      vertex -19.5984 5.08481 12
    endloop
  endfacet
  facet normal -0.982029 0.188732 0
    outer loop
      vertex -19.6075 5.03746 0
      vertex -19.5984 5.08481 12
      vertex -19.5984 5.08481 0
    endloop
  endfacet
  facet normal -0.982029 0.188732 0
    outer loop
      vertex -19.5984 5.08481 12
      vertex -19.6075 5.03746 0
      vertex -19.6075 5.03746 12
    endloop
  endfacet
  facet normal -0.973883 0.227051 0
    outer loop
      vertex -19.8609 3.95056 0
      vertex -19.6075 5.03746 12
      vertex -19.6075 5.03746 0
    endloop
  endfacet
  facet normal -0.973883 0.227051 0
    outer loop
      vertex -19.6075 5.03746 12
      vertex -19.8609 3.95056 0
      vertex -19.8609 3.95056 12
    endloop
  endfacet
  facet normal -0.986642 0.162902 0
    outer loop
      vertex -20.0427 2.84946 0
      vertex -19.8609 3.95056 12
      vertex -19.8609 3.95056 0
    endloop
  endfacet
  facet normal -0.986642 0.162902 0
    outer loop
      vertex -19.8609 3.95056 12
      vertex -20.0427 2.84946 0
      vertex -20.0427 2.84946 12
    endloop
  endfacet
  facet normal -0.981087 0.193569 0
    outer loop
      vertex -20.0503 2.81094 0
      vertex -20.0427 2.84946 12
      vertex -20.0427 2.84946 0
    endloop
  endfacet
  facet normal -0.981087 0.193569 0
    outer loop
      vertex -20.0427 2.84946 12
      vertex -20.0503 2.81094 0
      vertex -20.0503 2.81094 12
    endloop
  endfacet
  facet normal -0.965658 0.259818 0
    outer loop
      vertex -20.0605 2.77303 0
      vertex -20.0503 2.81094 12
      vertex -20.0503 2.81094 0
    endloop
  endfacet
  facet normal -0.965658 0.259818 0
    outer loop
      vertex -20.0503 2.81094 12
      vertex -20.0605 2.77303 0
      vertex -20.0605 2.77303 12
    endloop
  endfacet
  facet normal -0.947118 0.320884 0
    outer loop
      vertex -20.0731 2.73584 0
      vertex -20.0605 2.77303 12
      vertex -20.0605 2.77303 0
    endloop
  endfacet
  facet normal -0.947118 0.320884 0
    outer loop
      vertex -20.0605 2.77303 12
      vertex -20.0731 2.73584 0
      vertex -20.0731 2.73584 12
    endloop
  endfacet
  facet normal -0.92319 0.384344 0
    outer loop
      vertex -20.0882 2.69957 0
      vertex -20.0731 2.73584 12
      vertex -20.0731 2.73584 0
    endloop
  endfacet
  facet normal -0.92319 0.384344 0
    outer loop
      vertex -20.0731 2.73584 12
      vertex -20.0882 2.69957 0
      vertex -20.0882 2.69957 12
    endloop
  endfacet
  facet normal -0.897565 0.440882 0
    outer loop
      vertex -20.1055 2.66435 0
      vertex -20.0882 2.69957 12
      vertex -20.0882 2.69957 0
    endloop
  endfacet
  facet normal -0.897565 0.440882 0
    outer loop
      vertex -20.0882 2.69957 12
      vertex -20.1055 2.66435 0
      vertex -20.1055 2.66435 12
    endloop
  endfacet
  facet normal -0.865188 0.501448 0
    outer loop
      vertex -20.1252 2.63036 0
      vertex -20.1055 2.66435 12
      vertex -20.1055 2.66435 0
    endloop
  endfacet
  facet normal -0.865188 0.501448 0
    outer loop
      vertex -20.1055 2.66435 12
      vertex -20.1252 2.63036 0
      vertex -20.1252 2.63036 12
    endloop
  endfacet
  facet normal -0.831737 0.55517 0
    outer loop
      vertex -20.147 2.5977 0
      vertex -20.1252 2.63036 12
      vertex -20.1252 2.63036 0
    endloop
  endfacet
  facet normal -0.831737 0.55517 0
    outer loop
      vertex -20.1252 2.63036 12
      vertex -20.147 2.5977 0
      vertex -20.147 2.5977 12
    endloop
  endfacet
  facet normal -0.793286 0.608849 0
    outer loop
      vertex -20.1709 2.56656 0
      vertex -20.147 2.5977 12
      vertex -20.147 2.5977 0
    endloop
  endfacet
  facet normal -0.793286 0.608849 0
    outer loop
      vertex -20.147 2.5977 12
      vertex -20.1709 2.56656 0
      vertex -20.1709 2.56656 12
    endloop
  endfacet
  facet normal -0.753066 0.657945 0
    outer loop
      vertex -20.1967 2.53703 0
      vertex -20.1709 2.56656 12
      vertex -20.1709 2.56656 0
    endloop
  endfacet
  facet normal -0.753066 0.657945 0
    outer loop
      vertex -20.1709 2.56656 12
      vertex -20.1967 2.53703 0
      vertex -20.1967 2.53703 12
    endloop
  endfacet
  facet normal -0.70647 0.707743 0
    outer loop
      vertex -20.1967 2.53703 0
      vertex -20.2245 2.50928 12
      vertex -20.1967 2.53703 12
    endloop
  endfacet
  facet normal -0.70647 0.707743 0
    outer loop
      vertex -20.2245 2.50928 12
      vertex -20.1967 2.53703 0
      vertex -20.2245 2.50928 0
    endloop
  endfacet
  facet normal -0.659766 0.751471 0
    outer loop
      vertex -20.2245 2.50928 0
      vertex -20.254 2.48338 12
      vertex -20.2245 2.50928 12
    endloop
  endfacet
  facet normal -0.659766 0.751471 0
    outer loop
      vertex -20.254 2.48338 12
      vertex -20.2245 2.50928 0
      vertex -20.254 2.48338 0
    endloop
  endfacet
  facet normal -0.607951 0.793975 0
    outer loop
      vertex -20.254 2.48338 0
      vertex -20.2852 2.45949 12
      vertex -20.254 2.48338 12
    endloop
  endfacet
  facet normal -0.607951 0.793975 0
    outer loop
      vertex -20.2852 2.45949 12
      vertex -20.254 2.48338 0
      vertex -20.2852 2.45949 0
    endloop
  endfacet
  facet normal -0.556229 0.831029 0
    outer loop
      vertex -20.2852 2.45949 0
      vertex -20.3178 2.43767 12
      vertex -20.2852 2.45949 12
    endloop
  endfacet
  facet normal -0.556229 0.831029 0
    outer loop
      vertex -20.3178 2.43767 12
      vertex -20.2852 2.45949 0
      vertex -20.3178 2.43767 0
    endloop
  endfacet
  facet normal -0.499811 0.866135 0
    outer loop
      vertex -20.3178 2.43767 0
      vertex -20.3518 2.41805 12
      vertex -20.3178 2.43767 12
    endloop
  endfacet
  facet normal -0.499811 0.866135 0
    outer loop
      vertex -20.3518 2.41805 12
      vertex -20.3178 2.43767 0
      vertex -20.3518 2.41805 0
    endloop
  endfacet
  facet normal -0.44252 0.896759 0
    outer loop
      vertex -20.3518 2.41805 0
      vertex -20.387 2.40068 12
      vertex -20.3518 2.41805 12
    endloop
  endfacet
  facet normal -0.44252 0.896759 0
    outer loop
      vertex -20.387 2.40068 12
      vertex -20.3518 2.41805 0
      vertex -20.387 2.40068 0
    endloop
  endfacet
  facet normal -0.382554 0.923933 0
    outer loop
      vertex -20.387 2.40068 0
      vertex -20.4233 2.38565 12
      vertex -20.387 2.40068 12
    endloop
  endfacet
  facet normal -0.382554 0.923933 0
    outer loop
      vertex -20.4233 2.38565 12
      vertex -20.387 2.40068 0
      vertex -20.4233 2.38565 0
    endloop
  endfacet
  facet normal -0.321264 0.94699 0
    outer loop
      vertex -20.4233 2.38565 0
      vertex -20.4605 2.37303 12
      vertex -20.4233 2.38565 12
    endloop
  endfacet
  facet normal -0.321264 0.94699 0
    outer loop
      vertex -20.4605 2.37303 12
      vertex -20.4233 2.38565 0
      vertex -20.4605 2.37303 0
    endloop
  endfacet
  facet normal -0.258931 0.965896 0
    outer loop
      vertex -20.4605 2.37303 0
      vertex -20.4984 2.36287 12
      vertex -20.4605 2.37303 12
    endloop
  endfacet
  facet normal -0.258931 0.965896 0
    outer loop
      vertex -20.4984 2.36287 12
      vertex -20.4605 2.37303 0
      vertex -20.4984 2.36287 0
    endloop
  endfacet
  facet normal -0.195136 0.980776 0
    outer loop
      vertex -20.4984 2.36287 0
      vertex -20.5369 2.35521 12
      vertex -20.4984 2.36287 12
    endloop
  endfacet
  facet normal -0.195136 0.980776 0
    outer loop
      vertex -20.5369 2.35521 12
      vertex -20.4984 2.36287 0
      vertex -20.5369 2.35521 0
    endloop
  endfacet
  facet normal -0.130415 0.991459 0
    outer loop
      vertex -20.5369 2.35521 0
      vertex -20.5759 2.35008 12
      vertex -20.5369 2.35521 12
    endloop
  endfacet
  facet normal -0.130415 0.991459 0
    outer loop
      vertex -20.5759 2.35008 12
      vertex -20.5369 2.35521 0
      vertex -20.5759 2.35008 0
    endloop
  endfacet
  facet normal -0.0658415 0.99783 0
    outer loop
      vertex -20.5759 2.35008 0
      vertex -20.615 2.3475 12
      vertex -20.5759 2.35008 12
    endloop
  endfacet
  facet normal -0.0658415 0.99783 0
    outer loop
      vertex -20.615 2.3475 12
      vertex -20.5759 2.35008 0
      vertex -20.615 2.3475 0
    endloop
  endfacet
  facet normal 0 1 -0
    outer loop
      vertex -20.615 2.3475 0
      vertex -20.6543 2.3475 12
      vertex -20.615 2.3475 12
    endloop
  endfacet
  facet normal 0 1 0
    outer loop
      vertex -20.6543 2.3475 12
      vertex -20.615 2.3475 0
      vertex -20.6543 2.3475 0
    endloop
  endfacet
  facet normal 0.0731919 0.997318 -0
    outer loop
      vertex -20.6543 2.3475 0
      vertex -20.7024 2.35103 12
      vertex -20.6543 2.3475 12
    endloop
  endfacet
  facet normal 0.0731919 0.997318 0
    outer loop
      vertex -20.7024 2.35103 12
      vertex -20.6543 2.3475 0
      vertex -20.7024 2.35103 0
    endloop
  endfacet
  facet normal 0.11285 0.993612 -0
    outer loop
      vertex -20.7024 2.35103 0
      vertex -22.3252 2.53534 12
      vertex -20.7024 2.35103 12
    endloop
  endfacet
  facet normal 0.11285 0.993612 0
    outer loop
      vertex -22.3252 2.53534 12
      vertex -20.7024 2.35103 0
      vertex -22.3252 2.53534 0
    endloop
  endfacet
  facet normal 0.0457372 0.998954 -0
    outer loop
      vertex -22.3252 2.53534 0
      vertex -22.6277 2.54919 12
      vertex -22.3252 2.53534 12
    endloop
  endfacet
  facet normal 0.0457372 0.998954 0
    outer loop
      vertex -22.6277 2.54919 12
      vertex -22.3252 2.53534 0
      vertex -22.6277 2.54919 0
    endloop
  endfacet
  facet normal -0.0673516 0.997729 0
    outer loop
      vertex -22.6277 2.54919 0
      vertex -22.9339 2.52852 12
      vertex -22.6277 2.54919 12
    endloop
  endfacet
  facet normal -0.0673516 0.997729 0
    outer loop
      vertex -22.9339 2.52852 12
      vertex -22.6277 2.54919 0
      vertex -22.9339 2.52852 0
    endloop
  endfacet
  facet normal -0.131848 0.99127 0
    outer loop
      vertex -22.9339 2.52852 0
      vertex -23.2423 2.4875 12
      vertex -22.9339 2.52852 12
    endloop
  endfacet
  facet normal -0.131848 0.99127 0
    outer loop
      vertex -23.2423 2.4875 12
      vertex -22.9339 2.52852 0
      vertex -23.2423 2.4875 0
    endloop
  endfacet
  facet normal -0.18261 0.983185 0
    outer loop
      vertex -23.2423 2.4875 0
      vertex -23.5521 2.42996 12
      vertex -23.2423 2.4875 12
    endloop
  endfacet
  facet normal -0.18261 0.983185 0
    outer loop
      vertex -23.5521 2.42996 12
      vertex -23.2423 2.4875 0
      vertex -23.5521 2.42996 0
    endloop
  endfacet
  facet normal -0.225861 0.97416 0
    outer loop
      vertex -23.5521 2.42996 0
      vertex -23.8626 2.35797 12
      vertex -23.5521 2.42996 12
    endloop
  endfacet
  facet normal -0.225861 0.97416 0
    outer loop
      vertex -23.8626 2.35797 12
      vertex -23.5521 2.42996 0
      vertex -23.8626 2.35797 0
    endloop
  endfacet
  facet normal -0.264194 0.96447 0
    outer loop
      vertex -23.8626 2.35797 0
      vertex -24.1748 2.27245 12
      vertex -23.8626 2.35797 12
    endloop
  endfacet
  facet normal -0.264194 0.96447 0
    outer loop
      vertex -24.1748 2.27245 12
      vertex -23.8626 2.35797 0
      vertex -24.1748 2.27245 0
    endloop
  endfacet
  facet normal -0.29886 0.954297 0
    outer loop
      vertex -24.1748 2.27245 0
      vertex -24.4868 2.17474 12
      vertex -24.1748 2.27245 12
    endloop
  endfacet
  facet normal -0.29886 0.954297 0
    outer loop
      vertex -24.4868 2.17474 12
      vertex -24.1748 2.27245 0
      vertex -24.4868 2.17474 0
    endloop
  endfacet
  facet normal -0.330928 0.943656 0
    outer loop
      vertex -24.4868 2.17474 0
      vertex -24.7995 2.06508 12
      vertex -24.4868 2.17474 12
    endloop
  endfacet
  facet normal -0.330928 0.943656 0
    outer loop
      vertex -24.7995 2.06508 12
      vertex -24.4868 2.17474 0
      vertex -24.7995 2.06508 0
    endloop
  endfacet
  facet normal -0.360605 0.932718 0
    outer loop
      vertex -24.7995 2.06508 0
      vertex -25.1126 1.94403 12
      vertex -24.7995 2.06508 12
    endloop
  endfacet
  facet normal -0.360605 0.932718 0
    outer loop
      vertex -25.1126 1.94403 12
      vertex -24.7995 2.06508 0
      vertex -25.1126 1.94403 0
    endloop
  endfacet
  facet normal -0.388605 0.921404 0
    outer loop
      vertex -25.1126 1.94403 0
      vertex -25.4252 1.81219 12
      vertex -25.1126 1.94403 12
    endloop
  endfacet
  facet normal -0.388605 0.921404 0
    outer loop
      vertex -25.4252 1.81219 12
      vertex -25.1126 1.94403 0
      vertex -25.4252 1.81219 0
    endloop
  endfacet
  facet normal -0.414851 0.909889 0
    outer loop
      vertex -25.4252 1.81219 0
      vertex -25.7377 1.66971 12
      vertex -25.4252 1.81219 12
    endloop
  endfacet
  facet normal -0.414851 0.909889 0
    outer loop
      vertex -25.7377 1.66971 12
      vertex -25.4252 1.81219 0
      vertex -25.7377 1.66971 0
    endloop
  endfacet
  facet normal -0.439841 0.898076 0
    outer loop
      vertex -25.7377 1.66971 0
      vertex -26.0492 1.51715 12
      vertex -25.7377 1.66971 12
    endloop
  endfacet
  facet normal -0.439841 0.898076 0
    outer loop
      vertex -26.0492 1.51715 12
      vertex -25.7377 1.66971 0
      vertex -26.0492 1.51715 0
    endloop
  endfacet
  facet normal -0.463626 0.886031 0
    outer loop
      vertex -26.0492 1.51715 0
      vertex -26.3613 1.35384 12
      vertex -26.0492 1.51715 12
    endloop
  endfacet
  facet normal -0.463626 0.886031 0
    outer loop
      vertex -26.3613 1.35384 12
      vertex -26.0492 1.51715 0
      vertex -26.3613 1.35384 0
    endloop
  endfacet
  facet normal -0.486426 0.873722 0
    outer loop
      vertex -26.3613 1.35384 0
      vertex -26.6719 1.18092 12
      vertex -26.3613 1.35384 12
    endloop
  endfacet
  facet normal -0.486426 0.873722 0
    outer loop
      vertex -26.6719 1.18092 12
      vertex -26.3613 1.35384 0
      vertex -26.6719 1.18092 0
    endloop
  endfacet
  facet normal -0.508013 0.86135 0
    outer loop
      vertex -26.6719 1.18092 0
      vertex -26.9815 0.998322 12
      vertex -26.6719 1.18092 12
    endloop
  endfacet
  facet normal -0.508013 0.86135 0
    outer loop
      vertex -26.9815 0.998322 12
      vertex -26.6719 1.18092 0
      vertex -26.9815 0.998322 0
    endloop
  endfacet
  facet normal -1 0 0
    outer loop
      vertex -26.9815 -0.998322 0
      vertex -26.9815 0.998322 12
      vertex -26.9815 0.998322 0
    endloop
  endfacet
  facet normal -1 -0 0
    outer loop
      vertex -26.9815 0.998322 12
      vertex -26.9815 -0.998322 0
      vertex -26.9815 -0.998322 12
    endloop
  endfacet
  facet normal -0.508013 -0.86135 0
    outer loop
      vertex -26.9815 -0.998322 0
      vertex -26.6719 -1.18092 12
      vertex -26.9815 -0.998322 12
    endloop
  endfacet
  facet normal -0.508013 -0.86135 -0
    outer loop
      vertex -26.6719 -1.18092 12
      vertex -26.9815 -0.998322 0
      vertex -26.6719 -1.18092 0
    endloop
  endfacet
  facet normal -0.486426 -0.873722 0
    outer loop
      vertex -26.6719 -1.18092 0
      vertex -26.3613 -1.35384 12
      vertex -26.6719 -1.18092 12
    endloop
  endfacet
  facet normal -0.486426 -0.873722 -0
    outer loop
      vertex -26.3613 -1.35384 12
      vertex -26.6719 -1.18092 0
      vertex -26.3613 -1.35384 0
    endloop
  endfacet
  facet normal -0.463626 -0.886031 0
    outer loop
      vertex -26.3613 -1.35384 0
      vertex -26.0492 -1.51715 12
      vertex -26.3613 -1.35384 12
    endloop
  endfacet
  facet normal -0.463626 -0.886031 -0
    outer loop
      vertex -26.0492 -1.51715 12
      vertex -26.3613 -1.35384 0
      vertex -26.0492 -1.51715 0
    endloop
  endfacet
  facet normal -0.439841 -0.898076 0
    outer loop
      vertex -26.0492 -1.51715 0
      vertex -25.7377 -1.66971 12
      vertex -26.0492 -1.51715 12
    endloop
  endfacet
  facet normal -0.439841 -0.898076 -0
    outer loop
      vertex -25.7377 -1.66971 12
      vertex -26.0492 -1.51715 0
      vertex -25.7377 -1.66971 0
    endloop
  endfacet
  facet normal -0.414851 -0.909889 0
    outer loop
      vertex -25.7377 -1.66971 0
      vertex -25.4252 -1.81219 12
      vertex -25.7377 -1.66971 12
    endloop
  endfacet
  facet normal -0.414851 -0.909889 -0
    outer loop
      vertex -25.4252 -1.81219 12
      vertex -25.7377 -1.66971 0
      vertex -25.4252 -1.81219 0
    endloop
  endfacet
  facet normal -0.388605 -0.921404 0
    outer loop
      vertex -25.4252 -1.81219 0
      vertex -25.1126 -1.94403 12
      vertex -25.4252 -1.81219 12
    endloop
  endfacet
  facet normal -0.388605 -0.921404 -0
    outer loop
      vertex -25.1126 -1.94403 12
      vertex -25.4252 -1.81219 0
      vertex -25.1126 -1.94403 0
    endloop
  endfacet
  facet normal -0.360605 -0.932718 0
    outer loop
      vertex -25.1126 -1.94403 0
      vertex -24.7995 -2.06508 12
      vertex -25.1126 -1.94403 12
    endloop
  endfacet
  facet normal -0.360605 -0.932718 -0
    outer loop
      vertex -24.7995 -2.06508 12
      vertex -25.1126 -1.94403 0
      vertex -24.7995 -2.06508 0
    endloop
  endfacet
  facet normal -0.330928 -0.943656 0
    outer loop
      vertex -24.7995 -2.06508 0
      vertex -24.4868 -2.17474 12
      vertex -24.7995 -2.06508 12
    endloop
  endfacet
  facet normal -0.330928 -0.943656 -0
    outer loop
      vertex -24.4868 -2.17474 12
      vertex -24.7995 -2.06508 0
      vertex -24.4868 -2.17474 0
    endloop
  endfacet
  facet normal -0.29886 -0.954297 0
    outer loop
      vertex -24.4868 -2.17474 0
      vertex -24.1748 -2.27245 12
      vertex -24.4868 -2.17474 12
    endloop
  endfacet
  facet normal -0.29886 -0.954297 -0
    outer loop
      vertex -24.1748 -2.27245 12
      vertex -24.4868 -2.17474 0
      vertex -24.1748 -2.27245 0
    endloop
  endfacet
  facet normal -0.264194 -0.96447 0
    outer loop
      vertex -24.1748 -2.27245 0
      vertex -23.8626 -2.35797 12
      vertex -24.1748 -2.27245 12
    endloop
  endfacet
  facet normal -0.264194 -0.96447 -0
    outer loop
      vertex -23.8626 -2.35797 12
      vertex -24.1748 -2.27245 0
      vertex -23.8626 -2.35797 0
    endloop
  endfacet
  facet normal -0.225861 -0.97416 0
    outer loop
      vertex -23.8626 -2.35797 0
      vertex -23.5521 -2.42996 12
      vertex -23.8626 -2.35797 12
    endloop
  endfacet
  facet normal -0.225861 -0.97416 -0
    outer loop
      vertex -23.5521 -2.42996 12
      vertex -23.8626 -2.35797 0
      vertex -23.5521 -2.42996 0
    endloop
  endfacet
  facet normal -0.18261 -0.983185 0
    outer loop
      vertex -23.5521 -2.42996 0
      vertex -23.2423 -2.4875 12
      vertex -23.5521 -2.42996 12
    endloop
  endfacet
  facet normal -0.18261 -0.983185 -0
    outer loop
      vertex -23.2423 -2.4875 12
      vertex -23.5521 -2.42996 0
      vertex -23.2423 -2.4875 0
    endloop
  endfacet
  facet normal -0.131848 -0.99127 0
    outer loop
      vertex -23.2423 -2.4875 0
      vertex -22.9339 -2.52852 12
      vertex -23.2423 -2.4875 12
    endloop
  endfacet
  facet normal -0.131848 -0.99127 -0
    outer loop
      vertex -22.9339 -2.52852 12
      vertex -23.2423 -2.4875 0
      vertex -22.9339 -2.52852 0
    endloop
  endfacet
  facet normal -0.0673516 -0.997729 0
    outer loop
      vertex -22.9339 -2.52852 0
      vertex -22.6277 -2.54919 12
      vertex -22.9339 -2.52852 12
    endloop
  endfacet
  facet normal -0.0673516 -0.997729 -0
    outer loop
      vertex -22.6277 -2.54919 12
      vertex -22.9339 -2.52852 0
      vertex -22.6277 -2.54919 0
    endloop
  endfacet
  facet normal 0.0457372 -0.998954 0
    outer loop
      vertex -22.6277 -2.54919 0
      vertex -22.3252 -2.53534 12
      vertex -22.6277 -2.54919 12
    endloop
  endfacet
  facet normal 0.0457372 -0.998954 0
    outer loop
      vertex -22.3252 -2.53534 12
      vertex -22.6277 -2.54919 0
      vertex -22.3252 -2.53534 0
    endloop
  endfacet
  facet normal 0.11285 -0.993612 0
    outer loop
      vertex -22.3252 -2.53534 0
      vertex -20.7024 -2.35103 12
      vertex -22.3252 -2.53534 12
    endloop
  endfacet
  facet normal 0.11285 -0.993612 0
    outer loop
      vertex -20.7024 -2.35103 12
      vertex -22.3252 -2.53534 0
      vertex -20.7024 -2.35103 0
    endloop
  endfacet
  facet normal 0.0803516 -0.996767 0
    outer loop
      vertex -20.7024 -2.35103 0
      vertex -20.6632 -2.34787 12
      vertex -20.7024 -2.35103 12
    endloop
  endfacet
  facet normal 0.0803516 -0.996767 0
    outer loop
      vertex -20.6632 -2.34787 12
      vertex -20.7024 -2.35103 0
      vertex -20.6632 -2.34787 0
    endloop
  endfacet
  facet normal 0.0147943 -0.999891 0
    outer loop
      vertex -20.6632 -2.34787 0
      vertex -20.624 -2.34729 12
      vertex -20.6632 -2.34787 12
    endloop
  endfacet
  facet normal 0.0147943 -0.999891 0
    outer loop
      vertex -20.624 -2.34729 12
      vertex -20.6632 -2.34787 0
      vertex -20.624 -2.34729 0
    endloop
  endfacet
  facet normal -0.0504459 -0.998727 0
    outer loop
      vertex -20.624 -2.34729 0
      vertex -20.5848 -2.34927 12
      vertex -20.624 -2.34729 12
    endloop
  endfacet
  facet normal -0.0504459 -0.998727 -0
    outer loop
      vertex -20.5848 -2.34927 12
      vertex -20.624 -2.34729 0
      vertex -20.5848 -2.34927 0
    endloop
  endfacet
  facet normal -0.115629 -0.993292 0
    outer loop
      vertex -20.5848 -2.34927 0
      vertex -20.5458 -2.35381 12
      vertex -20.5848 -2.34927 12
    endloop
  endfacet
  facet normal -0.115629 -0.993292 -0
    outer loop
      vertex -20.5458 -2.35381 12
      vertex -20.5848 -2.34927 0
      vertex -20.5458 -2.35381 0
    endloop
  endfacet
  facet normal -0.180657 -0.983546 0
    outer loop
      vertex -20.5458 -2.35381 0
      vertex -20.5072 -2.3609 12
      vertex -20.5458 -2.35381 12
    endloop
  endfacet
  facet normal -0.180657 -0.983546 -0
    outer loop
      vertex -20.5072 -2.3609 12
      vertex -20.5458 -2.35381 0
      vertex -20.5072 -2.3609 0
    endloop
  endfacet
  facet normal -0.244332 -0.969692 0
    outer loop
      vertex -20.5072 -2.3609 0
      vertex -20.4691 -2.3705 12
      vertex -20.5072 -2.3609 12
    endloop
  endfacet
  facet normal -0.244332 -0.969692 -0
    outer loop
      vertex -20.4691 -2.3705 12
      vertex -20.5072 -2.3609 0
      vertex -20.4691 -2.3705 0
    endloop
  endfacet
  facet normal -0.306668 -0.951816 0
    outer loop
      vertex -20.4691 -2.3705 0
      vertex -20.4317 -2.38255 12
      vertex -20.4691 -2.3705 12
    endloop
  endfacet
  facet normal -0.306668 -0.951816 -0
    outer loop
      vertex -20.4317 -2.38255 12
      vertex -20.4691 -2.3705 0
      vertex -20.4317 -2.38255 0
    endloop
  endfacet
  facet normal -0.368755 -0.929527 0
    outer loop
      vertex -20.4317 -2.38255 0
      vertex -20.3952 -2.39703 12
      vertex -20.4317 -2.38255 12
    endloop
  endfacet
  facet normal -0.368755 -0.929527 -0
    outer loop
      vertex -20.3952 -2.39703 12
      vertex -20.4317 -2.38255 0
      vertex -20.3952 -2.39703 0
    endloop
  endfacet
  facet normal -0.429785 -0.902931 0
    outer loop
      vertex -20.3952 -2.39703 0
      vertex -20.3598 -2.41388 12
      vertex -20.3952 -2.39703 12
    endloop
  endfacet
  facet normal -0.429785 -0.902931 -0
    outer loop
      vertex -20.3598 -2.41388 12
      vertex -20.3952 -2.39703 0
      vertex -20.3598 -2.41388 0
    endloop
  endfacet
  facet normal -0.486896 -0.87346 0
    outer loop
      vertex -20.3598 -2.41388 0
      vertex -20.3255 -2.433 12
      vertex -20.3598 -2.41388 12
    endloop
  endfacet
  facet normal -0.486896 -0.87346 -0
    outer loop
      vertex -20.3255 -2.433 12
      vertex -20.3598 -2.41388 0
      vertex -20.3255 -2.433 0
    endloop
  endfacet
  facet normal -0.54284 -0.839836 0
    outer loop
      vertex -20.3255 -2.433 0
      vertex -20.2925 -2.45433 12
      vertex -20.3255 -2.433 12
    endloop
  endfacet
  facet normal -0.54284 -0.839836 -0
    outer loop
      vertex -20.2925 -2.45433 12
      vertex -20.3255 -2.433 0
      vertex -20.2925 -2.45433 0
    endloop
  endfacet
  facet normal -0.596652 -0.8025 0
    outer loop
      vertex -20.2925 -2.45433 0
      vertex -20.261 -2.47775 12
      vertex -20.2925 -2.45433 12
    endloop
  endfacet
  facet normal -0.596652 -0.8025 -0
    outer loop
      vertex -20.261 -2.47775 12
      vertex -20.2925 -2.45433 0
      vertex -20.261 -2.47775 0
    endloop
  endfacet
  facet normal -0.648166 -0.761499 0
    outer loop
      vertex -20.261 -2.47775 0
      vertex -20.2311 -2.5032 12
      vertex -20.261 -2.47775 12
    endloop
  endfacet
  facet normal -0.648166 -0.761499 -0
    outer loop
      vertex -20.2311 -2.5032 12
      vertex -20.261 -2.47775 0
      vertex -20.2311 -2.5032 0
    endloop
  endfacet
  facet normal -0.696205 -0.717843 0
    outer loop
      vertex -20.2311 -2.5032 0
      vertex -20.2029 -2.53055 12
      vertex -20.2311 -2.5032 12
    endloop
  endfacet
  facet normal -0.696205 -0.717843 -0
    outer loop
      vertex -20.2029 -2.53055 12
      vertex -20.2311 -2.5032 0
      vertex -20.2029 -2.53055 0
    endloop
  endfacet
  facet normal -0.742242 -0.670132 0
    outer loop
      vertex -20.1766 -2.55968 0
      vertex -20.2029 -2.53055 12
      vertex -20.2029 -2.53055 0
    endloop
  endfacet
  facet normal -0.742242 -0.670132 0
    outer loop
      vertex -20.2029 -2.53055 12
      vertex -20.1766 -2.55968 0
      vertex -20.1766 -2.55968 12
    endloop
  endfacet
  facet normal -0.783741 -0.621088 0
    outer loop
      vertex -20.1522 -2.59047 0
      vertex -20.1766 -2.55968 12
      vertex -20.1766 -2.55968 0
    endloop
  endfacet
  facet normal -0.783741 -0.621088 0
    outer loop
      vertex -20.1766 -2.55968 12
      vertex -20.1522 -2.59047 0
      vertex -20.1522 -2.59047 12
    endloop
  endfacet
  facet normal -0.82309 -0.567911 0
    outer loop
      vertex -20.1299 -2.62279 0
      vertex -20.1522 -2.59047 12
      vertex -20.1522 -2.59047 0
    endloop
  endfacet
  facet normal -0.82309 -0.567911 0
    outer loop
      vertex -20.1522 -2.59047 12
      vertex -20.1299 -2.62279 0
      vertex -20.1299 -2.62279 12
    endloop
  endfacet
  facet normal -0.858839 -0.512245 0
    outer loop
      vertex -20.1098 -2.65649 0
      vertex -20.1299 -2.62279 12
      vertex -20.1299 -2.62279 0
    endloop
  endfacet
  facet normal -0.858839 -0.512245 0
    outer loop
      vertex -20.1299 -2.62279 12
      vertex -20.1098 -2.65649 0
      vertex -20.1098 -2.65649 12
    endloop
  endfacet
  facet normal -0.890056 -0.455851 0
    outer loop
      vertex -20.0919 -2.69144 0
      vertex -20.1098 -2.65649 12
      vertex -20.1098 -2.65649 0
    endloop
  endfacet
  facet normal -0.890056 -0.455851 0
    outer loop
      vertex -20.1098 -2.65649 12
      vertex -20.0919 -2.69144 0
      vertex -20.0919 -2.69144 12
    endloop
  endfacet
  facet normal -0.917757 -0.397143 0
    outer loop
      vertex -20.0763 -2.72749 0
      vertex -20.0919 -2.69144 12
      vertex -20.0919 -2.69144 0
    endloop
  endfacet
  facet normal -0.917757 -0.397143 0
    outer loop
      vertex -20.0919 -2.69144 12
      vertex -20.0763 -2.72749 0
      vertex -20.0763 -2.72749 12
    endloop
  endfacet
  facet normal -0.942632 -0.333833 0
    outer loop
      vertex -20.0632 -2.76448 0
      vertex -20.0763 -2.72749 12
      vertex -20.0763 -2.72749 0
    endloop
  endfacet
  facet normal -0.942632 -0.333833 0
    outer loop
      vertex -20.0763 -2.72749 12
      vertex -20.0632 -2.76448 0
      vertex -20.0632 -2.76448 12
    endloop
  endfacet
  facet normal -0.961466 -0.274923 0
    outer loop
      vertex -20.0524 -2.80225 0
      vertex -20.0632 -2.76448 12
      vertex -20.0632 -2.76448 0
    endloop
  endfacet
  facet normal -0.961466 -0.274923 0
    outer loop
      vertex -20.0632 -2.76448 12
      vertex -20.0524 -2.80225 0
      vertex -20.0524 -2.80225 12
    endloop
  endfacet
  facet normal -0.979538 -0.201261 0
    outer loop
      vertex -20.0427 -2.84946 0
      vertex -20.0524 -2.80225 12
      vertex -20.0524 -2.80225 0
    endloop
  endfacet
  facet normal -0.979538 -0.201261 0
    outer loop
      vertex -20.0524 -2.80225 12
      vertex -20.0427 -2.84946 0
      vertex -20.0427 -2.84946 12
    endloop
  endfacet
  facet normal -0.986642 -0.162902 0
    outer loop
      vertex -19.8609 -3.95056 0
      vertex -20.0427 -2.84946 12
      vertex -20.0427 -2.84946 0
    endloop
  endfacet
  facet normal -0.986642 -0.162902 0
    outer loop
      vertex -20.0427 -2.84946 12
      vertex -19.8609 -3.95056 0
      vertex -19.8609 -3.95056 12
    endloop
  endfacet
  facet normal -0.973883 -0.227051 0
    outer loop
      vertex -19.6075 -5.03746 0
      vertex -19.8609 -3.95056 12
      vertex -19.8609 -3.95056 0
    endloop
  endfacet
  facet normal -0.973883 -0.227051 0
    outer loop
      vertex -19.8609 -3.95056 12
      vertex -19.6075 -5.03746 0
      vertex -19.6075 -5.03746 12
    endloop
  endfacet
  facet normal -0.98059 -0.196067 0
    outer loop
      vertex -19.5998 -5.07597 0
      vertex -19.6075 -5.03746 12
      vertex -19.6075 -5.03746 0
    endloop
  endfacet
  facet normal -0.98059 -0.196067 0
    outer loop
      vertex -19.6075 -5.03746 12
      vertex -19.5998 -5.07597 0
      vertex -19.5998 -5.07597 12
    endloop
  endfacet
  facet normal -0.991528 -0.129894 0
    outer loop
      vertex -19.5947 -5.1149 0
      vertex -19.5998 -5.07597 12
      vertex -19.5998 -5.07597 0
    endloop
  endfacet
  facet normal -0.991528 -0.129894 0
    outer loop
      vertex -19.5998 -5.07597 12
      vertex -19.5947 -5.1149 0
      vertex -19.5947 -5.1149 12
    endloop
  endfacet
  facet normal -0.997804 -0.0662316 0
    outer loop
      vertex -19.5921 -5.15407 0
      vertex -19.5947 -5.1149 12
      vertex -19.5947 -5.1149 0
    endloop
  endfacet
  facet normal -0.997804 -0.0662316 0
    outer loop
      vertex -19.5947 -5.1149 12
      vertex -19.5921 -5.15407 0
      vertex -19.5921 -5.15407 12
    endloop
  endfacet
  facet normal -1 0 0
    outer loop
      vertex -19.5921 -5.19334 0
      vertex -19.5921 -5.15407 12
      vertex -19.5921 -5.15407 0
    endloop
  endfacet
  facet normal -1 -0 0
    outer loop
      vertex -19.5921 -5.15407 12
      vertex -19.5921 -5.19334 0
      vertex -19.5921 -5.19334 12
    endloop
  endfacet
  facet normal -0.997804 0.0662316 0
    outer loop
      vertex -19.5947 -5.23251 0
      vertex -19.5921 -5.19334 12
      vertex -19.5921 -5.19334 0
    endloop
  endfacet
  facet normal -0.997804 0.0662316 0
    outer loop
      vertex -19.5921 -5.19334 12
      vertex -19.5947 -5.23251 0
      vertex -19.5947 -5.23251 12
    endloop
  endfacet
  facet normal -0.991528 0.129894 0
    outer loop
      vertex -19.5998 -5.27144 0
      vertex -19.5947 -5.23251 12
      vertex -19.5947 -5.23251 0
    endloop
  endfacet
  facet normal -0.991528 0.129894 0
    outer loop
      vertex -19.5947 -5.23251 12
      vertex -19.5998 -5.27144 0
      vertex -19.5998 -5.27144 12
    endloop
  endfacet
  facet normal -0.98059 0.196067 0
    outer loop
      vertex -19.6075 -5.30995 0
      vertex -19.5998 -5.27144 12
      vertex -19.5998 -5.27144 0
    endloop
  endfacet
  facet normal -0.98059 0.196067 0
    outer loop
      vertex -19.5998 -5.27144 12
      vertex -19.6075 -5.30995 0
      vertex -19.6075 -5.30995 12
    endloop
  endfacet
  facet normal -0.966311 0.257377 0
    outer loop
      vertex -19.6176 -5.34787 0
      vertex -19.6075 -5.30995 12
      vertex -19.6075 -5.30995 0
    endloop
  endfacet
  facet normal -0.966311 0.257377 0
    outer loop
      vertex -19.6075 -5.30995 12
      vertex -19.6176 -5.34787 0
      vertex -19.6176 -5.34787 12
    endloop
  endfacet
  facet normal -0.946342 0.323166 0
    outer loop
      vertex -19.6303 -5.38506 0
      vertex -19.6176 -5.34787 12
      vertex -19.6176 -5.34787 0
    endloop
  endfacet
  facet normal -0.946342 0.323166 0
    outer loop
      vertex -19.6176 -5.34787 12
      vertex -19.6303 -5.38506 0
      vertex -19.6303 -5.38506 12
    endloop
  endfacet
  facet normal -0.924091 0.382172 0
    outer loop
      vertex -19.6453 -5.42133 0
      vertex -19.6303 -5.38506 12
      vertex -19.6303 -5.38506 0
    endloop
  endfacet
  facet normal -0.924091 0.382172 0
    outer loop
      vertex -19.6303 -5.38506 12
      vertex -19.6453 -5.42133 0
      vertex -19.6453 -5.42133 12
    endloop
  endfacet
  facet normal -0.897515 0.440983 0
    outer loop
      vertex -19.6626 -5.45654 0
      vertex -19.6453 -5.42133 12
      vertex -19.6453 -5.42133 0
    endloop
  endfacet
  facet normal -0.897515 0.440983 0
    outer loop
      vertex -19.6453 -5.42133 12
      vertex -19.6626 -5.45654 0
      vertex -19.6626 -5.45654 12
    endloop
  endfacet
  facet normal -0.865252 0.501337 0
    outer loop
      vertex -19.6823 -5.49054 0
      vertex -19.6626 -5.45654 12
      vertex -19.6626 -5.45654 0
    endloop
  endfacet
  facet normal -0.865252 0.501337 0
    outer loop
      vertex -19.6626 -5.45654 12
      vertex -19.6823 -5.49054 0
      vertex -19.6823 -5.49054 12
    endloop
  endfacet
  facet normal -0.831658 0.555288 0
    outer loop
      vertex -19.7041 -5.52319 0
      vertex -19.6823 -5.49054 12
      vertex -19.6823 -5.49054 0
    endloop
  endfacet
  facet normal -0.831658 0.555288 0
    outer loop
      vertex -19.6823 -5.49054 12
      vertex -19.7041 -5.52319 0
      vertex -19.7041 -5.52319 12
    endloop
  endfacet
  facet normal -0.793381 0.608726 0
    outer loop
      vertex -19.728 -5.55434 0
      vertex -19.7041 -5.52319 12
      vertex -19.7041 -5.52319 0
    endloop
  endfacet
  facet normal -0.793381 0.608726 0
    outer loop
      vertex -19.7041 -5.52319 12
      vertex -19.728 -5.55434 0
      vertex -19.728 -5.55434 12
    endloop
  endfacet
  facet normal -0.751693 0.659514 0
    outer loop
      vertex -19.7539 -5.58386 0
      vertex -19.728 -5.55434 12
      vertex -19.728 -5.55434 0
    endloop
  endfacet
  facet normal -0.751693 0.659514 0
    outer loop
      vertex -19.728 -5.55434 12
      vertex -19.7539 -5.58386 0
      vertex -19.7539 -5.58386 12
    endloop
  endfacet
  facet normal -0.707871 0.706341 0
    outer loop
      vertex -19.7816 -5.61162 0
      vertex -19.7539 -5.58386 12
      vertex -19.7539 -5.58386 0
    endloop
  endfacet
  facet normal -0.707871 0.706341 0
    outer loop
      vertex -19.7539 -5.58386 12
      vertex -19.7816 -5.61162 0
      vertex -19.7816 -5.61162 12
    endloop
  endfacet
  facet normal -0.658361 0.752703 0
    outer loop
      vertex -19.7816 -5.61162 0
      vertex -19.8112 -5.63751 12
      vertex -19.7816 -5.61162 12
    endloop
  endfacet
  facet normal -0.658361 0.752703 0
    outer loop
      vertex -19.8112 -5.63751 12
      vertex -19.7816 -5.61162 0
      vertex -19.8112 -5.63751 0
    endloop
  endfacet
  facet normal -0.609341 0.792908 0
    outer loop
      vertex -19.8112 -5.63751 0
      vertex -19.8423 -5.66141 12
      vertex -19.8112 -5.63751 12
    endloop
  endfacet
  facet normal -0.609341 0.792908 0
    outer loop
      vertex -19.8423 -5.66141 12
      vertex -19.8112 -5.63751 0
      vertex -19.8423 -5.66141 0
    endloop
  endfacet
  facet normal -0.555052 0.831815 0
    outer loop
      vertex -19.8423 -5.66141 0
      vertex -19.875 -5.68323 12
      vertex -19.8423 -5.66141 12
    endloop
  endfacet
  facet normal -0.555052 0.831815 0
    outer loop
      vertex -19.875 -5.68323 12
      vertex -19.8423 -5.66141 0
      vertex -19.875 -5.68323 0
    endloop
  endfacet
  facet normal -0.500193 0.865914 0
    outer loop
      vertex -19.875 -5.68323 0
      vertex -19.909 -5.70287 12
      vertex -19.875 -5.68323 12
    endloop
  endfacet
  facet normal -0.500193 0.865914 0
    outer loop
      vertex -19.909 -5.70287 12
      vertex -19.875 -5.68323 0
      vertex -19.909 -5.70287 0
    endloop
  endfacet
  facet normal -0.442315 0.89686 0
    outer loop
      vertex -19.909 -5.70287 0
      vertex -19.9442 -5.72023 12
      vertex -19.909 -5.70287 12
    endloop
  endfacet
  facet normal -0.442315 0.89686 0
    outer loop
      vertex -19.9442 -5.72023 12
      vertex -19.909 -5.70287 0
      vertex -19.9442 -5.72023 0
    endloop
  endfacet
  facet normal -0.382119 0.924113 0
    outer loop
      vertex -19.9442 -5.72023 0
      vertex -19.9805 -5.73524 12
      vertex -19.9442 -5.72023 12
    endloop
  endfacet
  facet normal -0.382119 0.924113 0
    outer loop
      vertex -19.9805 -5.73524 12
      vertex -19.9442 -5.72023 0
      vertex -19.9805 -5.73524 0
    endloop
  endfacet
  facet normal -0.314857 0.949139 0
    outer loop
      vertex -19.9805 -5.73524 0
      vertex -20.0262 -5.7504 12
      vertex -19.9805 -5.73524 12
    endloop
  endfacet
  facet normal -0.314857 0.949139 0
    outer loop
      vertex -20.0262 -5.7504 12
      vertex -19.9805 -5.73524 0
      vertex -20.0262 -5.7504 0
    endloop
  endfacet
  facet normal -0.275991 0.96116 0
    outer loop
      vertex -20.0262 -5.7504 0
      vertex -21.5959 -6.20113 12
      vertex -20.0262 -5.7504 12
    endloop
  endfacet
  facet normal -0.275991 0.96116 0
    outer loop
      vertex -21.5959 -6.20113 12
      vertex -20.0262 -5.7504 0
      vertex -21.5959 -6.20113 0
    endloop
  endfacet
  facet normal -0.339847 0.940481 0
    outer loop
      vertex -21.5959 -6.20113 0
      vertex -21.8808 -6.30408 12
      vertex -21.5959 -6.20113 12
    endloop
  endfacet
  facet normal -0.339847 0.940481 0
    outer loop
      vertex -21.8808 -6.30408 12
      vertex -21.5959 -6.20113 0
      vertex -21.8808 -6.30408 0
    endloop
  endfacet
  facet normal -0.44411 0.895972 0
    outer loop
      vertex -21.8808 -6.30408 0
      vertex -22.1559 -6.44044 12
      vertex -21.8808 -6.30408 12
    endloop
  endfacet
  facet normal -0.44411 0.895972 0
    outer loop
      vertex -22.1559 -6.44044 12
      vertex -21.8808 -6.30408 0
      vertex -22.1559 -6.44044 0
    endloop
  endfacet
  facet normal -0.501116 0.86538 0
    outer loop
      vertex -22.1559 -6.44044 0
      vertex -22.4249 -6.59621 12
      vertex -22.1559 -6.44044 12
    endloop
  endfacet
  facet normal -0.501116 0.86538 0
    outer loop
      vertex -22.4249 -6.59621 12
      vertex -22.1559 -6.44044 0
      vertex -22.4249 -6.59621 0
    endloop
  endfacet
  facet normal -0.545055 0.8384 0
    outer loop
      vertex -22.4249 -6.59621 0
      vertex -22.6891 -6.76797 12
      vertex -22.4249 -6.59621 12
    endloop
  endfacet
  facet normal -0.545055 0.8384 0
    outer loop
      vertex -22.6891 -6.76797 12
      vertex -22.4249 -6.59621 0
      vertex -22.6891 -6.76797 0
    endloop
  endfacet
  facet normal -0.58136 0.813647 0
    outer loop
      vertex -22.6891 -6.76797 0
      vertex -22.9489 -6.9536 12
      vertex -22.6891 -6.76797 12
    endloop
  endfacet
  facet normal -0.58136 0.813647 0
    outer loop
      vertex -22.9489 -6.9536 12
      vertex -22.6891 -6.76797 0
      vertex -22.9489 -6.9536 0
    endloop
  endfacet
  facet normal -0.613156 0.789962 0
    outer loop
      vertex -22.9489 -6.9536 0
      vertex -23.2042 -7.15176 12
      vertex -22.9489 -6.9536 12
    endloop
  endfacet
  facet normal -0.613156 0.789962 0
    outer loop
      vertex -23.2042 -7.15176 12
      vertex -22.9489 -6.9536 0
      vertex -23.2042 -7.15176 0
    endloop
  endfacet
  facet normal -0.641446 0.767168 0
    outer loop
      vertex -23.2042 -7.15176 0
      vertex -23.4553 -7.36171 12
      vertex -23.2042 -7.15176 12
    endloop
  endfacet
  facet normal -0.641446 0.767168 0
    outer loop
      vertex -23.4553 -7.36171 12
      vertex -23.2042 -7.15176 0
      vertex -23.4553 -7.36171 0
    endloop
  endfacet
  facet normal -0.666706 0.74532 0
    outer loop
      vertex -23.4553 -7.36171 0
      vertex -23.7018 -7.58221 12
      vertex -23.4553 -7.36171 12
    endloop
  endfacet
  facet normal -0.666706 0.74532 0
    outer loop
      vertex -23.7018 -7.58221 12
      vertex -23.4553 -7.36171 0
      vertex -23.7018 -7.58221 0
    endloop
  endfacet
  facet normal -0.69018 0.723638 0
    outer loop
      vertex -23.7018 -7.58221 0
      vertex -23.9449 -7.81407 12
      vertex -23.7018 -7.58221 12
    endloop
  endfacet
  facet normal -0.69018 0.723638 0
    outer loop
      vertex -23.9449 -7.81407 12
      vertex -23.7018 -7.58221 0
      vertex -23.9449 -7.81407 0
    endloop
  endfacet
  facet normal -0.711618 0.702567 0
    outer loop
      vertex -24.1832 -8.05544 0
      vertex -23.9449 -7.81407 12
      vertex -23.9449 -7.81407 0
    endloop
  endfacet
  facet normal -0.711618 0.702567 0
    outer loop
      vertex -23.9449 -7.81407 12
      vertex -24.1832 -8.05544 0
      vertex -24.1832 -8.05544 12
    endloop
  endfacet
  facet normal -0.731485 0.681858 0
    outer loop
      vertex -24.4176 -8.3069 0
      vertex -24.1832 -8.05544 12
      vertex -24.1832 -8.05544 0
    endloop
  endfacet
  facet normal -0.731485 0.681858 0
    outer loop
      vertex -24.1832 -8.05544 12
      vertex -24.4176 -8.3069 0
      vertex -24.4176 -8.3069 12
    endloop
  endfacet
  facet normal -0.750014 0.661421 0
    outer loop
      vertex -24.6471 -8.56714 0
      vertex -24.4176 -8.3069 12
      vertex -24.4176 -8.3069 0
    endloop
  endfacet
  facet normal -0.750014 0.661421 0
    outer loop
      vertex -24.4176 -8.3069 12
      vertex -24.6471 -8.56714 0
      vertex -24.6471 -8.56714 12
    endloop
  endfacet
  facet normal -0.767417 0.641148 0
    outer loop
      vertex -24.8727 -8.83717 0
      vertex -24.6471 -8.56714 12
      vertex -24.6471 -8.56714 0
    endloop
  endfacet
  facet normal -0.767417 0.641148 0
    outer loop
      vertex -24.6471 -8.56714 12
      vertex -24.8727 -8.83717 0
      vertex -24.8727 -8.83717 12
    endloop
  endfacet
  facet normal -0.783707 0.621131 0
    outer loop
      vertex -25.0933 -9.11551 0
      vertex -24.8727 -8.83717 12
      vertex -24.8727 -8.83717 0
    endloop
  endfacet
  facet normal -0.783707 0.621131 0
    outer loop
      vertex -24.8727 -8.83717 12
      vertex -25.0933 -9.11551 0
      vertex -25.0933 -9.11551 12
    endloop
  endfacet
  facet normal -0.799005 0.601324 0
    outer loop
      vertex -25.3097 -9.40305 0
      vertex -25.0933 -9.11551 12
      vertex -25.0933 -9.11551 0
    endloop
  endfacet
  facet normal -0.799005 0.601324 0
    outer loop
      vertex -25.0933 -9.11551 12
      vertex -25.3097 -9.40305 0
      vertex -25.3097 -9.40305 12
    endloop
  endfacet
  facet normal -0.923876 -0.382692 0
    outer loop
      vertex -24.5456 -11.2477 0
      vertex -25.3097 -9.40305 12
      vertex -25.3097 -9.40305 0
    endloop
  endfacet
  facet normal -0.923876 -0.382692 0
    outer loop
      vertex -25.3097 -9.40305 12
      vertex -24.5456 -11.2477 0
      vertex -24.5456 -11.2477 12
    endloop
  endfacet
  facet normal -0.139826 -0.990176 0
    outer loop
      vertex -24.5456 -11.2477 0
      vertex -24.1894 -11.298 12
      vertex -24.5456 -11.2477 12
    endloop
  endfacet
  facet normal -0.139826 -0.990176 -0
    outer loop
      vertex -24.1894 -11.298 12
      vertex -24.5456 -11.2477 0
      vertex -24.1894 -11.298 0
    endloop
  endfacet
  facet normal -0.114881 -0.993379 0
    outer loop
      vertex -24.1894 -11.298 0
      vertex -23.8366 -11.3388 12
      vertex -24.1894 -11.298 12
    endloop
  endfacet
  facet normal -0.114881 -0.993379 -0
    outer loop
      vertex -23.8366 -11.3388 12
      vertex -24.1894 -11.298 0
      vertex -23.8366 -11.3388 0
    endloop
  endfacet
  facet normal -0.0891785 -0.996016 0
    outer loop
      vertex -23.8366 -11.3388 0
      vertex -23.4859 -11.3702 12
      vertex -23.8366 -11.3388 12
    endloop
  endfacet
  facet normal -0.0891785 -0.996016 -0
    outer loop
      vertex -23.4859 -11.3702 12
      vertex -23.8366 -11.3388 0
      vertex -23.4859 -11.3702 0
    endloop
  endfacet
  facet normal -0.0627727 -0.998028 0
    outer loop
      vertex -23.4859 -11.3702 0
      vertex -23.1393 -11.392 12
      vertex -23.4859 -11.3702 12
    endloop
  endfacet
  facet normal -0.0627727 -0.998028 -0
    outer loop
      vertex -23.1393 -11.392 12
      vertex -23.4859 -11.3702 0
      vertex -23.1393 -11.392 0
    endloop
  endfacet
  facet normal -0.0349844 -0.999388 0
    outer loop
      vertex -23.1393 -11.392 0
      vertex -22.7965 -11.404 12
      vertex -23.1393 -11.392 12
    endloop
  endfacet
  facet normal -0.0349844 -0.999388 -0
    outer loop
      vertex -22.7965 -11.404 12
      vertex -23.1393 -11.392 0
      vertex -22.7965 -11.404 0
    endloop
  endfacet
  facet normal -0.00647807 -0.999979 0
    outer loop
      vertex -22.7965 -11.404 0
      vertex -22.4569 -11.4062 12
      vertex -22.7965 -11.404 12
    endloop
  endfacet
  facet normal -0.00647807 -0.999979 -0
    outer loop
      vertex -22.4569 -11.4062 12
      vertex -22.7965 -11.404 0
      vertex -22.4569 -11.4062 0
    endloop
  endfacet
  facet normal 0.0238311 -0.999716 0
    outer loop
      vertex -22.4569 -11.4062 0
      vertex -22.1213 -11.3982 12
      vertex -22.4569 -11.4062 12
    endloop
  endfacet
  facet normal 0.0238311 -0.999716 0
    outer loop
      vertex -22.1213 -11.3982 12
      vertex -22.4569 -11.4062 0
      vertex -22.1213 -11.3982 0
    endloop
  endfacet
  facet normal 0.0552526 -0.998472 0
    outer loop
      vertex -22.1213 -11.3982 0
      vertex -21.7906 -11.3799 12
      vertex -22.1213 -11.3982 12
    endloop
  endfacet
  facet normal 0.0552526 -0.998472 0
    outer loop
      vertex -21.7906 -11.3799 12
      vertex -22.1213 -11.3982 0
      vertex -21.7906 -11.3799 0
    endloop
  endfacet
  facet normal 0.0892677 -0.996008 0
    outer loop
      vertex -21.7906 -11.3799 0
      vertex -21.4648 -11.3507 12
      vertex -21.7906 -11.3799 12
    endloop
  endfacet
  facet normal 0.0892677 -0.996008 0
    outer loop
      vertex -21.4648 -11.3507 12
      vertex -21.7906 -11.3799 0
      vertex -21.4648 -11.3507 0
    endloop
  endfacet
  facet normal 0.125025 -0.992154 0
    outer loop
      vertex -21.4648 -11.3507 0
      vertex -21.1442 -11.3103 12
      vertex -21.4648 -11.3507 12
    endloop
  endfacet
  facet normal 0.125025 -0.992154 0
    outer loop
      vertex -21.1442 -11.3103 12
      vertex -21.4648 -11.3507 0
      vertex -21.1442 -11.3103 0
    endloop
  endfacet
  facet normal 0.163941 -0.98647 0
    outer loop
      vertex -21.1442 -11.3103 0
      vertex -20.8295 -11.258 12
      vertex -21.1442 -11.3103 12
    endloop
  endfacet
  facet normal 0.163941 -0.98647 0
    outer loop
      vertex -20.8295 -11.258 12
      vertex -21.1442 -11.3103 0
      vertex -20.8295 -11.258 0
    endloop
  endfacet
  facet normal 0.207385 -0.978259 0
    outer loop
      vertex -20.8295 -11.258 0
      vertex -20.521 -11.1926 12
      vertex -20.8295 -11.258 12
    endloop
  endfacet
  facet normal 0.207385 -0.978259 0
    outer loop
      vertex -20.521 -11.1926 12
      vertex -20.8295 -11.258 0
      vertex -20.521 -11.1926 0
    endloop
  endfacet
  facet normal 0.257643 -0.96624 0
    outer loop
      vertex -20.521 -11.1926 0
      vertex -20.2206 -11.1125 12
      vertex -20.521 -11.1926 12
    endloop
  endfacet
  facet normal 0.257643 -0.96624 0
    outer loop
      vertex -20.2206 -11.1125 12
      vertex -20.521 -11.1926 0
      vertex -20.2206 -11.1125 0
    endloop
  endfacet
  facet normal 0.319548 -0.94757 0
    outer loop
      vertex -20.2206 -11.1125 0
      vertex -19.9297 -11.0144 12
      vertex -20.2206 -11.1125 12
    endloop
  endfacet
  facet normal 0.319548 -0.94757 0
    outer loop
      vertex -19.9297 -11.0144 12
      vertex -20.2206 -11.1125 0
      vertex -19.9297 -11.0144 0
    endloop
  endfacet
  facet normal 0.424747 -0.905312 0
    outer loop
      vertex -19.9297 -11.0144 0
      vertex -19.6556 -10.8858 12
      vertex -19.9297 -11.0144 12
    endloop
  endfacet
  facet normal 0.424747 -0.905312 0
    outer loop
      vertex -19.6556 -10.8858 12
      vertex -19.9297 -11.0144 0
      vertex -19.6556 -10.8858 0
    endloop
  endfacet
  facet normal 0.484483 -0.874801 0
    outer loop
      vertex -19.6556 -10.8858 0
      vertex -18.2268 -10.0945 12
      vertex -19.6556 -10.8858 12
    endloop
  endfacet
  facet normal 0.484483 -0.874801 0
    outer loop
      vertex -18.2268 -10.0945 12
      vertex -19.6556 -10.8858 0
      vertex -18.2268 -10.0945 0
    endloop
  endfacet
  facet normal 0.456368 -0.889791 0
    outer loop
      vertex -18.2268 -10.0945 0
      vertex -18.1919 -10.0766 12
      vertex -18.2268 -10.0945 12
    endloop
  endfacet
  facet normal 0.456368 -0.889791 0
    outer loop
      vertex -18.1919 -10.0766 12
      vertex -18.2268 -10.0945 0
      vertex -18.1919 -10.0766 0
    endloop
  endfacet
  facet normal 0.394534 -0.918882 0
    outer loop
      vertex -18.1919 -10.0766 0
      vertex -18.1558 -10.0611 12
      vertex -18.1919 -10.0766 12
    endloop
  endfacet
  facet normal 0.394534 -0.918882 0
    outer loop
      vertex -18.1558 -10.0611 12
      vertex -18.1919 -10.0766 0
      vertex -18.1558 -10.0611 0
    endloop
  endfacet
  facet normal 0.336014 -0.941857 0
    outer loop
      vertex -18.1558 -10.0611 0
      vertex -18.1188 -10.0479 12
      vertex -18.1558 -10.0611 12
    endloop
  endfacet
  facet normal 0.336014 -0.941857 0
    outer loop
      vertex -18.1188 -10.0479 12
      vertex -18.1558 -10.0611 0
      vertex -18.1188 -10.0479 0
    endloop
  endfacet
  facet normal 0.273036 -0.962004 0
    outer loop
      vertex -18.1188 -10.0479 0
      vertex -18.0811 -10.0372 12
      vertex -18.1188 -10.0479 12
    endloop
  endfacet
  facet normal 0.273036 -0.962004 0
    outer loop
      vertex -18.0811 -10.0372 12
      vertex -18.1188 -10.0479 0
      vertex -18.0811 -10.0372 0
    endloop
  endfacet
  facet normal 0.211267 -0.977428 0
    outer loop
      vertex -18.0811 -10.0372 0
      vertex -18.0427 -10.0289 12
      vertex -18.0811 -10.0372 12
    endloop
  endfacet
  facet normal 0.211267 -0.977428 0
    outer loop
      vertex -18.0427 -10.0289 12
      vertex -18.0811 -10.0372 0
      vertex -18.0427 -10.0289 0
    endloop
  endfacet
  facet normal 0.144981 -0.989434 0
    outer loop
      vertex -18.0427 -10.0289 0
      vertex -18.0038 -10.0232 12
      vertex -18.0427 -10.0289 12
    endloop
  endfacet
  facet normal 0.144981 -0.989434 0
    outer loop
      vertex -18.0038 -10.0232 12
      vertex -18.0427 -10.0289 0
      vertex -18.0038 -10.0232 0
    endloop
  endfacet
  facet normal 0.0790359 -0.996872 0
    outer loop
      vertex -18.0038 -10.0232 0
      vertex -17.9647 -10.0201 12
      vertex -18.0038 -10.0232 12
    endloop
  endfacet
  facet normal 0.0790359 -0.996872 0
    outer loop
      vertex -17.9647 -10.0201 12
      vertex -18.0038 -10.0232 0
      vertex -17.9647 -10.0201 0
    endloop
  endfacet
  facet normal 0.0152654 -0.999883 0
    outer loop
      vertex -17.9647 -10.0201 0
      vertex -17.9254 -10.0195 12
      vertex -17.9647 -10.0201 12
    endloop
  endfacet
  facet normal 0.0152654 -0.999883 0
    outer loop
      vertex -17.9254 -10.0195 12
      vertex -17.9647 -10.0201 0
      vertex -17.9254 -10.0195 0
    endloop
  endfacet
  facet normal -0.0509541 -0.998701 0
    outer loop
      vertex -17.9254 -10.0195 0
      vertex -17.8862 -10.0215 12
      vertex -17.9254 -10.0195 12
    endloop
  endfacet
  facet normal -0.0509541 -0.998701 -0
    outer loop
      vertex -17.8862 -10.0215 12
      vertex -17.9254 -10.0195 0
      vertex -17.8862 -10.0215 0
    endloop
  endfacet
  facet normal -0.114624 -0.993409 0
    outer loop
      vertex -17.8862 -10.0215 0
      vertex -17.8472 -10.026 12
      vertex -17.8862 -10.0215 12
    endloop
  endfacet
  facet normal -0.114624 -0.993409 -0
    outer loop
      vertex -17.8472 -10.026 12
      vertex -17.8862 -10.0215 0
      vertex -17.8472 -10.026 0
    endloop
  endfacet
  facet normal -0.180903 -0.983501 0
    outer loop
      vertex -17.8472 -10.026 0
      vertex -17.8086 -10.0331 12
      vertex -17.8472 -10.026 12
    endloop
  endfacet
  facet normal -0.180903 -0.983501 -0
    outer loop
      vertex -17.8086 -10.0331 12
      vertex -17.8472 -10.026 0
      vertex -17.8086 -10.0331 0
    endloop
  endfacet
  facet normal -0.244332 -0.969692 0
    outer loop
      vertex -17.8086 -10.0331 0
      vertex -17.7705 -10.0427 12
      vertex -17.8086 -10.0331 12
    endloop
  endfacet
  facet normal -0.244332 -0.969692 -0
    outer loop
      vertex -17.7705 -10.0427 12
      vertex -17.8086 -10.0331 0
      vertex -17.7705 -10.0427 0
    endloop
  endfacet
  facet normal -0.308567 -0.951203 0
    outer loop
      vertex -17.7705 -10.0427 0
      vertex -17.7332 -10.0548 12
      vertex -17.7705 -10.0427 12
    endloop
  endfacet
  facet normal -0.308567 -0.951203 -0
    outer loop
      vertex -17.7332 -10.0548 12
      vertex -17.7705 -10.0427 0
      vertex -17.7332 -10.0548 0
    endloop
  endfacet
  facet normal -0.366992 -0.930224 0
    outer loop
      vertex -17.7332 -10.0548 0
      vertex -17.6967 -10.0692 12
      vertex -17.7332 -10.0548 12
    endloop
  endfacet
  facet normal -0.366992 -0.930224 -0
    outer loop
      vertex -17.6967 -10.0692 12
      vertex -17.7332 -10.0548 0
      vertex -17.6967 -10.0692 0
    endloop
  endfacet
  facet normal -0.429835 -0.902908 0
    outer loop
      vertex -17.6967 -10.0692 0
      vertex -17.6612 -10.0861 12
      vertex -17.6967 -10.0692 12
    endloop
  endfacet
  facet normal -0.429835 -0.902908 -0
    outer loop
      vertex -17.6612 -10.0861 12
      vertex -17.6967 -10.0692 0
      vertex -17.6612 -10.0861 0
    endloop
  endfacet
  facet normal -0.486508 -0.873676 0
    outer loop
      vertex -17.6612 -10.0861 0
      vertex -17.6269 -10.1052 12
      vertex -17.6612 -10.0861 12
    endloop
  endfacet
  facet normal -0.486508 -0.873676 -0
    outer loop
      vertex -17.6269 -10.1052 12
      vertex -17.6612 -10.0861 0
      vertex -17.6269 -10.1052 0
    endloop
  endfacet
  facet normal -0.542301 -0.840184 0
    outer loop
      vertex -17.6269 -10.1052 0
      vertex -17.5939 -10.1265 12
      vertex -17.6269 -10.1052 12
    endloop
  endfacet
  facet normal -0.542301 -0.840184 -0
    outer loop
      vertex -17.5939 -10.1265 12
      vertex -17.6269 -10.1052 0
      vertex -17.5939 -10.1265 0
    endloop
  endfacet
  facet normal -0.597962 -0.801524 0
    outer loop
      vertex -17.5939 -10.1265 0
      vertex -17.5624 -10.15 12
      vertex -17.5939 -10.1265 12
    endloop
  endfacet
  facet normal -0.597962 -0.801524 -0
    outer loop
      vertex -17.5624 -10.15 12
      vertex -17.5939 -10.1265 0
      vertex -17.5624 -10.15 0
    endloop
  endfacet
  facet normal -0.647426 -0.762128 0
    outer loop
      vertex -17.5624 -10.15 0
      vertex -17.5325 -10.1754 12
      vertex -17.5624 -10.15 12
    endloop
  endfacet
  facet normal -0.647426 -0.762128 -0
    outer loop
      vertex -17.5325 -10.1754 12
      vertex -17.5624 -10.15 0
      vertex -17.5325 -10.1754 0
    endloop
  endfacet
  facet normal -0.698133 -0.715968 0
    outer loop
      vertex -17.5325 -10.1754 0
      vertex -17.5044 -10.2028 12
      vertex -17.5325 -10.1754 12
    endloop
  endfacet
  facet normal -0.698133 -0.715968 -0
    outer loop
      vertex -17.5044 -10.2028 12
      vertex -17.5325 -10.1754 0
      vertex -17.5044 -10.2028 0
    endloop
  endfacet
  facet normal -0.740631 -0.671912 0
    outer loop
      vertex -17.478 -10.2319 0
      vertex -17.5044 -10.2028 12
      vertex -17.5044 -10.2028 0
    endloop
  endfacet
  facet normal -0.740631 -0.671912 0
    outer loop
      vertex -17.5044 -10.2028 12
      vertex -17.478 -10.2319 0
      vertex -17.478 -10.2319 12
    endloop
  endfacet
  facet normal -0.785078 -0.619396 0
    outer loop
      vertex -17.4537 -10.2627 0
      vertex -17.478 -10.2319 12
      vertex -17.478 -10.2319 0
    endloop
  endfacet
  facet normal -0.785078 -0.619396 0
    outer loop
      vertex -17.478 -10.2319 12
      vertex -17.4537 -10.2627 0
      vertex -17.4537 -10.2627 12
    endloop
  endfacet
  facet normal -0.827235 -0.561856 0
    outer loop
      vertex -17.4266 -10.3026 0
      vertex -17.4537 -10.2627 12
      vertex -17.4537 -10.2627 0
    endloop
  endfacet
  facet normal -0.827235 -0.561856 0
    outer loop
      vertex -17.4537 -10.2627 12
      vertex -17.4266 -10.3026 0
      vertex -17.4266 -10.3026 12
    endloop
  endfacet
  facet normal -0.849194 -0.528081 0
    outer loop
      vertex -16.8372 -11.2504 0
      vertex -17.4266 -10.3026 12
      vertex -17.4266 -10.3026 0
    endloop
  endfacet
  facet normal -0.849194 -0.528081 0
    outer loop
      vertex -17.4266 -10.3026 12
      vertex -16.8372 -11.2504 0
      vertex -16.8372 -11.2504 12
    endloop
  endfacet
  facet normal -0.812824 -0.582509 0
    outer loop
      vertex -16.1872 -12.1574 0
      vertex -16.8372 -11.2504 12
      vertex -16.8372 -11.2504 0
    endloop
  endfacet
  facet normal -0.812824 -0.582509 0
    outer loop
      vertex -16.8372 -11.2504 12
      vertex -16.1872 -12.1574 0
      vertex -16.1872 -12.1574 12
    endloop
  endfacet
  facet normal -0.83205 -0.5547 0
    outer loop
      vertex -16.1654 -12.1901 0
      vertex -16.1872 -12.1574 12
      vertex -16.1872 -12.1574 0
    endloop
  endfacet
  facet normal -0.83205 -0.5547 0
    outer loop
      vertex -16.1872 -12.1574 12
      vertex -16.1654 -12.1901 0
      vertex -16.1654 -12.1901 12
    endloop
  endfacet
  facet normal -0.866355 -0.499428 0
    outer loop
      vertex -16.1458 -12.2241 0
      vertex -16.1654 -12.1901 12
      vertex -16.1654 -12.1901 0
    endloop
  endfacet
  facet normal -0.866355 -0.499428 0
    outer loop
      vertex -16.1654 -12.1901 12
      vertex -16.1458 -12.2241 0
      vertex -16.1458 -12.2241 12
    endloop
  endfacet
  facet normal -0.896455 -0.443134 0
    outer loop
      vertex -16.1284 -12.2593 0
      vertex -16.1458 -12.2241 12
      vertex -16.1458 -12.2241 0
    endloop
  endfacet
  facet normal -0.896455 -0.443134 0
    outer loop
      vertex -16.1458 -12.2241 12
      vertex -16.1284 -12.2593 0
      vertex -16.1284 -12.2593 12
    endloop
  endfacet
  facet normal -0.924203 -0.381902 0
    outer loop
      vertex -16.1134 -12.2956 0
      vertex -16.1284 -12.2593 12
      vertex -16.1284 -12.2593 0
    endloop
  endfacet
  facet normal -0.924203 -0.381902 0
    outer loop
      vertex -16.1284 -12.2593 12
      vertex -16.1134 -12.2956 0
      vertex -16.1134 -12.2956 12
    endloop
  endfacet
  facet normal -0.946102 -0.323868 0
    outer loop
      vertex -16.1007 -12.3327 0
      vertex -16.1134 -12.2956 12
      vertex -16.1134 -12.2956 0
    endloop
  endfacet
  facet normal -0.946102 -0.323868 0
    outer loop
      vertex -16.1134 -12.2956 12
      vertex -16.1007 -12.3327 0
      vertex -16.1007 -12.3327 12
    endloop
  endfacet
  facet normal -0.966446 -0.256871 0
    outer loop
      vertex -16.0906 -12.3707 0
      vertex -16.1007 -12.3327 12
      vertex -16.1007 -12.3327 0
    endloop
  endfacet
  facet normal -0.966446 -0.256871 0
    outer loop
      vertex -16.1007 -12.3327 12
      vertex -16.0906 -12.3707 0
      vertex -16.0906 -12.3707 12
    endloop
  endfacet
  facet normal -0.980581 -0.196116 0
    outer loop
      vertex -16.0829 -12.4092 0
      vertex -16.0906 -12.3707 12
      vertex -16.0906 -12.3707 0
    endloop
  endfacet
  facet normal -0.980581 -0.196116 0
    outer loop
      vertex -16.0906 -12.3707 12
      vertex -16.0829 -12.4092 0
      vertex -16.0829 -12.4092 12
    endloop
  endfacet
  facet normal -0.991515 -0.129993 0
    outer loop
      vertex -16.0778 -12.4481 0
      vertex -16.0829 -12.4092 12
      vertex -16.0829 -12.4092 0
    endloop
  endfacet
  facet normal -0.991515 -0.129993 0
    outer loop
      vertex -16.0829 -12.4092 12
      vertex -16.0778 -12.4481 0
      vertex -16.0778 -12.4481 12
    endloop
  endfacet
  facet normal -0.997808 -0.0661811 0
    outer loop
      vertex -16.0752 -12.4873 0
      vertex -16.0778 -12.4481 12
      vertex -16.0778 -12.4481 0
    endloop
  endfacet
  facet normal -0.997808 -0.0661811 0
    outer loop
      vertex -16.0778 -12.4481 12
      vertex -16.0752 -12.4873 0
      vertex -16.0752 -12.4873 12
    endloop
  endfacet
  facet normal -1 0 0
    outer loop
      vertex -16.0752 -12.5266 0
      vertex -16.0752 -12.4873 12
      vertex -16.0752 -12.4873 0
    endloop
  endfacet
  facet normal -1 -0 0
    outer loop
      vertex -16.0752 -12.4873 12
      vertex -16.0752 -12.5266 0
      vertex -16.0752 -12.5266 12
    endloop
  endfacet
  facet normal -0.997796 0.0663496 0
    outer loop
      vertex -16.0778 -12.5657 0
      vertex -16.0752 -12.5266 12
      vertex -16.0752 -12.5266 0
    endloop
  endfacet
  facet normal -0.997796 0.0663496 0
    outer loop
      vertex -16.0752 -12.5266 12
      vertex -16.0778 -12.5657 0
      vertex -16.0778 -12.5657 12
    endloop
  endfacet
  facet normal -0.991558 0.129665 0
    outer loop
      vertex -16.0829 -12.6047 0
      vertex -16.0778 -12.5657 12
      vertex -16.0778 -12.5657 0
    endloop
  endfacet
  facet normal -0.991558 0.129665 0
    outer loop
      vertex -16.0778 -12.5657 12
      vertex -16.0829 -12.6047 0
      vertex -16.0829 -12.6047 12
    endloop
  endfacet
  facet normal -0.980581 0.196116 0
    outer loop
      vertex -16.0906 -12.6432 0
      vertex -16.0829 -12.6047 12
      vertex -16.0829 -12.6047 0
    endloop
  endfacet
  facet normal -0.980581 0.196116 0
    outer loop
      vertex -16.0829 -12.6047 12
      vertex -16.0906 -12.6432 0
      vertex -16.0906 -12.6432 12
    endloop
  endfacet
  facet normal -0.966277 0.257504 0
    outer loop
      vertex -16.1007 -12.6811 0
      vertex -16.0906 -12.6432 12
      vertex -16.0906 -12.6432 0
    endloop
  endfacet
  facet normal -0.966277 0.257504 0
    outer loop
      vertex -16.0906 -12.6432 12
      vertex -16.1007 -12.6811 0
      vertex -16.1007 -12.6811 12
    endloop
  endfacet
  facet normal -0.946369 0.323088 0
    outer loop
      vertex -16.1134 -12.7183 0
      vertex -16.1007 -12.6811 12
      vertex -16.1007 -12.6811 0
    endloop
  endfacet
  facet normal -0.946369 0.323088 0
    outer loop
      vertex -16.1007 -12.6811 12
      vertex -16.1134 -12.7183 0
      vertex -16.1134 -12.7183 12
    endloop
  endfacet
  facet normal -0.92383 0.382803 0
    outer loop
      vertex -16.1284 -12.7545 0
      vertex -16.1134 -12.7183 12
      vertex -16.1134 -12.7183 0
    endloop
  endfacet
  facet normal -0.92383 0.382803 0
    outer loop
      vertex -16.1134 -12.7183 12
      vertex -16.1284 -12.7545 0
      vertex -16.1284 -12.7545 12
    endloop
  endfacet
  facet normal -0.89796 0.440077 0
    outer loop
      vertex -16.1457 -12.7898 0
      vertex -16.1284 -12.7545 12
      vertex -16.1284 -12.7545 0
    endloop
  endfacet
  facet normal -0.89796 0.440077 0
    outer loop
      vertex -16.1284 -12.7545 12
      vertex -16.1457 -12.7898 0
      vertex -16.1457 -12.7898 12
    endloop
  endfacet
  facet normal -0.865252 0.501337 0
    outer loop
      vertex -16.1654 -12.8238 0
      vertex -16.1457 -12.7898 12
      vertex -16.1457 -12.7898 0
    endloop
  endfacet
  facet normal -0.865252 0.501337 0
    outer loop
      vertex -16.1457 -12.7898 12
      vertex -16.1654 -12.8238 0
      vertex -16.1654 -12.8238 12
    endloop
  endfacet
  facet normal -0.831265 0.555877 0
    outer loop
      vertex -16.1872 -12.8564 0
      vertex -16.1654 -12.8238 12
      vertex -16.1654 -12.8238 0
    endloop
  endfacet
  facet normal -0.831265 0.555877 0
    outer loop
      vertex -16.1654 -12.8238 12
      vertex -16.1872 -12.8564 0
      vertex -16.1872 -12.8564 12
    endloop
  endfacet
  facet normal -0.793852 0.608111 0
    outer loop
      vertex -16.2111 -12.8876 0
      vertex -16.1872 -12.8564 12
      vertex -16.1872 -12.8564 0
    endloop
  endfacet
  facet normal -0.793852 0.608111 0
    outer loop
      vertex -16.1872 -12.8564 12
      vertex -16.2111 -12.8876 0
      vertex -16.2111 -12.8876 12
    endloop
  endfacet
  facet normal -0.751471 0.659766 0
    outer loop
      vertex -16.237 -12.9171 0
      vertex -16.2111 -12.8876 12
      vertex -16.2111 -12.8876 0
    endloop
  endfacet
  facet normal -0.751471 0.659766 0
    outer loop
      vertex -16.2111 -12.8876 12
      vertex -16.237 -12.9171 0
      vertex -16.237 -12.9171 12
    endloop
  endfacet
  facet normal -0.707107 0.707107 0
    outer loop
      vertex -16.237 -12.9171 0
      vertex -16.2647 -12.9448 12
      vertex -16.237 -12.9171 12
    endloop
  endfacet
  facet normal -0.707107 0.707107 0
    outer loop
      vertex -16.2647 -12.9448 12
      vertex -16.237 -12.9171 0
      vertex -16.2647 -12.9448 0
    endloop
  endfacet
  facet normal -0.65335 0.757056 0
    outer loop
      vertex -16.2647 -12.9448 0
      vertex -16.3012 -12.9763 12
      vertex -16.2647 -12.9448 12
    endloop
  endfacet
  facet normal -0.65335 0.757056 0
    outer loop
      vertex -16.3012 -12.9763 12
      vertex -16.2647 -12.9448 0
      vertex -16.3012 -12.9763 0
    endloop
  endfacet
  facet normal -0.622812 0.782372 0
    outer loop
      vertex -16.3012 -12.9763 0
      vertex -17.579 -13.9935 12
      vertex -16.3012 -12.9763 12
    endloop
  endfacet
  facet normal -0.622812 0.782372 0
    outer loop
      vertex -17.579 -13.9935 12
      vertex -16.3012 -12.9763 0
      vertex -17.579 -13.9935 0
    endloop
  endfacet
  facet normal -0.674003 0.738729 0
    outer loop
      vertex -17.579 -13.9935 0
      vertex -17.8027 -14.1976 12
      vertex -17.579 -13.9935 12
    endloop
  endfacet
  facet normal -0.674003 0.738729 0
    outer loop
      vertex -17.8027 -14.1976 12
      vertex -17.579 -13.9935 0
      vertex -17.8027 -14.1976 0
    endloop
  endfacet
  facet normal -0.753081 0.657928 0
    outer loop
      vertex -18.0046 -14.4287 0
      vertex -17.8027 -14.1976 12
      vertex -17.8027 -14.1976 0
    endloop
  endfacet
  facet normal -0.753081 0.657928 0
    outer loop
      vertex -17.8027 -14.1976 12
      vertex -18.0046 -14.4287 0
      vertex -18.0046 -14.4287 12
    endloop
  endfacet
  facet normal -0.794221 0.607629 0
    outer loop
      vertex -18.1938 -14.676 0
      vertex -18.0046 -14.4287 12
      vertex -18.0046 -14.4287 0
    endloop
  endfacet
  facet normal -0.794221 0.607629 0
    outer loop
      vertex -18.0046 -14.4287 12
      vertex -18.1938 -14.676 0
      vertex -18.1938 -14.676 12
    endloop
  endfacet
  facet normal -0.824394 0.566016 0
    outer loop
      vertex -18.3719 -14.9354 0
      vertex -18.1938 -14.676 12
      vertex -18.1938 -14.676 0
    endloop
  endfacet
  facet normal -0.824394 0.566016 0
    outer loop
      vertex -18.1938 -14.676 12
      vertex -18.3719 -14.9354 0
      vertex -18.3719 -14.9354 12
    endloop
  endfacet
  facet normal -0.84856 0.529099 0
    outer loop
      vertex -18.541 -15.2066 0
      vertex -18.3719 -14.9354 12
      vertex -18.3719 -14.9354 0
    endloop
  endfacet
  facet normal -0.84856 0.529099 0
    outer loop
      vertex -18.3719 -14.9354 12
      vertex -18.541 -15.2066 0
      vertex -18.541 -15.2066 12
    endloop
  endfacet
  facet normal -0.868757 0.495238 0
    outer loop
      vertex -18.7009 -15.4871 0
      vertex -18.541 -15.2066 12
      vertex -18.541 -15.2066 0
    endloop
  endfacet
  facet normal -0.868757 0.495238 0
    outer loop
      vertex -18.541 -15.2066 12
      vertex -18.7009 -15.4871 0
      vertex -18.7009 -15.4871 12
    endloop
  endfacet
  facet normal -0.886154 0.463391 0
    outer loop
      vertex -18.8526 -15.7772 0
      vertex -18.7009 -15.4871 12
      vertex -18.7009 -15.4871 0
    endloop
  endfacet
  facet normal -0.886154 0.463391 0
    outer loop
      vertex -18.7009 -15.4871 12
      vertex -18.8526 -15.7772 0
      vertex -18.8526 -15.7772 12
    endloop
  endfacet
  facet normal -0.901207 0.433389 0
    outer loop
      vertex -18.9961 -16.0756 0
      vertex -18.8526 -15.7772 12
      vertex -18.8526 -15.7772 0
    endloop
  endfacet
  facet normal -0.901207 0.433389 0
    outer loop
      vertex -18.8526 -15.7772 12
      vertex -18.9961 -16.0756 0
      vertex -18.9961 -16.0756 12
    endloop
  endfacet
  facet normal -0.914535 0.404506 0
    outer loop
      vertex -19.1318 -16.3824 0
      vertex -18.9961 -16.0756 12
      vertex -18.9961 -16.0756 0
    endloop
  endfacet
  facet normal -0.914535 0.404506 0
    outer loop
      vertex -18.9961 -16.0756 12
      vertex -19.1318 -16.3824 0
      vertex -19.1318 -16.3824 12
    endloop
  endfacet
  facet normal -0.926348 0.37667 0
    outer loop
      vertex -19.2596 -16.6967 0
      vertex -19.1318 -16.3824 12
      vertex -19.1318 -16.3824 0
    endloop
  endfacet
  facet normal -0.926348 0.37667 0
    outer loop
      vertex -19.1318 -16.3824 12
      vertex -19.2596 -16.6967 0
      vertex -19.2596 -16.6967 12
    endloop
  endfacet
  facet normal -0.936723 0.350071 0
    outer loop
      vertex -19.3799 -17.0186 0
      vertex -19.2596 -16.6967 12
      vertex -19.2596 -16.6967 0
    endloop
  endfacet
  facet normal -0.936723 0.350071 0
    outer loop
      vertex -19.2596 -16.6967 12
      vertex -19.3799 -17.0186 0
      vertex -19.3799 -17.0186 12
    endloop
  endfacet
  facet normal -0.946001 0.324162 0
    outer loop
      vertex -19.4925 -17.3472 0
      vertex -19.3799 -17.0186 12
      vertex -19.3799 -17.0186 0
    endloop
  endfacet
  facet normal -0.946001 0.324162 0
    outer loop
      vertex -19.3799 -17.0186 12
      vertex -19.4925 -17.3472 0
      vertex -19.4925 -17.3472 12
    endloop
  endfacet
  facet normal -0.954379 0.298599 0
    outer loop
      vertex -19.5975 -17.6828 0
      vertex -19.4925 -17.3472 12
      vertex -19.4925 -17.3472 0
    endloop
  endfacet
  facet normal -0.954379 0.298599 0
    outer loop
      vertex -19.4925 -17.3472 12
      vertex -19.5975 -17.6828 0
      vertex -19.5975 -17.6828 12
    endloop
  endfacet
  facet normal -0.961778 0.27383 0
    outer loop
      vertex -19.6949 -18.0249 0
      vertex -19.5975 -17.6828 12
      vertex -19.5975 -17.6828 0
    endloop
  endfacet
  facet normal -0.961778 0.27383 0
    outer loop
      vertex -19.5975 -17.6828 12
      vertex -19.6949 -18.0249 0
      vertex -19.6949 -18.0249 12
    endloop
  endfacet
  facet normal -0.968282 0.249861 0
    outer loop
      vertex -19.7847 -18.3729 0
      vertex -19.6949 -18.0249 12
      vertex -19.6949 -18.0249 0
    endloop
  endfacet
  facet normal -0.968282 0.249861 0
    outer loop
      vertex -19.6949 -18.0249 12
      vertex -19.7847 -18.3729 0
      vertex -19.7847 -18.3729 12
    endloop
  endfacet
  facet normal -0.707107 -0.707107 0
    outer loop
      vertex -18.3729 -19.7847 0
      vertex -19.7847 -18.3729 12
      vertex -19.7847 -18.3729 0
    endloop
  endfacet
  facet normal -0.707107 -0.707107 0
    outer loop
      vertex -19.7847 -18.3729 12
      vertex -18.3729 -19.7847 0
      vertex -18.3729 -19.7847 12
    endloop
  endfacet
  facet normal 0.249861 -0.968282 0
    outer loop
      vertex -18.3729 -19.7847 0
      vertex -18.0249 -19.6949 12
      vertex -18.3729 -19.7847 12
    endloop
  endfacet
  facet normal 0.249861 -0.968282 0
    outer loop
      vertex -18.0249 -19.6949 12
      vertex -18.3729 -19.7847 0
      vertex -18.0249 -19.6949 0
    endloop
  endfacet
  facet normal 0.27383 -0.961778 0
    outer loop
      vertex -18.0249 -19.6949 0
      vertex -17.6828 -19.5975 12
      vertex -18.0249 -19.6949 12
    endloop
  endfacet
  facet normal 0.27383 -0.961778 0
    outer loop
      vertex -17.6828 -19.5975 12
      vertex -18.0249 -19.6949 0
      vertex -17.6828 -19.5975 0
    endloop
  endfacet
  facet normal 0.298599 -0.954379 0
    outer loop
      vertex -17.6828 -19.5975 0
      vertex -17.3472 -19.4925 12
      vertex -17.6828 -19.5975 12
    endloop
  endfacet
  facet normal 0.298599 -0.954379 0
    outer loop
      vertex -17.3472 -19.4925 12
      vertex -17.6828 -19.5975 0
      vertex -17.3472 -19.4925 0
    endloop
  endfacet
  facet normal 0.324162 -0.946001 0
    outer loop
      vertex -17.3472 -19.4925 0
      vertex -17.0186 -19.3799 12
      vertex -17.3472 -19.4925 12
    endloop
  endfacet
  facet normal 0.324162 -0.946001 0
    outer loop
      vertex -17.0186 -19.3799 12
      vertex -17.3472 -19.4925 0
      vertex -17.0186 -19.3799 0
    endloop
  endfacet
  facet normal 0.350071 -0.936723 0
    outer loop
      vertex -17.0186 -19.3799 0
      vertex -16.6967 -19.2596 12
      vertex -17.0186 -19.3799 12
    endloop
  endfacet
  facet normal 0.350071 -0.936723 0
    outer loop
      vertex -16.6967 -19.2596 12
      vertex -17.0186 -19.3799 0
      vertex -16.6967 -19.2596 0
    endloop
  endfacet
  facet normal 0.37667 -0.926348 0
    outer loop
      vertex -16.6967 -19.2596 0
      vertex -16.3824 -19.1318 12
      vertex -16.6967 -19.2596 12
    endloop
  endfacet
  facet normal 0.37667 -0.926348 0
    outer loop
      vertex -16.3824 -19.1318 12
      vertex -16.6967 -19.2596 0
      vertex -16.3824 -19.1318 0
    endloop
  endfacet
  facet normal 0.404506 -0.914535 0
    outer loop
      vertex -16.3824 -19.1318 0
      vertex -16.0756 -18.9961 12
      vertex -16.3824 -19.1318 12
    endloop
  endfacet
  facet normal 0.404506 -0.914535 0
    outer loop
      vertex -16.0756 -18.9961 12
      vertex -16.3824 -19.1318 0
      vertex -16.0756 -18.9961 0
    endloop
  endfacet
  facet normal 0.433389 -0.901207 0
    outer loop
      vertex -16.0756 -18.9961 0
      vertex -15.7772 -18.8526 12
      vertex -16.0756 -18.9961 12
    endloop
  endfacet
  facet normal 0.433389 -0.901207 0
    outer loop
      vertex -15.7772 -18.8526 12
      vertex -16.0756 -18.9961 0
      vertex -15.7772 -18.8526 0
    endloop
  endfacet
  facet normal 0.463391 -0.886154 0
    outer loop
      vertex -15.7772 -18.8526 0
      vertex -15.4871 -18.7009 12
      vertex -15.7772 -18.8526 12
    endloop
  endfacet
  facet normal 0.463391 -0.886154 0
    outer loop
      vertex -15.4871 -18.7009 12
      vertex -15.7772 -18.8526 0
      vertex -15.4871 -18.7009 0
    endloop
  endfacet
  facet normal 0.495238 -0.868757 0
    outer loop
      vertex -15.4871 -18.7009 0
      vertex -15.2066 -18.541 12
      vertex -15.4871 -18.7009 12
    endloop
  endfacet
  facet normal 0.495238 -0.868757 0
    outer loop
      vertex -15.2066 -18.541 12
      vertex -15.4871 -18.7009 0
      vertex -15.2066 -18.541 0
    endloop
  endfacet
  facet normal 0.529099 -0.84856 0
    outer loop
      vertex -15.2066 -18.541 0
      vertex -14.9354 -18.3719 12
      vertex -15.2066 -18.541 12
    endloop
  endfacet
  facet normal 0.529099 -0.84856 0
    outer loop
      vertex -14.9354 -18.3719 12
      vertex -15.2066 -18.541 0
      vertex -14.9354 -18.3719 0
    endloop
  endfacet
  facet normal 0.566016 -0.824394 0
    outer loop
      vertex -14.9354 -18.3719 0
      vertex -14.676 -18.1938 12
      vertex -14.9354 -18.3719 12
    endloop
  endfacet
  facet normal 0.566016 -0.824394 0
    outer loop
      vertex -14.676 -18.1938 12
      vertex -14.9354 -18.3719 0
      vertex -14.676 -18.1938 0
    endloop
  endfacet
  facet normal 0.607629 -0.794221 0
    outer loop
      vertex -14.676 -18.1938 0
      vertex -14.4287 -18.0046 12
      vertex -14.676 -18.1938 12
    endloop
  endfacet
  facet normal 0.607629 -0.794221 0
    outer loop
      vertex -14.4287 -18.0046 12
      vertex -14.676 -18.1938 0
      vertex -14.4287 -18.0046 0
    endloop
  endfacet
  facet normal 0.657928 -0.753081 0
    outer loop
      vertex -14.4287 -18.0046 0
      vertex -14.1976 -17.8027 12
      vertex -14.4287 -18.0046 12
    endloop
  endfacet
  facet normal 0.657928 -0.753081 0
    outer loop
      vertex -14.1976 -17.8027 12
      vertex -14.4287 -18.0046 0
      vertex -14.1976 -17.8027 0
    endloop
  endfacet
  facet normal 0.738729 -0.674003 0
    outer loop
      vertex -14.1976 -17.8027 12
      vertex -13.9935 -17.579 0
      vertex -13.9935 -17.579 12
    endloop
  endfacet
  facet normal 0.738729 -0.674003 0
    outer loop
      vertex -13.9935 -17.579 0
      vertex -14.1976 -17.8027 12
      vertex -14.1976 -17.8027 0
    endloop
  endfacet
  facet normal 0.782372 -0.622812 0
    outer loop
      vertex -13.9935 -17.579 12
      vertex -12.9763 -16.3012 0
      vertex -12.9763 -16.3012 12
    endloop
  endfacet
  facet normal 0.782372 -0.622812 0
    outer loop
      vertex -12.9763 -16.3012 0
      vertex -13.9935 -17.579 12
      vertex -13.9935 -17.579 0
    endloop
  endfacet
  facet normal 0.762128 -0.647426 0
    outer loop
      vertex -12.9763 -16.3012 12
      vertex -12.9509 -16.2713 0
      vertex -12.9509 -16.2713 12
    endloop
  endfacet
  facet normal 0.762128 -0.647426 0
    outer loop
      vertex -12.9509 -16.2713 0
      vertex -12.9763 -16.3012 12
      vertex -12.9763 -16.3012 0
    endloop
  endfacet
  facet normal 0.718479 -0.695549 0
    outer loop
      vertex -12.9509 -16.2713 12
      vertex -12.9236 -16.2431 0
      vertex -12.9236 -16.2431 12
    endloop
  endfacet
  facet normal 0.718479 -0.695549 0
    outer loop
      vertex -12.9236 -16.2431 0
      vertex -12.9509 -16.2713 12
      vertex -12.9509 -16.2713 0
    endloop
  endfacet
  facet normal 0.669246 -0.743041 0
    outer loop
      vertex -12.9236 -16.2431 0
      vertex -12.8944 -16.2168 12
      vertex -12.9236 -16.2431 12
    endloop
  endfacet
  facet normal 0.669246 -0.743041 0
    outer loop
      vertex -12.8944 -16.2168 12
      vertex -12.9236 -16.2431 0
      vertex -12.8944 -16.2168 0
    endloop
  endfacet
  facet normal 0.620964 -0.783839 0
    outer loop
      vertex -12.8944 -16.2168 0
      vertex -12.8636 -16.1924 12
      vertex -12.8944 -16.2168 12
    endloop
  endfacet
  facet normal 0.620964 -0.783839 0
    outer loop
      vertex -12.8636 -16.1924 12
      vertex -12.8944 -16.2168 0
      vertex -12.8636 -16.1924 0
    endloop
  endfacet
  facet normal 0.566421 -0.824116 0
    outer loop
      vertex -12.8636 -16.1924 0
      vertex -12.8313 -16.1702 12
      vertex -12.8636 -16.1924 12
    endloop
  endfacet
  facet normal 0.566421 -0.824116 0
    outer loop
      vertex -12.8313 -16.1702 12
      vertex -12.8636 -16.1924 0
      vertex -12.8313 -16.1702 0
    endloop
  endfacet
  facet normal 0.514121 -0.857717 0
    outer loop
      vertex -12.8313 -16.1702 0
      vertex -12.7976 -16.15 12
      vertex -12.8313 -16.1702 12
    endloop
  endfacet
  facet normal 0.514121 -0.857717 0
    outer loop
      vertex -12.7976 -16.15 12
      vertex -12.8313 -16.1702 0
      vertex -12.7976 -16.15 0
    endloop
  endfacet
  facet normal 0.456368 -0.889791 0
    outer loop
      vertex -12.7976 -16.15 0
      vertex -12.7627 -16.1321 12
      vertex -12.7976 -16.15 12
    endloop
  endfacet
  facet normal 0.456368 -0.889791 0
    outer loop
      vertex -12.7627 -16.1321 12
      vertex -12.7976 -16.15 0
      vertex -12.7627 -16.1321 0
    endloop
  endfacet
  facet normal 0.394534 -0.918882 0
    outer loop
      vertex -12.7627 -16.1321 0
      vertex -12.7266 -16.1166 12
      vertex -12.7627 -16.1321 12
    endloop
  endfacet
  facet normal 0.394534 -0.918882 0
    outer loop
      vertex -12.7266 -16.1166 12
      vertex -12.7627 -16.1321 0
      vertex -12.7266 -16.1166 0
    endloop
  endfacet
  facet normal 0.336014 -0.941857 0
    outer loop
      vertex -12.7266 -16.1166 0
      vertex -12.6896 -16.1034 12
      vertex -12.7266 -16.1166 12
    endloop
  endfacet
  facet normal 0.336014 -0.941857 0
    outer loop
      vertex -12.6896 -16.1034 12
      vertex -12.7266 -16.1166 0
      vertex -12.6896 -16.1034 0
    endloop
  endfacet
  facet normal 0.273036 -0.962004 0
    outer loop
      vertex -12.6896 -16.1034 0
      vertex -12.6519 -16.0927 12
      vertex -12.6896 -16.1034 12
    endloop
  endfacet
  facet normal 0.273036 -0.962004 0
    outer loop
      vertex -12.6519 -16.0927 12
      vertex -12.6896 -16.1034 0
      vertex -12.6519 -16.0927 0
    endloop
  endfacet
  facet normal 0.211267 -0.977428 0
    outer loop
      vertex -12.6519 -16.0927 0
      vertex -12.6135 -16.0844 12
      vertex -12.6519 -16.0927 12
    endloop
  endfacet
  facet normal 0.211267 -0.977428 0
    outer loop
      vertex -12.6135 -16.0844 12
      vertex -12.6519 -16.0927 0
      vertex -12.6135 -16.0844 0
    endloop
  endfacet
  facet normal 0.144981 -0.989434 0
    outer loop
      vertex -12.6135 -16.0844 0
      vertex -12.5746 -16.0787 12
      vertex -12.6135 -16.0844 12
    endloop
  endfacet
  facet normal 0.144981 -0.989434 0
    outer loop
      vertex -12.5746 -16.0787 12
      vertex -12.6135 -16.0844 0
      vertex -12.5746 -16.0787 0
    endloop
  endfacet
  facet normal 0.0790359 -0.996872 0
    outer loop
      vertex -12.5746 -16.0787 0
      vertex -12.5355 -16.0756 12
      vertex -12.5746 -16.0787 12
    endloop
  endfacet
  facet normal 0.0790359 -0.996872 0
    outer loop
      vertex -12.5355 -16.0756 12
      vertex -12.5746 -16.0787 0
      vertex -12.5355 -16.0756 0
    endloop
  endfacet
  facet normal 0.0152654 -0.999883 0
    outer loop
      vertex -12.5355 -16.0756 0
      vertex -12.4962 -16.075 12
      vertex -12.5355 -16.0756 12
    endloop
  endfacet
  facet normal 0.0152654 -0.999883 0
    outer loop
      vertex -12.4962 -16.075 12
      vertex -12.5355 -16.0756 0
      vertex -12.4962 -16.075 0
    endloop
  endfacet
  facet normal -0.0509541 -0.998701 0
    outer loop
      vertex -12.4962 -16.075 0
      vertex -12.457 -16.077 12
      vertex -12.4962 -16.075 12
    endloop
  endfacet
  facet normal -0.0509541 -0.998701 -0
    outer loop
      vertex -12.457 -16.077 12
      vertex -12.4962 -16.075 0
      vertex -12.457 -16.077 0
    endloop
  endfacet
  facet normal -0.114624 -0.993409 0
    outer loop
      vertex -12.457 -16.077 0
      vertex -12.418 -16.0815 12
      vertex -12.457 -16.077 12
    endloop
  endfacet
  facet normal -0.114624 -0.993409 -0
    outer loop
      vertex -12.418 -16.0815 12
      vertex -12.457 -16.077 0
      vertex -12.418 -16.0815 0
    endloop
  endfacet
  facet normal -0.180903 -0.983501 0
    outer loop
      vertex -12.418 -16.0815 0
      vertex -12.3794 -16.0886 12
      vertex -12.418 -16.0815 12
    endloop
  endfacet
  facet normal -0.180903 -0.983501 -0
    outer loop
      vertex -12.3794 -16.0886 12
      vertex -12.418 -16.0815 0
      vertex -12.3794 -16.0886 0
    endloop
  endfacet
  facet normal -0.244332 -0.969692 0
    outer loop
      vertex -12.3794 -16.0886 0
      vertex -12.3413 -16.0982 12
      vertex -12.3794 -16.0886 12
    endloop
  endfacet
  facet normal -0.244332 -0.969692 -0
    outer loop
      vertex -12.3413 -16.0982 12
      vertex -12.3794 -16.0886 0
      vertex -12.3413 -16.0982 0
    endloop
  endfacet
  facet normal -0.308567 -0.951203 0
    outer loop
      vertex -12.3413 -16.0982 0
      vertex -12.304 -16.1103 12
      vertex -12.3413 -16.0982 12
    endloop
  endfacet
  facet normal -0.308567 -0.951203 -0
    outer loop
      vertex -12.304 -16.1103 12
      vertex -12.3413 -16.0982 0
      vertex -12.304 -16.1103 0
    endloop
  endfacet
  facet normal -0.369195 -0.929352 0
    outer loop
      vertex -12.304 -16.1103 0
      vertex -12.2675 -16.1248 12
      vertex -12.304 -16.1103 12
    endloop
  endfacet
  facet normal -0.369195 -0.929352 -0
    outer loop
      vertex -12.2675 -16.1248 12
      vertex -12.304 -16.1103 0
      vertex -12.2675 -16.1248 0
    endloop
  endfacet
  facet normal -0.427758 -0.903893 0
    outer loop
      vertex -12.2675 -16.1248 0
      vertex -12.232 -16.1416 12
      vertex -12.2675 -16.1248 12
    endloop
  endfacet
  facet normal -0.427758 -0.903893 -0
    outer loop
      vertex -12.232 -16.1416 12
      vertex -12.2675 -16.1248 0
      vertex -12.232 -16.1416 0
    endloop
  endfacet
  facet normal -0.486508 -0.873676 0
    outer loop
      vertex -12.232 -16.1416 0
      vertex -12.1977 -16.1607 12
      vertex -12.232 -16.1416 12
    endloop
  endfacet
  facet normal -0.486508 -0.873676 -0
    outer loop
      vertex -12.1977 -16.1607 12
      vertex -12.232 -16.1416 0
      vertex -12.1977 -16.1607 0
    endloop
  endfacet
  facet normal -0.549426 -0.835542 0
    outer loop
      vertex -12.1977 -16.1607 0
      vertex -12.1574 -16.1872 12
      vertex -12.1977 -16.1607 12
    endloop
  endfacet
  facet normal -0.549426 -0.835542 -0
    outer loop
      vertex -12.1574 -16.1872 12
      vertex -12.1977 -16.1607 0
      vertex -12.1574 -16.1872 0
    endloop
  endfacet
  facet normal -0.582509 -0.812824 0
    outer loop
      vertex -12.1574 -16.1872 0
      vertex -11.2504 -16.8372 12
      vertex -12.1574 -16.1872 12
    endloop
  endfacet
  facet normal -0.582509 -0.812824 -0
    outer loop
      vertex -11.2504 -16.8372 12
      vertex -12.1574 -16.1872 0
      vertex -11.2504 -16.8372 0
    endloop
  endfacet
  facet normal -0.528081 -0.849194 0
    outer loop
      vertex -11.2504 -16.8372 0
      vertex -10.3026 -17.4266 12
      vertex -11.2504 -16.8372 12
    endloop
  endfacet
  facet normal -0.528081 -0.849194 -0
    outer loop
      vertex -10.3026 -17.4266 12
      vertex -11.2504 -16.8372 0
      vertex -10.3026 -17.4266 0
    endloop
  endfacet
  facet normal -0.5547 -0.83205 0
    outer loop
      vertex -10.3026 -17.4266 0
      vertex -10.2699 -17.4484 12
      vertex -10.3026 -17.4266 12
    endloop
  endfacet
  facet normal -0.5547 -0.83205 -0
    outer loop
      vertex -10.2699 -17.4484 12
      vertex -10.3026 -17.4266 0
      vertex -10.2699 -17.4484 0
    endloop
  endfacet
  facet normal -0.609341 -0.792908 0
    outer loop
      vertex -10.2699 -17.4484 0
      vertex -10.2388 -17.4723 12
      vertex -10.2699 -17.4484 12
    endloop
  endfacet
  facet normal -0.609341 -0.792908 -0
    outer loop
      vertex -10.2388 -17.4723 12
      vertex -10.2699 -17.4484 0
      vertex -10.2388 -17.4723 0
    endloop
  endfacet
  facet normal -0.658505 -0.752577 0
    outer loop
      vertex -10.2388 -17.4723 0
      vertex -10.2092 -17.4982 12
      vertex -10.2388 -17.4723 12
    endloop
  endfacet
  facet normal -0.658505 -0.752577 -0
    outer loop
      vertex -10.2092 -17.4982 12
      vertex -10.2388 -17.4723 0
      vertex -10.2092 -17.4982 0
    endloop
  endfacet
  facet normal -0.70838 -0.705832 0
    outer loop
      vertex -10.1815 -17.526 0
      vertex -10.2092 -17.4982 12
      vertex -10.2092 -17.4982 0
    endloop
  endfacet
  facet normal -0.70838 -0.705832 0
    outer loop
      vertex -10.2092 -17.4982 12
      vertex -10.1815 -17.526 0
      vertex -10.1815 -17.526 12
    endloop
  endfacet
  facet normal -0.751471 -0.659766 0
    outer loop
      vertex -10.1556 -17.5555 0
      vertex -10.1815 -17.526 12
      vertex -10.1815 -17.526 0
    endloop
  endfacet
  facet normal -0.751471 -0.659766 0
    outer loop
      vertex -10.1815 -17.526 12
      vertex -10.1556 -17.5555 0
      vertex -10.1556 -17.5555 12
    endloop
  endfacet
  facet normal -0.792908 -0.609341 0
    outer loop
      vertex -10.1317 -17.5866 0
      vertex -10.1556 -17.5555 12
      vertex -10.1556 -17.5555 0
    endloop
  endfacet
  facet normal -0.792908 -0.609341 0
    outer loop
      vertex -10.1556 -17.5555 12
      vertex -10.1317 -17.5866 0
      vertex -10.1317 -17.5866 12
    endloop
  endfacet
  facet normal -0.83205 -0.5547 0
    outer loop
      vertex -10.1099 -17.6193 0
      vertex -10.1317 -17.5866 12
      vertex -10.1317 -17.5866 0
    endloop
  endfacet
  facet normal -0.83205 -0.5547 0
    outer loop
      vertex -10.1317 -17.5866 12
      vertex -10.1099 -17.6193 0
      vertex -10.1099 -17.6193 12
    endloop
  endfacet
  facet normal -0.865252 -0.501337 0
    outer loop
      vertex -10.0902 -17.6533 0
      vertex -10.1099 -17.6193 12
      vertex -10.1099 -17.6193 0
    endloop
  endfacet
  facet normal -0.865252 -0.501337 0
    outer loop
      vertex -10.1099 -17.6193 12
      vertex -10.0902 -17.6533 0
      vertex -10.0902 -17.6533 12
    endloop
  endfacet
  facet normal -0.897466 -0.441084 0
    outer loop
      vertex -10.0729 -17.6885 0
      vertex -10.0902 -17.6533 12
      vertex -10.0902 -17.6533 0
    endloop
  endfacet
  facet normal -0.897466 -0.441084 0
    outer loop
      vertex -10.0902 -17.6533 12
      vertex -10.0729 -17.6885 0
      vertex -10.0729 -17.6885 12
    endloop
  endfacet
  facet normal -0.924203 -0.381902 0
    outer loop
      vertex -10.0579 -17.7248 0
      vertex -10.0729 -17.6885 12
      vertex -10.0729 -17.6885 0
    endloop
  endfacet
  facet normal -0.924203 -0.381902 0
    outer loop
      vertex -10.0729 -17.6885 12
      vertex -10.0579 -17.7248 0
      vertex -10.0579 -17.7248 12
    endloop
  endfacet
  facet normal -0.946102 -0.323868 0
    outer loop
      vertex -10.0452 -17.7619 0
      vertex -10.0579 -17.7248 12
      vertex -10.0579 -17.7248 0
    endloop
  endfacet
  facet normal -0.946102 -0.323868 0
    outer loop
      vertex -10.0579 -17.7248 12
      vertex -10.0452 -17.7619 0
      vertex -10.0452 -17.7619 12
    endloop
  endfacet
  facet normal -0.966446 -0.256871 0
    outer loop
      vertex -10.0351 -17.7999 0
      vertex -10.0452 -17.7619 12
      vertex -10.0452 -17.7619 0
    endloop
  endfacet
  facet normal -0.966446 -0.256871 0
    outer loop
      vertex -10.0452 -17.7619 12
      vertex -10.0351 -17.7999 0
      vertex -10.0351 -17.7999 12
    endloop
  endfacet
  facet normal -0.980581 -0.196116 0
    outer loop
      vertex -10.0274 -17.8384 0
      vertex -10.0351 -17.7999 12
      vertex -10.0351 -17.7999 0
    endloop
  endfacet
  facet normal -0.980581 -0.196116 0
    outer loop
      vertex -10.0351 -17.7999 12
      vertex -10.0274 -17.8384 0
      vertex -10.0274 -17.8384 12
    endloop
  endfacet
  facet normal -0.991515 -0.129993 0
    outer loop
      vertex -10.0223 -17.8773 0
      vertex -10.0274 -17.8384 12
      vertex -10.0274 -17.8384 0
    endloop
  endfacet
  facet normal -0.991515 -0.129993 0
    outer loop
      vertex -10.0274 -17.8384 12
      vertex -10.0223 -17.8773 0
      vertex -10.0223 -17.8773 12
    endloop
  endfacet
  facet normal -0.997808 -0.0661811 0
    outer loop
      vertex -10.0197 -17.9165 0
      vertex -10.0223 -17.8773 12
      vertex -10.0223 -17.8773 0
    endloop
  endfacet
  facet normal -0.997808 -0.0661811 0
    outer loop
      vertex -10.0223 -17.8773 12
      vertex -10.0197 -17.9165 0
      vertex -10.0197 -17.9165 12
    endloop
  endfacet
  facet normal -1 0 0
    outer loop
      vertex -10.0197 -17.9557 0
      vertex -10.0197 -17.9165 12
      vertex -10.0197 -17.9165 0
    endloop
  endfacet
  facet normal -1 -0 0
    outer loop
      vertex -10.0197 -17.9165 12
      vertex -10.0197 -17.9557 0
      vertex -10.0197 -17.9557 12
    endloop
  endfacet
  facet normal -0.997808 0.0661811 0
    outer loop
      vertex -10.0223 -17.9949 0
      vertex -10.0197 -17.9557 12
      vertex -10.0197 -17.9557 0
    endloop
  endfacet
  facet normal -0.997808 0.0661811 0
    outer loop
      vertex -10.0197 -17.9557 12
      vertex -10.0223 -17.9949 0
      vertex -10.0223 -17.9949 12
    endloop
  endfacet
  facet normal -0.991515 0.129993 0
    outer loop
      vertex -10.0274 -18.0338 0
      vertex -10.0223 -17.9949 12
      vertex -10.0223 -17.9949 0
    endloop
  endfacet
  facet normal -0.991515 0.129993 0
    outer loop
      vertex -10.0223 -17.9949 12
      vertex -10.0274 -18.0338 0
      vertex -10.0274 -18.0338 12
    endloop
  endfacet
  facet normal -0.980678 0.195628 0
    outer loop
      vertex -10.0351 -18.0724 0
      vertex -10.0274 -18.0338 12
      vertex -10.0274 -18.0338 0
    endloop
  endfacet
  facet normal -0.980678 0.195628 0
    outer loop
      vertex -10.0274 -18.0338 12
      vertex -10.0351 -18.0724 0
      vertex -10.0351 -18.0724 12
    endloop
  endfacet
  facet normal -0.966277 0.257504 0
    outer loop
      vertex -10.0452 -18.1103 0
      vertex -10.0351 -18.0724 12
      vertex -10.0351 -18.0724 0
    endloop
  endfacet
  facet normal -0.966277 0.257504 0
    outer loop
      vertex -10.0351 -18.0724 12
      vertex -10.0452 -18.1103 0
      vertex -10.0452 -18.1103 12
    endloop
  endfacet
  facet normal -0.946369 0.323088 0
    outer loop
      vertex -10.0579 -18.1475 0
      vertex -10.0452 -18.1103 12
      vertex -10.0452 -18.1103 0
    endloop
  endfacet
  facet normal -0.946369 0.323088 0
    outer loop
      vertex -10.0452 -18.1103 12
      vertex -10.0579 -18.1475 0
      vertex -10.0579 -18.1475 12
    endloop
  endfacet
  facet normal -0.92383 0.382803 0
    outer loop
      vertex -10.0729 -18.1837 0
      vertex -10.0579 -18.1475 12
      vertex -10.0579 -18.1475 0
    endloop
  endfacet
  facet normal -0.92383 0.382803 0
    outer loop
      vertex -10.0579 -18.1475 12
      vertex -10.0729 -18.1837 0
      vertex -10.0729 -18.1837 12
    endloop
  endfacet
  facet normal -0.894012 0.448043 0
    outer loop
      vertex -10.0945 -18.2268 0
      vertex -10.0729 -18.1837 12
      vertex -10.0729 -18.1837 0
    endloop
  endfacet
  facet normal -0.894012 0.448043 0
    outer loop
      vertex -10.0729 -18.1837 12
      vertex -10.0945 -18.2268 0
      vertex -10.0945 -18.2268 12
    endloop
  endfacet
  facet normal -0.874801 0.484483 0
    outer loop
      vertex -10.8858 -19.6556 0
      vertex -10.0945 -18.2268 12
      vertex -10.0945 -18.2268 0
    endloop
  endfacet
  facet normal -0.874801 0.484483 0
    outer loop
      vertex -10.0945 -18.2268 12
      vertex -10.8858 -19.6556 0
      vertex -10.8858 -19.6556 12
    endloop
  endfacet
  facet normal -0.905312 0.424747 0
    outer loop
      vertex -11.0144 -19.9297 0
      vertex -10.8858 -19.6556 12
      vertex -10.8858 -19.6556 0
    endloop
  endfacet
  facet normal -0.905312 0.424747 0
    outer loop
      vertex -10.8858 -19.6556 12
      vertex -11.0144 -19.9297 0
      vertex -11.0144 -19.9297 12
    endloop
  endfacet
  facet normal -0.94757 0.319548 0
    outer loop
      vertex -11.1125 -20.2206 0
      vertex -11.0144 -19.9297 12
      vertex -11.0144 -19.9297 0
    endloop
  endfacet
  facet normal -0.94757 0.319548 0
    outer loop
      vertex -11.0144 -19.9297 12
      vertex -11.1125 -20.2206 0
      vertex -11.1125 -20.2206 12
    endloop
  endfacet
  facet normal -0.96624 0.257643 0
    outer loop
      vertex -11.1926 -20.521 0
      vertex -11.1125 -20.2206 12
      vertex -11.1125 -20.2206 0
    endloop
  endfacet
  facet normal -0.96624 0.257643 0
    outer loop
      vertex -11.1125 -20.2206 12
      vertex -11.1926 -20.521 0
      vertex -11.1926 -20.521 12
    endloop
  endfacet
  facet normal -0.978259 0.207385 0
    outer loop
      vertex -11.258 -20.8295 0
      vertex -11.1926 -20.521 12
      vertex -11.1926 -20.521 0
    endloop
  endfacet
  facet normal -0.978259 0.207385 0
    outer loop
      vertex -11.1926 -20.521 12
      vertex -11.258 -20.8295 0
      vertex -11.258 -20.8295 12
    endloop
  endfacet
  facet normal -0.98647 0.163941 0
    outer loop
      vertex -11.3103 -21.1442 0
      vertex -11.258 -20.8295 12
      vertex -11.258 -20.8295 0
    endloop
  endfacet
  facet normal -0.98647 0.163941 0
    outer loop
      vertex -11.258 -20.8295 12
      vertex -11.3103 -21.1442 0
      vertex -11.3103 -21.1442 12
    endloop
  endfacet
  facet normal -0.992154 0.125025 0
    outer loop
      vertex -11.3507 -21.4648 0
      vertex -11.3103 -21.1442 12
      vertex -11.3103 -21.1442 0
    endloop
  endfacet
  facet normal -0.992154 0.125025 0
    outer loop
      vertex -11.3103 -21.1442 12
      vertex -11.3507 -21.4648 0
      vertex -11.3507 -21.4648 12
    endloop
  endfacet
  facet normal -0.996008 0.0892677 0
    outer loop
      vertex -11.3799 -21.7906 0
      vertex -11.3507 -21.4648 12
      vertex -11.3507 -21.4648 0
    endloop
  endfacet
  facet normal -0.996008 0.0892677 0
    outer loop
      vertex -11.3507 -21.4648 12
      vertex -11.3799 -21.7906 0
      vertex -11.3799 -21.7906 12
    endloop
  endfacet
  facet normal -0.998472 0.0552526 0
    outer loop
      vertex -11.3982 -22.1213 0
      vertex -11.3799 -21.7906 12
      vertex -11.3799 -21.7906 0
    endloop
  endfacet
  facet normal -0.998472 0.0552526 0
    outer loop
      vertex -11.3799 -21.7906 12
      vertex -11.3982 -22.1213 0
      vertex -11.3982 -22.1213 12
    endloop
  endfacet
  facet normal -0.999716 0.0238311 0
    outer loop
      vertex -11.4062 -22.4569 0
      vertex -11.3982 -22.1213 12
      vertex -11.3982 -22.1213 0
    endloop
  endfacet
  facet normal -0.999716 0.0238311 0
    outer loop
      vertex -11.3982 -22.1213 12
      vertex -11.4062 -22.4569 0
      vertex -11.4062 -22.4569 12
    endloop
  endfacet
  facet normal -0.999979 -0.00647807 0
    outer loop
      vertex -11.404 -22.7965 0
      vertex -11.4062 -22.4569 12
      vertex -11.4062 -22.4569 0
    endloop
  endfacet
  facet normal -0.999979 -0.00647807 0
    outer loop
      vertex -11.4062 -22.4569 12
      vertex -11.404 -22.7965 0
      vertex -11.404 -22.7965 12
    endloop
  endfacet
  facet normal -0.999388 -0.0349844 0
    outer loop
      vertex -11.392 -23.1393 0
      vertex -11.404 -22.7965 12
      vertex -11.404 -22.7965 0
    endloop
  endfacet
  facet normal -0.999388 -0.0349844 0
    outer loop
      vertex -11.404 -22.7965 12
      vertex -11.392 -23.1393 0
      vertex -11.392 -23.1393 12
    endloop
  endfacet
  facet normal -0.998028 -0.0627727 0
    outer loop
      vertex -11.3702 -23.4859 0
      vertex -11.392 -23.1393 12
      vertex -11.392 -23.1393 0
    endloop
  endfacet
  facet normal -0.998028 -0.0627727 0
    outer loop
      vertex -11.392 -23.1393 12
      vertex -11.3702 -23.4859 0
      vertex -11.3702 -23.4859 12
    endloop
  endfacet
  facet normal -0.996016 -0.0891785 0
    outer loop
      vertex -11.3388 -23.8366 0
      vertex -11.3702 -23.4859 12
      vertex -11.3702 -23.4859 0
    endloop
  endfacet
  facet normal -0.996016 -0.0891785 0
    outer loop
      vertex -11.3702 -23.4859 12
      vertex -11.3388 -23.8366 0
      vertex -11.3388 -23.8366 12
    endloop
  endfacet
  facet normal -0.993379 -0.114881 0
    outer loop
      vertex -11.298 -24.1894 0
      vertex -11.3388 -23.8366 12
      vertex -11.3388 -23.8366 0
    endloop
  endfacet
  facet normal -0.993379 -0.114881 0
    outer loop
      vertex -11.3388 -23.8366 12
      vertex -11.298 -24.1894 0
      vertex -11.298 -24.1894 12
    endloop
  endfacet
  facet normal -0.990176 -0.139826 0
    outer loop
      vertex -11.2477 -24.5456 0
      vertex -11.298 -24.1894 12
      vertex -11.298 -24.1894 0
    endloop
  endfacet
  facet normal -0.990176 -0.139826 0
    outer loop
      vertex -11.298 -24.1894 12
      vertex -11.2477 -24.5456 0
      vertex -11.2477 -24.5456 12
    endloop
  endfacet
  facet normal -0.382692 -0.923876 0
    outer loop
      vertex -11.2477 -24.5456 0
      vertex -9.40305 -25.3097 12
      vertex -11.2477 -24.5456 12
    endloop
  endfacet
  facet normal -0.382692 -0.923876 -0
    outer loop
      vertex -9.40305 -25.3097 12
      vertex -11.2477 -24.5456 0
      vertex -9.40305 -25.3097 0
    endloop
  endfacet
  facet normal 0.601324 -0.799005 0
    outer loop
      vertex -9.40305 -25.3097 0
      vertex -9.11551 -25.0933 12
      vertex -9.40305 -25.3097 12
    endloop
  endfacet
  facet normal 0.601324 -0.799005 0
    outer loop
      vertex -9.11551 -25.0933 12
      vertex -9.40305 -25.3097 0
      vertex -9.11551 -25.0933 0
    endloop
  endfacet
  facet normal 0.621131 -0.783707 0
    outer loop
      vertex -9.11551 -25.0933 0
      vertex -8.83717 -24.8727 12
      vertex -9.11551 -25.0933 12
    endloop
  endfacet
  facet normal 0.621131 -0.783707 0
    outer loop
      vertex -8.83717 -24.8727 12
      vertex -9.11551 -25.0933 0
      vertex -8.83717 -24.8727 0
    endloop
  endfacet
  facet normal 0.641148 -0.767417 0
    outer loop
      vertex -8.83717 -24.8727 0
      vertex -8.56714 -24.6471 12
      vertex -8.83717 -24.8727 12
    endloop
  endfacet
  facet normal 0.641148 -0.767417 0
    outer loop
      vertex -8.56714 -24.6471 12
      vertex -8.83717 -24.8727 0
      vertex -8.56714 -24.6471 0
    endloop
  endfacet
  facet normal 0.661421 -0.750014 0
    outer loop
      vertex -8.56714 -24.6471 0
      vertex -8.3069 -24.4176 12
      vertex -8.56714 -24.6471 12
    endloop
  endfacet
  facet normal 0.661421 -0.750014 0
    outer loop
      vertex -8.3069 -24.4176 12
      vertex -8.56714 -24.6471 0
      vertex -8.3069 -24.4176 0
    endloop
  endfacet
  facet normal 0.681858 -0.731485 0
    outer loop
      vertex -8.3069 -24.4176 0
      vertex -8.05544 -24.1832 12
      vertex -8.3069 -24.4176 12
    endloop
  endfacet
  facet normal 0.681858 -0.731485 0
    outer loop
      vertex -8.05544 -24.1832 12
      vertex -8.3069 -24.4176 0
      vertex -8.05544 -24.1832 0
    endloop
  endfacet
  facet normal 0.702567 -0.711618 0
    outer loop
      vertex -8.05544 -24.1832 0
      vertex -7.81407 -23.9449 12
      vertex -8.05544 -24.1832 12
    endloop
  endfacet
  facet normal 0.702567 -0.711618 0
    outer loop
      vertex -7.81407 -23.9449 12
      vertex -8.05544 -24.1832 0
      vertex -7.81407 -23.9449 0
    endloop
  endfacet
  facet normal 0.723638 -0.69018 0
    outer loop
      vertex -7.81407 -23.9449 12
      vertex -7.58221 -23.7018 0
      vertex -7.58221 -23.7018 12
    endloop
  endfacet
  facet normal 0.723638 -0.69018 0
    outer loop
      vertex -7.58221 -23.7018 0
      vertex -7.81407 -23.9449 12
      vertex -7.81407 -23.9449 0
    endloop
  endfacet
  facet normal 0.74532 -0.666706 0
    outer loop
      vertex -7.58221 -23.7018 12
      vertex -7.36171 -23.4553 0
      vertex -7.36171 -23.4553 12
    endloop
  endfacet
  facet normal 0.74532 -0.666706 0
    outer loop
      vertex -7.36171 -23.4553 0
      vertex -7.58221 -23.7018 12
      vertex -7.58221 -23.7018 0
    endloop
  endfacet
  facet normal 0.767168 -0.641446 0
    outer loop
      vertex -7.36171 -23.4553 12
      vertex -7.15176 -23.2042 0
      vertex -7.15176 -23.2042 12
    endloop
  endfacet
  facet normal 0.767168 -0.641446 0
    outer loop
      vertex -7.15176 -23.2042 0
      vertex -7.36171 -23.4553 12
      vertex -7.36171 -23.4553 0
    endloop
  endfacet
  facet normal 0.789962 -0.613156 0
    outer loop
      vertex -7.15176 -23.2042 12
      vertex -6.9536 -22.9489 0
      vertex -6.9536 -22.9489 12
    endloop
  endfacet
  facet normal 0.789962 -0.613156 0
    outer loop
      vertex -6.9536 -22.9489 0
      vertex -7.15176 -23.2042 12
      vertex -7.15176 -23.2042 0
    endloop
  endfacet
  facet normal 0.813647 -0.58136 0
    outer loop
      vertex -6.9536 -22.9489 12
      vertex -6.76797 -22.6891 0
      vertex -6.76797 -22.6891 12
    endloop
  endfacet
  facet normal 0.813647 -0.58136 0
    outer loop
      vertex -6.76797 -22.6891 0
      vertex -6.9536 -22.9489 12
      vertex -6.9536 -22.9489 0
    endloop
  endfacet
  facet normal 0.8384 -0.545055 0
    outer loop
      vertex -6.76797 -22.6891 12
      vertex -6.59621 -22.4249 0
      vertex -6.59621 -22.4249 12
    endloop
  endfacet
  facet normal 0.8384 -0.545055 0
    outer loop
      vertex -6.59621 -22.4249 0
      vertex -6.76797 -22.6891 12
      vertex -6.76797 -22.6891 0
    endloop
  endfacet
  facet normal 0.86538 -0.501116 0
    outer loop
      vertex -6.59621 -22.4249 12
      vertex -6.44044 -22.1559 0
      vertex -6.44044 -22.1559 12
    endloop
  endfacet
  facet normal 0.86538 -0.501116 0
    outer loop
      vertex -6.44044 -22.1559 0
      vertex -6.59621 -22.4249 12
      vertex -6.59621 -22.4249 0
    endloop
  endfacet
  facet normal 0.895972 -0.44411 0
    outer loop
      vertex -6.44044 -22.1559 12
      vertex -6.30408 -21.8808 0
      vertex -6.30408 -21.8808 12
    endloop
  endfacet
  facet normal 0.895972 -0.44411 0
    outer loop
      vertex -6.30408 -21.8808 0
      vertex -6.44044 -22.1559 12
      vertex -6.44044 -22.1559 0
    endloop
  endfacet
  facet normal 0.940481 -0.339847 0
    outer loop
      vertex -6.30408 -21.8808 12
      vertex -6.20113 -21.5959 0
      vertex -6.20113 -21.5959 12
    endloop
  endfacet
  facet normal 0.940481 -0.339847 0
    outer loop
      vertex -6.20113 -21.5959 0
      vertex -6.30408 -21.8808 12
      vertex -6.30408 -21.8808 0
    endloop
  endfacet
  facet normal 0.96116 -0.275991 0
    outer loop
      vertex -6.20113 -21.5959 12
      vertex -5.7504 -20.0262 0
      vertex -5.7504 -20.0262 12
    endloop
  endfacet
  facet normal 0.96116 -0.275991 0
    outer loop
      vertex -5.7504 -20.0262 0
      vertex -6.20113 -21.5959 12
      vertex -6.20113 -21.5959 0
    endloop
  endfacet
  facet normal 0.951742 -0.306899 0
    outer loop
      vertex -5.7504 -20.0262 12
      vertex -5.73834 -19.9888 0
      vertex -5.73834 -19.9888 12
    endloop
  endfacet
  facet normal 0.951742 -0.306899 0
    outer loop
      vertex -5.73834 -19.9888 0
      vertex -5.7504 -20.0262 12
      vertex -5.7504 -20.0262 0
    endloop
  endfacet
  facet normal 0.929527 -0.368755 0
    outer loop
      vertex -5.73834 -19.9888 12
      vertex -5.72386 -19.9523 0
      vertex -5.72386 -19.9523 12
    endloop
  endfacet
  facet normal 0.929527 -0.368755 0
    outer loop
      vertex -5.72386 -19.9523 0
      vertex -5.73834 -19.9888 12
      vertex -5.73834 -19.9888 0
    endloop
  endfacet
  facet normal 0.90303 -0.429577 0
    outer loop
      vertex -5.72386 -19.9523 12
      vertex -5.70702 -19.9169 0
      vertex -5.70702 -19.9169 12
    endloop
  endfacet
  facet normal 0.90303 -0.429577 0
    outer loop
      vertex -5.70702 -19.9169 0
      vertex -5.72386 -19.9523 12
      vertex -5.72386 -19.9523 0
    endloop
  endfacet
  facet normal 0.87346 -0.486896 0
    outer loop
      vertex -5.70702 -19.9169 12
      vertex -5.6879 -19.8826 0
      vertex -5.6879 -19.8826 12
    endloop
  endfacet
  facet normal 0.87346 -0.486896 0
    outer loop
      vertex -5.6879 -19.8826 0
      vertex -5.70702 -19.9169 12
      vertex -5.70702 -19.9169 0
    endloop
  endfacet
  facet normal 0.83972 -0.543019 0
    outer loop
      vertex -5.6879 -19.8826 12
      vertex -5.66656 -19.8496 0
      vertex -5.66656 -19.8496 12
    endloop
  endfacet
  facet normal 0.83972 -0.543019 0
    outer loop
      vertex -5.66656 -19.8496 0
      vertex -5.6879 -19.8826 12
      vertex -5.6879 -19.8826 0
    endloop
  endfacet
  facet normal 0.8025 -0.596652 0
    outer loop
      vertex -5.66656 -19.8496 12
      vertex -5.64314 -19.8181 0
      vertex -5.64314 -19.8181 12
    endloop
  endfacet
  facet normal 0.8025 -0.596652 0
    outer loop
      vertex -5.64314 -19.8181 0
      vertex -5.66656 -19.8496 12
      vertex -5.66656 -19.8496 0
    endloop
  endfacet
  facet normal 0.761499 -0.648166 0
    outer loop
      vertex -5.64314 -19.8181 12
      vertex -5.61769 -19.7882 0
      vertex -5.61769 -19.7882 12
    endloop
  endfacet
  facet normal 0.761499 -0.648166 0
    outer loop
      vertex -5.61769 -19.7882 0
      vertex -5.64314 -19.8181 12
      vertex -5.64314 -19.8181 0
    endloop
  endfacet
  facet normal 0.716733 -0.697348 0
    outer loop
      vertex -5.61769 -19.7882 12
      vertex -5.59035 -19.7601 0
      vertex -5.59035 -19.7601 12
    endloop
  endfacet
  facet normal 0.716733 -0.697348 0
    outer loop
      vertex -5.59035 -19.7601 0
      vertex -5.61769 -19.7882 12
      vertex -5.61769 -19.7882 0
    endloop
  endfacet
  facet normal 0.671533 -0.740975 0
    outer loop
      vertex -5.59035 -19.7601 0
      vertex -5.56122 -19.7337 12
      vertex -5.59035 -19.7601 12
    endloop
  endfacet
  facet normal 0.671533 -0.740975 0
    outer loop
      vertex -5.56122 -19.7337 12
      vertex -5.59035 -19.7601 0
      vertex -5.56122 -19.7337 0
    endloop
  endfacet
  facet normal 0.61952 -0.784981 0
    outer loop
      vertex -5.56122 -19.7337 0
      vertex -5.53043 -19.7094 12
      vertex -5.56122 -19.7337 12
    endloop
  endfacet
  facet normal 0.61952 -0.784981 0
    outer loop
      vertex -5.53043 -19.7094 12
      vertex -5.56122 -19.7337 0
      vertex -5.53043 -19.7094 0
    endloop
  endfacet
  facet normal 0.567911 -0.82309 0
    outer loop
      vertex -5.53043 -19.7094 0
      vertex -5.49811 -19.6871 12
      vertex -5.53043 -19.7094 12
    endloop
  endfacet
  facet normal 0.567911 -0.82309 0
    outer loop
      vertex -5.49811 -19.6871 12
      vertex -5.53043 -19.7094 0
      vertex -5.49811 -19.6871 0
    endloop
  endfacet
  facet normal 0.514009 -0.857785 0
    outer loop
      vertex -5.49811 -19.6871 0
      vertex -5.4644 -19.6669 12
      vertex -5.49811 -19.6871 12
    endloop
  endfacet
  facet normal 0.514009 -0.857785 0
    outer loop
      vertex -5.4644 -19.6669 12
      vertex -5.49811 -19.6871 0
      vertex -5.4644 -19.6669 0
    endloop
  endfacet
  facet normal 0.455748 -0.890109 0
    outer loop
      vertex -5.4644 -19.6669 0
      vertex -5.42944 -19.649 12
      vertex -5.4644 -19.6669 12
    endloop
  endfacet
  facet normal 0.455748 -0.890109 0
    outer loop
      vertex -5.42944 -19.649 12
      vertex -5.4644 -19.6669 0
      vertex -5.42944 -19.649 0
    endloop
  endfacet
  facet normal 0.395088 -0.918643 0
    outer loop
      vertex -5.42944 -19.649 0
      vertex -5.3934 -19.6335 12
      vertex -5.42944 -19.649 12
    endloop
  endfacet
  facet normal 0.395088 -0.918643 0
    outer loop
      vertex -5.3934 -19.6335 12
      vertex -5.42944 -19.649 0
      vertex -5.3934 -19.6335 0
    endloop
  endfacet
  facet normal 0.336094 -0.941828 0
    outer loop
      vertex -5.3934 -19.6335 0
      vertex -5.35641 -19.6203 12
      vertex -5.3934 -19.6335 12
    endloop
  endfacet
  facet normal 0.336094 -0.941828 0
    outer loop
      vertex -5.35641 -19.6203 12
      vertex -5.3934 -19.6335 0
      vertex -5.35641 -19.6203 0
    endloop
  endfacet
  facet normal 0.272634 -0.962118 0
    outer loop
      vertex -5.35641 -19.6203 0
      vertex -5.31865 -19.6096 12
      vertex -5.35641 -19.6203 12
    endloop
  endfacet
  facet normal 0.272634 -0.962118 0
    outer loop
      vertex -5.31865 -19.6096 12
      vertex -5.35641 -19.6203 0
      vertex -5.31865 -19.6096 0
    endloop
  endfacet
  facet normal 0.21132 -0.977417 0
    outer loop
      vertex -5.31865 -19.6096 0
      vertex -5.28026 -19.6013 12
      vertex -5.31865 -19.6096 12
    endloop
  endfacet
  facet normal 0.21132 -0.977417 0
    outer loop
      vertex -5.28026 -19.6013 12
      vertex -5.31865 -19.6096 0
      vertex -5.28026 -19.6013 0
    endloop
  endfacet
  facet normal 0.145164 -0.989408 0
    outer loop
      vertex -5.28026 -19.6013 0
      vertex -5.24141 -19.5956 12
      vertex -5.28026 -19.6013 12
    endloop
  endfacet
  facet normal 0.145164 -0.989408 0
    outer loop
      vertex -5.24141 -19.5956 12
      vertex -5.28026 -19.6013 0
      vertex -5.24141 -19.5956 0
    endloop
  endfacet
  facet normal 0.0789556 -0.996878 0
    outer loop
      vertex -5.24141 -19.5956 0
      vertex -5.20227 -19.5925 12
      vertex -5.24141 -19.5956 12
    endloop
  endfacet
  facet normal 0.0789556 -0.996878 0
    outer loop
      vertex -5.20227 -19.5925 12
      vertex -5.24141 -19.5956 0
      vertex -5.20227 -19.5925 0
    endloop
  endfacet
  facet normal 0.0152809 -0.999883 0
    outer loop
      vertex -5.20227 -19.5925 0
      vertex -5.16301 -19.5919 12
      vertex -5.20227 -19.5925 12
    endloop
  endfacet
  facet normal 0.0152809 -0.999883 0
    outer loop
      vertex -5.16301 -19.5919 12
      vertex -5.20227 -19.5925 0
      vertex -5.16301 -19.5919 0
    endloop
  endfacet
  facet normal -0.0509541 -0.998701 0
    outer loop
      vertex -5.16301 -19.5919 0
      vertex -5.12381 -19.5939 12
      vertex -5.16301 -19.5919 12
    endloop
  endfacet
  facet normal -0.0509541 -0.998701 -0
    outer loop
      vertex -5.12381 -19.5939 12
      vertex -5.16301 -19.5919 0
      vertex -5.12381 -19.5939 0
    endloop
  endfacet
  facet normal -0.114624 -0.993409 0
    outer loop
      vertex -5.12381 -19.5939 0
      vertex -5.08481 -19.5984 12
      vertex -5.12381 -19.5939 12
    endloop
  endfacet
  facet normal -0.114624 -0.993409 -0
    outer loop
      vertex -5.08481 -19.5984 12
      vertex -5.12381 -19.5939 0
      vertex -5.08481 -19.5984 0
    endloop
  endfacet
  facet normal -0.188732 -0.982029 0
    outer loop
      vertex -5.08481 -19.5984 0
      vertex -5.03746 -19.6075 12
      vertex -5.08481 -19.5984 12
    endloop
  endfacet
  facet normal -0.188732 -0.982029 -0
    outer loop
      vertex -5.03746 -19.6075 12
      vertex -5.08481 -19.5984 0
      vertex -5.03746 -19.6075 0
    endloop
  endfacet
  facet normal -0.227051 -0.973883 0
    outer loop
      vertex -5.03746 -19.6075 0
      vertex -3.95056 -19.8609 12
      vertex -5.03746 -19.6075 12
    endloop
  endfacet
  facet normal -0.227051 -0.973883 -0
    outer loop
      vertex -3.95056 -19.8609 12
      vertex -5.03746 -19.6075 0
      vertex -3.95056 -19.8609 0
    endloop
  endfacet
  facet normal -0.162902 -0.986642 0
    outer loop
      vertex -3.95056 -19.8609 0
      vertex -2.84946 -20.0427 12
      vertex -3.95056 -19.8609 12
    endloop
  endfacet
  facet normal -0.162902 -0.986642 -0
    outer loop
      vertex -2.84946 -20.0427 12
      vertex -3.95056 -19.8609 0
      vertex -2.84946 -20.0427 0
    endloop
  endfacet
  facet normal -0.193569 -0.981087 0
    outer loop
      vertex -2.84946 -20.0427 0
      vertex -2.81094 -20.0503 12
      vertex -2.84946 -20.0427 12
    endloop
  endfacet
  facet normal -0.193569 -0.981087 -0
    outer loop
      vertex -2.81094 -20.0503 12
      vertex -2.84946 -20.0427 0
      vertex -2.81094 -20.0503 0
    endloop
  endfacet
  facet normal -0.259818 -0.965658 0
    outer loop
      vertex -2.81094 -20.0503 0
      vertex -2.77303 -20.0605 12
      vertex -2.81094 -20.0503 12
    endloop
  endfacet
  facet normal -0.259818 -0.965658 -0
    outer loop
      vertex -2.77303 -20.0605 12
      vertex -2.81094 -20.0503 0
      vertex -2.77303 -20.0605 0
    endloop
  endfacet
  facet normal -0.320884 -0.947118 0
    outer loop
      vertex -2.77303 -20.0605 0
      vertex -2.73584 -20.0731 12
      vertex -2.77303 -20.0605 12
    endloop
  endfacet
  facet normal -0.320884 -0.947118 -0
    outer loop
      vertex -2.73584 -20.0731 12
      vertex -2.77303 -20.0605 0
      vertex -2.73584 -20.0731 0
    endloop
  endfacet
  facet normal -0.384344 -0.92319 0
    outer loop
      vertex -2.73584 -20.0731 0
      vertex -2.69957 -20.0882 12
      vertex -2.73584 -20.0731 12
    endloop
  endfacet
  facet normal -0.384344 -0.92319 -0
    outer loop
      vertex -2.69957 -20.0882 12
      vertex -2.73584 -20.0731 0
      vertex -2.69957 -20.0882 0
    endloop
  endfacet
  facet normal -0.440882 -0.897565 0
    outer loop
      vertex -2.69957 -20.0882 0
      vertex -2.66435 -20.1055 12
      vertex -2.69957 -20.0882 12
    endloop
  endfacet
  facet normal -0.440882 -0.897565 -0
    outer loop
      vertex -2.66435 -20.1055 12
      vertex -2.69957 -20.0882 0
      vertex -2.66435 -20.1055 0
    endloop
  endfacet
  facet normal -0.501448 -0.865188 0
    outer loop
      vertex -2.66435 -20.1055 0
      vertex -2.63036 -20.1252 12
      vertex -2.66435 -20.1055 12
    endloop
  endfacet
  facet normal -0.501448 -0.865188 -0
    outer loop
      vertex -2.63036 -20.1252 12
      vertex -2.66435 -20.1055 0
      vertex -2.63036 -20.1252 0
    endloop
  endfacet
  facet normal -0.55517 -0.831737 0
    outer loop
      vertex -2.63036 -20.1252 0
      vertex -2.5977 -20.147 12
      vertex -2.63036 -20.1252 12
    endloop
  endfacet
  facet normal -0.55517 -0.831737 -0
    outer loop
      vertex -2.5977 -20.147 12
      vertex -2.63036 -20.1252 0
      vertex -2.5977 -20.147 0
    endloop
  endfacet
  facet normal -0.608849 -0.793286 0
    outer loop
      vertex -2.5977 -20.147 0
      vertex -2.56656 -20.1709 12
      vertex -2.5977 -20.147 12
    endloop
  endfacet
  facet normal -0.608849 -0.793286 -0
    outer loop
      vertex -2.56656 -20.1709 12
      vertex -2.5977 -20.147 0
      vertex -2.56656 -20.1709 0
    endloop
  endfacet
  facet normal -0.657945 -0.753066 0
    outer loop
      vertex -2.56656 -20.1709 0
      vertex -2.53703 -20.1967 12
      vertex -2.56656 -20.1709 12
    endloop
  endfacet
  facet normal -0.657945 -0.753066 -0
    outer loop
      vertex -2.53703 -20.1967 12
      vertex -2.56656 -20.1709 0
      vertex -2.53703 -20.1967 0
    endloop
  endfacet
  facet normal -0.707743 -0.70647 0
    outer loop
      vertex -2.50928 -20.2245 0
      vertex -2.53703 -20.1967 12
      vertex -2.53703 -20.1967 0
    endloop
  endfacet
  facet normal -0.707743 -0.70647 0
    outer loop
      vertex -2.53703 -20.1967 12
      vertex -2.50928 -20.2245 0
      vertex -2.50928 -20.2245 12
    endloop
  endfacet
  facet normal -0.751471 -0.659766 0
    outer loop
      vertex -2.48338 -20.254 0
      vertex -2.50928 -20.2245 12
      vertex -2.50928 -20.2245 0
    endloop
  endfacet
  facet normal -0.751471 -0.659766 0
    outer loop
      vertex -2.50928 -20.2245 12
      vertex -2.48338 -20.254 0
      vertex -2.48338 -20.254 12
    endloop
  endfacet
  facet normal -0.793975 -0.607951 0
    outer loop
      vertex -2.45949 -20.2852 0
      vertex -2.48338 -20.254 12
      vertex -2.48338 -20.254 0
    endloop
  endfacet
  facet normal -0.793975 -0.607951 0
    outer loop
      vertex -2.48338 -20.254 12
      vertex -2.45949 -20.2852 0
      vertex -2.45949 -20.2852 12
    endloop
  endfacet
  facet normal -0.831029 -0.556229 0
    outer loop
      vertex -2.43767 -20.3178 0
      vertex -2.45949 -20.2852 12
      vertex -2.45949 -20.2852 0
    endloop
  endfacet
  facet normal -0.831029 -0.556229 0
    outer loop
      vertex -2.45949 -20.2852 12
      vertex -2.43767 -20.3178 0
      vertex -2.43767 -20.3178 12
    endloop
  endfacet
  facet normal -0.866135 -0.499811 0
    outer loop
      vertex -2.41805 -20.3518 0
      vertex -2.43767 -20.3178 12
      vertex -2.43767 -20.3178 0
    endloop
  endfacet
  facet normal -0.866135 -0.499811 0
    outer loop
      vertex -2.43767 -20.3178 12
      vertex -2.41805 -20.3518 0
      vertex -2.41805 -20.3518 12
    endloop
  endfacet
  facet normal -0.896759 -0.44252 0
    outer loop
      vertex -2.40068 -20.387 0
      vertex -2.41805 -20.3518 12
      vertex -2.41805 -20.3518 0
    endloop
  endfacet
  facet normal -0.896759 -0.44252 0
    outer loop
      vertex -2.41805 -20.3518 12
      vertex -2.40068 -20.387 0
      vertex -2.40068 -20.387 12
    endloop
  endfacet
  facet normal -0.923933 -0.382554 0
    outer loop
      vertex -2.38565 -20.4233 0
      vertex -2.40068 -20.387 12
      vertex -2.40068 -20.387 0
    endloop
  endfacet
  facet normal -0.923933 -0.382554 0
    outer loop
      vertex -2.40068 -20.387 12
      vertex -2.38565 -20.4233 0
      vertex -2.38565 -20.4233 12
    endloop
  endfacet
  facet normal -0.94699 -0.321264 0
    outer loop
      vertex -2.37303 -20.4605 0
      vertex -2.38565 -20.4233 12
      vertex -2.38565 -20.4233 0
    endloop
  endfacet
  facet normal -0.94699 -0.321264 0
    outer loop
      vertex -2.38565 -20.4233 12
      vertex -2.37303 -20.4605 0
      vertex -2.37303 -20.4605 12
    endloop
  endfacet
  facet normal -0.965896 -0.258931 0
    outer loop
      vertex -2.36287 -20.4984 0
      vertex -2.37303 -20.4605 12
      vertex -2.37303 -20.4605 0
    endloop
  endfacet
  facet normal -0.965896 -0.258931 0
    outer loop
      vertex -2.37303 -20.4605 12
      vertex -2.36287 -20.4984 0
      vertex -2.36287 -20.4984 12
    endloop
  endfacet
  facet normal -0.980776 -0.195136 0
    outer loop
      vertex -2.35521 -20.5369 0
      vertex -2.36287 -20.4984 12
      vertex -2.36287 -20.4984 0
    endloop
  endfacet
  facet normal -0.980776 -0.195136 0
    outer loop
      vertex -2.36287 -20.4984 12
      vertex -2.35521 -20.5369 0
      vertex -2.35521 -20.5369 12
    endloop
  endfacet
  facet normal -0.991459 -0.130415 0
    outer loop
      vertex -2.35008 -20.5759 0
      vertex -2.35521 -20.5369 12
      vertex -2.35521 -20.5369 0
    endloop
  endfacet
  facet normal -0.991459 -0.130415 0
    outer loop
      vertex -2.35521 -20.5369 12
      vertex -2.35008 -20.5759 0
      vertex -2.35008 -20.5759 12
    endloop
  endfacet
  facet normal -0.99783 -0.0658415 0
    outer loop
      vertex -2.3475 -20.615 0
      vertex -2.35008 -20.5759 12
      vertex -2.35008 -20.5759 0
    endloop
  endfacet
  facet normal -0.99783 -0.0658415 0
    outer loop
      vertex -2.35008 -20.5759 12
      vertex -2.3475 -20.615 0
      vertex -2.3475 -20.615 12
    endloop
  endfacet
  facet normal -1 0 0
    outer loop
      vertex -2.3475 -20.6543 0
      vertex -2.3475 -20.615 12
      vertex -2.3475 -20.615 0
    endloop
  endfacet
  facet normal -1 -0 0
    outer loop
      vertex -2.3475 -20.615 12
      vertex -2.3475 -20.6543 0
      vertex -2.3475 -20.6543 12
    endloop
  endfacet
  facet normal -0.997318 0.0731919 0
    outer loop
      vertex -2.35103 -20.7024 0
      vertex -2.3475 -20.6543 12
      vertex -2.3475 -20.6543 0
    endloop
  endfacet
  facet normal -0.997318 0.0731919 0
    outer loop
      vertex -2.3475 -20.6543 12
      vertex -2.35103 -20.7024 0
      vertex -2.35103 -20.7024 12
    endloop
  endfacet
  facet normal -0.993612 0.11285 0
    outer loop
      vertex -2.53534 -22.3252 0
      vertex -2.35103 -20.7024 12
      vertex -2.35103 -20.7024 0
    endloop
  endfacet
  facet normal -0.993612 0.11285 0
    outer loop
      vertex -2.35103 -20.7024 12
      vertex -2.53534 -22.3252 0
      vertex -2.53534 -22.3252 12
    endloop
  endfacet
  facet normal -0.998954 0.0457372 0
    outer loop
      vertex -2.54919 -22.6277 0
      vertex -2.53534 -22.3252 12
      vertex -2.53534 -22.3252 0
    endloop
  endfacet
  facet normal -0.998954 0.0457372 0
    outer loop
      vertex -2.53534 -22.3252 12
      vertex -2.54919 -22.6277 0
      vertex -2.54919 -22.6277 12
    endloop
  endfacet
  facet normal -0.997729 -0.0673516 0
    outer loop
      vertex -2.52852 -22.9339 0
      vertex -2.54919 -22.6277 12
      vertex -2.54919 -22.6277 0
    endloop
  endfacet
  facet normal -0.997729 -0.0673516 0
    outer loop
      vertex -2.54919 -22.6277 12
      vertex -2.52852 -22.9339 0
      vertex -2.52852 -22.9339 12
    endloop
  endfacet
  facet normal -0.99127 -0.131848 0
    outer loop
      vertex -2.4875 -23.2423 0
      vertex -2.52852 -22.9339 12
      vertex -2.52852 -22.9339 0
    endloop
  endfacet
  facet normal -0.99127 -0.131848 0
    outer loop
      vertex -2.52852 -22.9339 12
      vertex -2.4875 -23.2423 0
      vertex -2.4875 -23.2423 12
    endloop
  endfacet
  facet normal -0.983185 -0.18261 0
    outer loop
      vertex -2.42996 -23.5521 0
      vertex -2.4875 -23.2423 12
      vertex -2.4875 -23.2423 0
    endloop
  endfacet
  facet normal -0.983185 -0.18261 0
    outer loop
      vertex -2.4875 -23.2423 12
      vertex -2.42996 -23.5521 0
      vertex -2.42996 -23.5521 12
    endloop
  endfacet
  facet normal -0.97416 -0.225861 0
    outer loop
      vertex -2.35797 -23.8626 0
      vertex -2.42996 -23.5521 12
      vertex -2.42996 -23.5521 0
    endloop
  endfacet
  facet normal -0.97416 -0.225861 0
    outer loop
      vertex -2.42996 -23.5521 12
      vertex -2.35797 -23.8626 0
      vertex -2.35797 -23.8626 12
    endloop
  endfacet
  facet normal -0.96447 -0.264194 0
    outer loop
      vertex -2.27245 -24.1748 0
      vertex -2.35797 -23.8626 12
      vertex -2.35797 -23.8626 0
    endloop
  endfacet
  facet normal -0.96447 -0.264194 0
    outer loop
      vertex -2.35797 -23.8626 12
      vertex -2.27245 -24.1748 0
      vertex -2.27245 -24.1748 12
    endloop
  endfacet
  facet normal -0.954297 -0.29886 0
    outer loop
      vertex -2.17474 -24.4868 0
      vertex -2.27245 -24.1748 12
      vertex -2.27245 -24.1748 0
    endloop
  endfacet
  facet normal -0.954297 -0.29886 0
    outer loop
      vertex -2.27245 -24.1748 12
      vertex -2.17474 -24.4868 0
      vertex -2.17474 -24.4868 12
    endloop
  endfacet
  facet normal -0.943656 -0.330928 0
    outer loop
      vertex -2.06508 -24.7995 0
      vertex -2.17474 -24.4868 12
      vertex -2.17474 -24.4868 0
    endloop
  endfacet
  facet normal -0.943656 -0.330928 0
    outer loop
      vertex -2.17474 -24.4868 12
      vertex -2.06508 -24.7995 0
      vertex -2.06508 -24.7995 12
    endloop
  endfacet
  facet normal -0.932718 -0.360605 0
    outer loop
      vertex -1.94403 -25.1126 0
      vertex -2.06508 -24.7995 12
      vertex -2.06508 -24.7995 0
    endloop
  endfacet
  facet normal -0.932718 -0.360605 0
    outer loop
      vertex -2.06508 -24.7995 12
      vertex -1.94403 -25.1126 0
      vertex -1.94403 -25.1126 12
    endloop
  endfacet
  facet normal -0.921404 -0.388605 0
    outer loop
      vertex -1.81219 -25.4252 0
      vertex -1.94403 -25.1126 12
      vertex -1.94403 -25.1126 0
    endloop
  endfacet
  facet normal -0.921404 -0.388605 0
    outer loop
      vertex -1.94403 -25.1126 12
      vertex -1.81219 -25.4252 0
      vertex -1.81219 -25.4252 12
    endloop
  endfacet
  facet normal -0.909889 -0.414851 0
    outer loop
      vertex -1.66971 -25.7377 0
      vertex -1.81219 -25.4252 12
      vertex -1.81219 -25.4252 0
    endloop
  endfacet
  facet normal -0.909889 -0.414851 0
    outer loop
      vertex -1.81219 -25.4252 12
      vertex -1.66971 -25.7377 0
      vertex -1.66971 -25.7377 12
    endloop
  endfacet
  facet normal -0.898076 -0.439841 0
    outer loop
      vertex -1.51715 -26.0492 0
      vertex -1.66971 -25.7377 12
      vertex -1.66971 -25.7377 0
    endloop
  endfacet
  facet normal -0.898076 -0.439841 0
    outer loop
      vertex -1.66971 -25.7377 12
      vertex -1.51715 -26.0492 0
      vertex -1.51715 -26.0492 12
    endloop
  endfacet
  facet normal -0.886031 -0.463626 0
    outer loop
      vertex -1.35384 -26.3613 0
      vertex -1.51715 -26.0492 12
      vertex -1.51715 -26.0492 0
    endloop
  endfacet
  facet normal -0.886031 -0.463626 0
    outer loop
      vertex -1.51715 -26.0492 12
      vertex -1.35384 -26.3613 0
      vertex -1.35384 -26.3613 12
    endloop
  endfacet
  facet normal -0.873722 -0.486426 0
    outer loop
      vertex -1.18092 -26.6719 0
      vertex -1.35384 -26.3613 12
      vertex -1.35384 -26.3613 0
    endloop
  endfacet
  facet normal -0.873722 -0.486426 0
    outer loop
      vertex -1.35384 -26.3613 12
      vertex -1.18092 -26.6719 0
      vertex -1.18092 -26.6719 12
    endloop
  endfacet
  facet normal -0.86135 -0.508013 0
    outer loop
      vertex -0.998322 -26.9815 0
      vertex -1.18092 -26.6719 12
      vertex -1.18092 -26.6719 0
    endloop
  endfacet
  facet normal -0.86135 -0.508013 0
    outer loop
      vertex -1.18092 -26.6719 12
      vertex -0.998322 -26.9815 0
      vertex -0.998322 -26.9815 12
    endloop
  endfacet
  facet normal 0 -1 0
    outer loop
      vertex -0.998322 -26.9815 0
      vertex 0.998322 -26.9815 12
      vertex -0.998322 -26.9815 12
    endloop
  endfacet
  facet normal 0 -1 -0
    outer loop
      vertex 0.998322 -26.9815 12
      vertex -0.998322 -26.9815 0
      vertex 0.998322 -26.9815 0
    endloop
  endfacet
  facet normal 0.86135 -0.508013 0
    outer loop
      vertex 0.998322 -26.9815 12
      vertex 1.18092 -26.6719 0
      vertex 1.18092 -26.6719 12
    endloop
  endfacet
  facet normal 0.86135 -0.508013 0
    outer loop
      vertex 1.18092 -26.6719 0
      vertex 0.998322 -26.9815 12
      vertex 0.998322 -26.9815 0
    endloop
  endfacet
  facet normal -0.995183 -0.0980314 0
    outer loop
      vertex 3.99144 0.261612 0
      vertex 3.96578 0.522104 12
      vertex 3.96578 0.522104 0
    endloop
  endfacet
  facet normal -0.995183 -0.0980314 0
    outer loop
      vertex 3.96578 0.522104 12
      vertex 3.99144 0.261612 0
      vertex 3.99144 0.261612 12
    endloop
  endfacet
  facet normal -0.999465 -0.0327027 0
    outer loop
      vertex 4 0 0
      vertex 3.99144 0.261612 12
      vertex 3.99144 0.261612 0
    endloop
  endfacet
  facet normal -0.999465 -0.0327027 0
    outer loop
      vertex 3.99144 0.261612 12
      vertex 4 0 0
      vertex 4 0 12
    endloop
  endfacet
  facet normal 0.956943 0.290277 0
    outer loop
      vertex -3.78772 -1.28576 12
      vertex -3.8637 -1.03528 0
      vertex -3.8637 -1.03528 12
    endloop
  endfacet
  facet normal 0.956943 0.290277 0
    outer loop
      vertex -3.8637 -1.03528 0
      vertex -3.78772 -1.28576 12
      vertex -3.78772 -1.28576 0
    endloop
  endfacet
  facet normal -0.352249 0.935906 0
    outer loop
      vertex 1.53073 -3.69552 0
      vertex 1.28576 -3.78772 12
      vertex 1.53073 -3.69552 12
    endloop
  endfacet
  facet normal -0.352249 0.935906 0
    outer loop
      vertex 1.28576 -3.78772 12
      vertex 1.53073 -3.69552 0
      vertex 1.28576 -3.78772 0
    endloop
  endfacet
  facet normal 0.999465 -0.0327027 0
    outer loop
      vertex -4 0 12
      vertex -3.99144 0.261612 0
      vertex -3.99144 0.261612 12
    endloop
  endfacet
  facet normal 0.999465 -0.0327027 0
    outer loop
      vertex -3.99144 0.261612 0
      vertex -4 0 12
      vertex -4 0 0
    endloop
  endfacet
  facet normal -0.227081 -0.973876 0
    outer loop
      vertex 0.780361 3.92314 0
      vertex 1.03528 3.8637 12
      vertex 0.780361 3.92314 12
    endloop
  endfacet
  facet normal -0.227081 -0.973876 -0
    outer loop
      vertex 1.03528 3.8637 12
      vertex 0.780361 3.92314 0
      vertex 1.03528 3.8637 0
    endloop
  endfacet
  facet normal 0.634398 -0.773007 0
    outer loop
      vertex -2.63738 3.00736 0
      vertex -2.43505 3.17341 12
      vertex -2.63738 3.00736 12
    endloop
  endfacet
  facet normal 0.634398 -0.773007 0
    outer loop
      vertex -2.43505 3.17341 12
      vertex -2.63738 3.00736 0
      vertex -2.43505 3.17341 0
    endloop
  endfacet
  facet normal -0.290277 0.956943 0
    outer loop
      vertex 1.28576 -3.78772 0
      vertex 1.03528 -3.8637 12
      vertex 1.28576 -3.78772 12
    endloop
  endfacet
  facet normal -0.290277 0.956943 0
    outer loop
      vertex 1.03528 -3.8637 12
      vertex 1.28576 -3.78772 0
      vertex 1.03528 -3.8637 0
    endloop
  endfacet
  facet normal 0.227081 -0.973876 0
    outer loop
      vertex -1.03528 3.8637 0
      vertex -0.780361 3.92314 12
      vertex -1.03528 3.8637 12
    endloop
  endfacet
  facet normal 0.227081 -0.973876 0
    outer loop
      vertex -0.780361 3.92314 12
      vertex -1.03528 3.8637 0
      vertex -0.780361 3.92314 0
    endloop
  endfacet
  facet normal -0.162901 0.986642 0
    outer loop
      vertex 0.780361 -3.92314 0
      vertex 0.522104 -3.96578 12
      vertex 0.780361 -3.92314 12
    endloop
  endfacet
  facet normal -0.162901 0.986642 0
    outer loop
      vertex 0.522104 -3.96578 12
      vertex 0.780361 -3.92314 0
      vertex 0.522104 -3.96578 0
    endloop
  endfacet
  facet normal 0.986642 -0.162901 0
    outer loop
      vertex -3.96578 0.522104 12
      vertex -3.92314 0.780361 0
      vertex -3.92314 0.780361 12
    endloop
  endfacet
  facet normal 0.986642 -0.162901 0
    outer loop
      vertex -3.92314 0.780361 0
      vertex -3.96578 0.522104 12
      vertex -3.96578 0.522104 0
    endloop
  endfacet
  facet normal 0.773007 0.634398 0
    outer loop
      vertex -3.00736 -2.63738 12
      vertex -3.17341 -2.43505 0
      vertex -3.17341 -2.43505 12
    endloop
  endfacet
  facet normal 0.773007 0.634398 0
    outer loop
      vertex -3.17341 -2.43505 0
      vertex -3.00736 -2.63738 12
      vertex -3.00736 -2.63738 0
    endloop
  endfacet
  facet normal -0.973876 -0.227081 0
    outer loop
      vertex 3.92314 0.780361 0
      vertex 3.8637 1.03528 12
      vertex 3.8637 1.03528 0
    endloop
  endfacet
  facet normal -0.973876 -0.227081 0
    outer loop
      vertex 3.8637 1.03528 12
      vertex 3.92314 0.780361 0
      vertex 3.92314 0.780361 12
    endloop
  endfacet
  facet normal -0.0327027 -0.999465 0
    outer loop
      vertex 0 4 0
      vertex 0.261612 3.99144 12
      vertex 0 4 12
    endloop
  endfacet
  facet normal -0.0327027 -0.999465 -0
    outer loop
      vertex 0.261612 3.99144 12
      vertex 0 4 0
      vertex 0.261612 3.99144 0
    endloop
  endfacet
  facet normal -0.773007 0.634398 0
    outer loop
      vertex 3.00736 -2.63738 0
      vertex 3.17341 -2.43505 12
      vertex 3.17341 -2.43505 0
    endloop
  endfacet
  facet normal -0.773007 0.634398 0
    outer loop
      vertex 3.17341 -2.43505 12
      vertex 3.00736 -2.63738 0
      vertex 3.00736 -2.63738 12
    endloop
  endfacet
  facet normal -0.956943 0.290277 0
    outer loop
      vertex 3.78772 -1.28576 0
      vertex 3.8637 -1.03528 12
      vertex 3.8637 -1.03528 0
    endloop
  endfacet
  facet normal -0.956943 0.290277 0
    outer loop
      vertex 3.8637 -1.03528 12
      vertex 3.78772 -1.28576 0
      vertex 3.78772 -1.28576 12
    endloop
  endfacet
  facet normal -0.412718 -0.910859 0
    outer loop
      vertex 1.53073 3.69552 0
      vertex 1.76915 3.58749 12
      vertex 1.53073 3.69552 12
    endloop
  endfacet
  facet normal -0.412718 -0.910859 -0
    outer loop
      vertex 1.76915 3.58749 12
      vertex 1.53073 3.69552 0
      vertex 1.76915 3.58749 0
    endloop
  endfacet
  facet normal 0.973876 0.227081 0
    outer loop
      vertex -3.8637 -1.03528 12
      vertex -3.92314 -0.780361 0
      vertex -3.92314 -0.780361 12
    endloop
  endfacet
  facet normal 0.973876 0.227081 0
    outer loop
      vertex -3.92314 -0.780361 0
      vertex -3.8637 -1.03528 12
      vertex -3.8637 -1.03528 0
    endloop
  endfacet
  facet normal 0.910859 -0.412718 0
    outer loop
      vertex -3.69552 1.53073 12
      vertex -3.58749 1.76915 0
      vertex -3.58749 1.76915 12
    endloop
  endfacet
  facet normal 0.910859 -0.412718 0
    outer loop
      vertex -3.58749 1.76915 0
      vertex -3.69552 1.53073 12
      vertex -3.69552 1.53073 0
    endloop
  endfacet
  facet normal 0.290277 0.956943 -0
    outer loop
      vertex -1.03528 -3.8637 0
      vertex -1.28576 -3.78772 12
      vertex -1.03528 -3.8637 12
    endloop
  endfacet
  facet normal 0.290277 0.956943 0
    outer loop
      vertex -1.28576 -3.78772 12
      vertex -1.03528 -3.8637 0
      vertex -1.28576 -3.78772 0
    endloop
  endfacet
  facet normal -0.290277 -0.956943 0
    outer loop
      vertex 1.03528 3.8637 0
      vertex 1.28576 3.78772 12
      vertex 1.03528 3.8637 12
    endloop
  endfacet
  facet normal -0.290277 -0.956943 -0
    outer loop
      vertex 1.28576 3.78772 12
      vertex 1.03528 3.8637 0
      vertex 1.28576 3.78772 0
    endloop
  endfacet
  facet normal 0.986642 0.162901 0
    outer loop
      vertex -3.92314 -0.780361 12
      vertex -3.96578 -0.522104 0
      vertex -3.96578 -0.522104 12
    endloop
  endfacet
  facet normal 0.986642 0.162901 0
    outer loop
      vertex -3.96578 -0.522104 0
      vertex -3.92314 -0.780361 12
      vertex -3.92314 -0.780361 0
    endloop
  endfacet
  facet normal 0.729879 -0.683576 0
    outer loop
      vertex -3.00736 2.63738 12
      vertex -2.82843 2.82843 0
      vertex -2.82843 2.82843 12
    endloop
  endfacet
  facet normal 0.729879 -0.683576 0
    outer loop
      vertex -2.82843 2.82843 0
      vertex -3.00736 2.63738 12
      vertex -3.00736 2.63738 0
    endloop
  endfacet
  facet normal -0.634398 -0.773007 0
    outer loop
      vertex 2.43505 3.17341 0
      vertex 2.63738 3.00736 12
      vertex 2.43505 3.17341 12
    endloop
  endfacet
  facet normal -0.634398 -0.773007 -0
    outer loop
      vertex 2.63738 3.00736 12
      vertex 2.43505 3.17341 0
      vertex 2.63738 3.00736 0
    endloop
  endfacet
  facet normal -0.582481 -0.812845 0
    outer loop
      vertex 2.22228 3.32588 0
      vertex 2.43505 3.17341 12
      vertex 2.22228 3.32588 12
    endloop
  endfacet
  facet normal -0.582481 -0.812845 -0
    outer loop
      vertex 2.43505 3.17341 12
      vertex 2.22228 3.32588 0
      vertex 2.43505 3.17341 0
    endloop
  endfacet
  facet normal 0.910859 0.412718 0
    outer loop
      vertex -3.58749 -1.76915 12
      vertex -3.69552 -1.53073 0
      vertex -3.69552 -1.53073 12
    endloop
  endfacet
  facet normal 0.910859 0.412718 0
    outer loop
      vertex -3.69552 -1.53073 0
      vertex -3.58749 -1.76915 12
      vertex -3.58749 -1.76915 0
    endloop
  endfacet
  facet normal 0.352249 0.935906 -0
    outer loop
      vertex -1.28576 -3.78772 0
      vertex -1.53073 -3.69552 12
      vertex -1.28576 -3.78772 12
    endloop
  endfacet
  facet normal 0.352249 0.935906 0
    outer loop
      vertex -1.53073 -3.69552 12
      vertex -1.28576 -3.78772 0
      vertex -1.53073 -3.69552 0
    endloop
  endfacet
  facet normal -0.773007 -0.634398 0
    outer loop
      vertex 3.17341 2.43505 0
      vertex 3.00736 2.63738 12
      vertex 3.00736 2.63738 0
    endloop
  endfacet
  facet normal -0.773007 -0.634398 0
    outer loop
      vertex 3.00736 2.63738 12
      vertex 3.17341 2.43505 0
      vertex 3.17341 2.43505 12
    endloop
  endfacet
  facet normal 0.973876 -0.227081 0
    outer loop
      vertex -3.92314 0.780361 12
      vertex -3.8637 1.03528 0
      vertex -3.8637 1.03528 12
    endloop
  endfacet
  facet normal 0.973876 -0.227081 0
    outer loop
      vertex -3.8637 1.03528 0
      vertex -3.92314 0.780361 12
      vertex -3.92314 0.780361 0
    endloop
  endfacet
  facet normal 0.849207 0.528061 0
    outer loop
      vertex -3.32588 -2.22228 12
      vertex -3.4641 -2 0
      vertex -3.4641 -2 12
    endloop
  endfacet
  facet normal 0.849207 0.528061 0
    outer loop
      vertex -3.4641 -2 0
      vertex -3.32588 -2.22228 12
      vertex -3.32588 -2.22228 0
    endloop
  endfacet
  facet normal -0.995183 0.0980314 0
    outer loop
      vertex 3.96578 -0.522104 0
      vertex 3.99144 -0.261612 12
      vertex 3.99144 -0.261612 0
    endloop
  endfacet
  facet normal -0.995183 0.0980314 0
    outer loop
      vertex 3.99144 -0.261612 12
      vertex 3.96578 -0.522104 0
      vertex 3.96578 -0.522104 12
    endloop
  endfacet
  facet normal -0.999465 0.0327027 0
    outer loop
      vertex 3.99144 -0.261612 0
      vertex 4 0 12
      vertex 4 0 0
    endloop
  endfacet
  facet normal -0.999465 0.0327027 0
    outer loop
      vertex 4 0 12
      vertex 3.99144 -0.261612 0
      vertex 3.99144 -0.261612 12
    endloop
  endfacet
  facet normal -0.0980314 -0.995183 0
    outer loop
      vertex 0.261612 3.99144 0
      vertex 0.522104 3.96578 12
      vertex 0.261612 3.99144 12
    endloop
  endfacet
  facet normal -0.0980314 -0.995183 -0
    outer loop
      vertex 0.522104 3.96578 12
      vertex 0.261612 3.99144 0
      vertex 0.522104 3.96578 0
    endloop
  endfacet
  facet normal 0.935906 -0.352249 0
    outer loop
      vertex -3.78772 1.28576 12
      vertex -3.69552 1.53073 0
      vertex -3.69552 1.53073 12
    endloop
  endfacet
  facet normal 0.935906 -0.352249 0
    outer loop
      vertex -3.69552 1.53073 0
      vertex -3.78772 1.28576 12
      vertex -3.78772 1.28576 0
    endloop
  endfacet
  facet normal -0.162901 -0.986642 0
    outer loop
      vertex 0.522104 3.96578 0
      vertex 0.780361 3.92314 12
      vertex 0.522104 3.96578 12
    endloop
  endfacet
  facet normal -0.162901 -0.986642 -0
    outer loop
      vertex 0.780361 3.92314 12
      vertex 0.522104 3.96578 0
      vertex 0.780361 3.92314 0
    endloop
  endfacet
  facet normal 0.773007 -0.634398 0
    outer loop
      vertex -3.17341 2.43505 12
      vertex -3.00736 2.63738 0
      vertex -3.00736 2.63738 12
    endloop
  endfacet
  facet normal 0.773007 -0.634398 0
    outer loop
      vertex -3.00736 2.63738 0
      vertex -3.17341 2.43505 12
      vertex -3.17341 2.43505 0
    endloop
  endfacet
  facet normal 0.935906 0.352249 0
    outer loop
      vertex -3.69552 -1.53073 12
      vertex -3.78772 -1.28576 0
      vertex -3.78772 -1.28576 12
    endloop
  endfacet
  facet normal 0.935906 0.352249 0
    outer loop
      vertex -3.78772 -1.28576 0
      vertex -3.69552 -1.53073 12
      vertex -3.69552 -1.53073 0
    endloop
  endfacet
  facet normal -0.683576 -0.729879 0
    outer loop
      vertex 2.63738 3.00736 0
      vertex 2.82843 2.82843 12
      vertex 2.63738 3.00736 12
    endloop
  endfacet
  facet normal -0.683576 -0.729879 -0
    outer loop
      vertex 2.82843 2.82843 12
      vertex 2.63738 3.00736 0
      vertex 2.82843 2.82843 0
    endloop
  endfacet
  facet normal -0.471391 0.881924 0
    outer loop
      vertex 2 -3.4641 0
      vertex 1.76915 -3.58749 12
      vertex 2 -3.4641 12
    endloop
  endfacet
  facet normal -0.471391 0.881924 0
    outer loop
      vertex 1.76915 -3.58749 12
      vertex 2 -3.4641 0
      vertex 1.76915 -3.58749 0
    endloop
  endfacet
  facet normal -0.528061 -0.849207 0
    outer loop
      vertex 2 3.4641 0
      vertex 2.22228 3.32588 12
      vertex 2 3.4641 12
    endloop
  endfacet
  facet normal -0.528061 -0.849207 -0
    outer loop
      vertex 2.22228 3.32588 12
      vertex 2 3.4641 0
      vertex 2.22228 3.32588 0
    endloop
  endfacet
  facet normal -0.849207 -0.528061 0
    outer loop
      vertex 3.4641 2 0
      vertex 3.32588 2.22228 12
      vertex 3.32588 2.22228 0
    endloop
  endfacet
  facet normal -0.849207 -0.528061 0
    outer loop
      vertex 3.32588 2.22228 12
      vertex 3.4641 2 0
      vertex 3.4641 2 12
    endloop
  endfacet
  facet normal -0.634398 0.773007 0
    outer loop
      vertex 2.63738 -3.00736 0
      vertex 2.43505 -3.17341 12
      vertex 2.63738 -3.00736 12
    endloop
  endfacet
  facet normal -0.634398 0.773007 0
    outer loop
      vertex 2.43505 -3.17341 12
      vertex 2.63738 -3.00736 0
      vertex 2.43505 -3.17341 0
    endloop
  endfacet
  facet normal -0.0980314 0.995183 0
    outer loop
      vertex 0.522104 -3.96578 0
      vertex 0.261612 -3.99144 12
      vertex 0.522104 -3.96578 12
    endloop
  endfacet
  facet normal -0.0980314 0.995183 0
    outer loop
      vertex 0.261612 -3.99144 12
      vertex 0.522104 -3.96578 0
      vertex 0.261612 -3.99144 0
    endloop
  endfacet
  facet normal 0.290277 -0.956943 0
    outer loop
      vertex -1.28576 3.78772 0
      vertex -1.03528 3.8637 12
      vertex -1.28576 3.78772 12
    endloop
  endfacet
  facet normal 0.290277 -0.956943 0
    outer loop
      vertex -1.03528 3.8637 12
      vertex -1.28576 3.78772 0
      vertex -1.03528 3.8637 0
    endloop
  endfacet
  facet normal 0.0980314 0.995183 -0
    outer loop
      vertex -0.261612 -3.99144 0
      vertex -0.522104 -3.96578 12
      vertex -0.261612 -3.99144 12
    endloop
  endfacet
  facet normal 0.0980314 0.995183 0
    outer loop
      vertex -0.522104 -3.96578 12
      vertex -0.261612 -3.99144 0
      vertex -0.522104 -3.96578 0
    endloop
  endfacet
  facet normal 0.582481 -0.812845 0
    outer loop
      vertex -2.43505 3.17341 0
      vertex -2.22228 3.32588 12
      vertex -2.43505 3.17341 12
    endloop
  endfacet
  facet normal 0.582481 -0.812845 0
    outer loop
      vertex -2.22228 3.32588 12
      vertex -2.43505 3.17341 0
      vertex -2.22228 3.32588 0
    endloop
  endfacet
  facet normal -0.910859 -0.412718 0
    outer loop
      vertex 3.69552 1.53073 0
      vertex 3.58749 1.76915 12
      vertex 3.58749 1.76915 0
    endloop
  endfacet
  facet normal -0.910859 -0.412718 0
    outer loop
      vertex 3.58749 1.76915 12
      vertex 3.69552 1.53073 0
      vertex 3.69552 1.53073 12
    endloop
  endfacet
  facet normal -0.0327027 0.999465 0
    outer loop
      vertex 0.261612 -3.99144 0
      vertex 0 -4 12
      vertex 0.261612 -3.99144 12
    endloop
  endfacet
  facet normal -0.0327027 0.999465 0
    outer loop
      vertex 0 -4 12
      vertex 0.261612 -3.99144 0
      vertex 0 -4 0
    endloop
  endfacet
  facet normal -0.986642 0.162901 0
    outer loop
      vertex 3.92314 -0.780361 0
      vertex 3.96578 -0.522104 12
      vertex 3.96578 -0.522104 0
    endloop
  endfacet
  facet normal -0.986642 0.162901 0
    outer loop
      vertex 3.96578 -0.522104 12
      vertex 3.92314 -0.780361 0
      vertex 3.92314 -0.780361 12
    endloop
  endfacet
  facet normal -0.956943 -0.290277 0
    outer loop
      vertex 3.8637 1.03528 0
      vertex 3.78772 1.28576 12
      vertex 3.78772 1.28576 0
    endloop
  endfacet
  facet normal -0.956943 -0.290277 0
    outer loop
      vertex 3.78772 1.28576 12
      vertex 3.8637 1.03528 0
      vertex 3.8637 1.03528 12
    endloop
  endfacet
  facet normal 0.999465 0.0327027 0
    outer loop
      vertex -3.99144 -0.261612 12
      vertex -4 0 0
      vertex -4 0 12
    endloop
  endfacet
  facet normal 0.999465 0.0327027 0
    outer loop
      vertex -4 0 0
      vertex -3.99144 -0.261612 12
      vertex -3.99144 -0.261612 0
    endloop
  endfacet
  facet normal -0.881924 -0.471391 0
    outer loop
      vertex 3.58749 1.76915 0
      vertex 3.4641 2 12
      vertex 3.4641 2 0
    endloop
  endfacet
  facet normal -0.881924 -0.471391 0
    outer loop
      vertex 3.4641 2 12
      vertex 3.58749 1.76915 0
      vertex 3.58749 1.76915 12
    endloop
  endfacet
  facet normal -0.729879 0.683576 0
    outer loop
      vertex 2.82843 -2.82843 0
      vertex 3.00736 -2.63738 12
      vertex 3.00736 -2.63738 0
    endloop
  endfacet
  facet normal -0.729879 0.683576 0
    outer loop
      vertex 3.00736 -2.63738 12
      vertex 2.82843 -2.82843 0
      vertex 2.82843 -2.82843 12
    endloop
  endfacet
  facet normal -0.227081 0.973876 0
    outer loop
      vertex 1.03528 -3.8637 0
      vertex 0.780361 -3.92314 12
      vertex 1.03528 -3.8637 12
    endloop
  endfacet
  facet normal -0.227081 0.973876 0
    outer loop
      vertex 0.780361 -3.92314 12
      vertex 1.03528 -3.8637 0
      vertex 0.780361 -3.92314 0
    endloop
  endfacet
  facet normal -0.910859 0.412718 0
    outer loop
      vertex 3.58749 -1.76915 0
      vertex 3.69552 -1.53073 12
      vertex 3.69552 -1.53073 0
    endloop
  endfacet
  facet normal -0.910859 0.412718 0
    outer loop
      vertex 3.69552 -1.53073 12
      vertex 3.58749 -1.76915 0
      vertex 3.58749 -1.76915 12
    endloop
  endfacet
  facet normal 0.582481 0.812845 -0
    outer loop
      vertex -2.22228 -3.32588 0
      vertex -2.43505 -3.17341 12
      vertex -2.22228 -3.32588 12
    endloop
  endfacet
  facet normal 0.582481 0.812845 0
    outer loop
      vertex -2.43505 -3.17341 12
      vertex -2.22228 -3.32588 0
      vertex -2.43505 -3.17341 0
    endloop
  endfacet
  facet normal 0.812845 0.582481 0
    outer loop
      vertex -3.17341 -2.43505 12
      vertex -3.32588 -2.22228 0
      vertex -3.32588 -2.22228 12
    endloop
  endfacet
  facet normal 0.812845 0.582481 0
    outer loop
      vertex -3.32588 -2.22228 0
      vertex -3.17341 -2.43505 12
      vertex -3.17341 -2.43505 0
    endloop
  endfacet
  facet normal -0.582481 0.812845 0
    outer loop
      vertex 2.43505 -3.17341 0
      vertex 2.22228 -3.32588 12
      vertex 2.43505 -3.17341 12
    endloop
  endfacet
  facet normal -0.582481 0.812845 0
    outer loop
      vertex 2.22228 -3.32588 12
      vertex 2.43505 -3.17341 0
      vertex 2.22228 -3.32588 0
    endloop
  endfacet
  facet normal -0.729879 -0.683576 0
    outer loop
      vertex 3.00736 2.63738 0
      vertex 2.82843 2.82843 12
      vertex 2.82843 2.82843 0
    endloop
  endfacet
  facet normal -0.729879 -0.683576 0
    outer loop
      vertex 2.82843 2.82843 12
      vertex 3.00736 2.63738 0
      vertex 3.00736 2.63738 12
    endloop
  endfacet
  facet normal 0.412718 -0.910859 0
    outer loop
      vertex -1.76915 3.58749 0
      vertex -1.53073 3.69552 12
      vertex -1.76915 3.58749 12
    endloop
  endfacet
  facet normal 0.412718 -0.910859 0
    outer loop
      vertex -1.53073 3.69552 12
      vertex -1.76915 3.58749 0
      vertex -1.53073 3.69552 0
    endloop
  endfacet
  facet normal -0.471391 -0.881924 0
    outer loop
      vertex 1.76915 3.58749 0
      vertex 2 3.4641 12
      vertex 1.76915 3.58749 12
    endloop
  endfacet
  facet normal -0.471391 -0.881924 -0
    outer loop
      vertex 2 3.4641 12
      vertex 1.76915 3.58749 0
      vertex 2 3.4641 0
    endloop
  endfacet
  facet normal 0.956943 -0.290277 0
    outer loop
      vertex -3.8637 1.03528 12
      vertex -3.78772 1.28576 0
      vertex -3.78772 1.28576 12
    endloop
  endfacet
  facet normal 0.956943 -0.290277 0
    outer loop
      vertex -3.78772 1.28576 0
      vertex -3.8637 1.03528 12
      vertex -3.8637 1.03528 0
    endloop
  endfacet
  facet normal 0.162901 -0.986642 0
    outer loop
      vertex -0.780361 3.92314 0
      vertex -0.522104 3.96578 12
      vertex -0.780361 3.92314 12
    endloop
  endfacet
  facet normal 0.162901 -0.986642 0
    outer loop
      vertex -0.522104 3.96578 12
      vertex -0.780361 3.92314 0
      vertex -0.522104 3.96578 0
    endloop
  endfacet
  facet normal 0.683576 -0.729879 0
    outer loop
      vertex -2.82843 2.82843 0
      vertex -2.63738 3.00736 12
      vertex -2.82843 2.82843 12
    endloop
  endfacet
  facet normal 0.683576 -0.729879 0
    outer loop
      vertex -2.63738 3.00736 12
      vertex -2.82843 2.82843 0
      vertex -2.63738 3.00736 0
    endloop
  endfacet
  facet normal 0.812845 -0.582481 0
    outer loop
      vertex -3.32588 2.22228 12
      vertex -3.17341 2.43505 0
      vertex -3.17341 2.43505 12
    endloop
  endfacet
  facet normal 0.812845 -0.582481 0
    outer loop
      vertex -3.17341 2.43505 0
      vertex -3.32588 2.22228 12
      vertex -3.32588 2.22228 0
    endloop
  endfacet
  facet normal -0.528061 0.849207 0
    outer loop
      vertex 2.22228 -3.32588 0
      vertex 2 -3.4641 12
      vertex 2.22228 -3.32588 12
    endloop
  endfacet
  facet normal -0.528061 0.849207 0
    outer loop
      vertex 2 -3.4641 12
      vertex 2.22228 -3.32588 0
      vertex 2 -3.4641 0
    endloop
  endfacet
  facet normal -0.881924 0.471391 0
    outer loop
      vertex 3.4641 -2 0
      vertex 3.58749 -1.76915 12
      vertex 3.58749 -1.76915 0
    endloop
  endfacet
  facet normal -0.881924 0.471391 0
    outer loop
      vertex 3.58749 -1.76915 12
      vertex 3.4641 -2 0
      vertex 3.4641 -2 12
    endloop
  endfacet
  facet normal 0.849207 -0.528061 0
    outer loop
      vertex -3.4641 2 12
      vertex -3.32588 2.22228 0
      vertex -3.32588 2.22228 12
    endloop
  endfacet
  facet normal 0.849207 -0.528061 0
    outer loop
      vertex -3.32588 2.22228 0
      vertex -3.4641 2 12
      vertex -3.4641 2 0
    endloop
  endfacet
  facet normal 0.995183 -0.0980314 0
    outer loop
      vertex -3.99144 0.261612 12
      vertex -3.96578 0.522104 0
      vertex -3.96578 0.522104 12
    endloop
  endfacet
  facet normal 0.995183 -0.0980314 0
    outer loop
      vertex -3.96578 0.522104 0
      vertex -3.99144 0.261612 12
      vertex -3.99144 0.261612 0
    endloop
  endfacet
  facet normal -0.935906 0.352249 0
    outer loop
      vertex 3.69552 -1.53073 0
      vertex 3.78772 -1.28576 12
      vertex 3.78772 -1.28576 0
    endloop
  endfacet
  facet normal -0.935906 0.352249 0
    outer loop
      vertex 3.78772 -1.28576 12
      vertex 3.69552 -1.53073 0
      vertex 3.69552 -1.53073 12
    endloop
  endfacet
  facet normal 0.683576 0.729879 -0
    outer loop
      vertex -2.63738 -3.00736 0
      vertex -2.82843 -2.82843 12
      vertex -2.63738 -3.00736 12
    endloop
  endfacet
  facet normal 0.683576 0.729879 0
    outer loop
      vertex -2.82843 -2.82843 12
      vertex -2.63738 -3.00736 0
      vertex -2.82843 -2.82843 0
    endloop
  endfacet
  facet normal 0.528061 -0.849207 0
    outer loop
      vertex -2.22228 3.32588 0
      vertex -2 3.4641 12
      vertex -2.22228 3.32588 12
    endloop
  endfacet
  facet normal 0.528061 -0.849207 0
    outer loop
      vertex -2 3.4641 12
      vertex -2.22228 3.32588 0
      vertex -2 3.4641 0
    endloop
  endfacet
  facet normal 0.352249 -0.935906 0
    outer loop
      vertex -1.53073 3.69552 0
      vertex -1.28576 3.78772 12
      vertex -1.53073 3.69552 12
    endloop
  endfacet
  facet normal 0.352249 -0.935906 0
    outer loop
      vertex -1.28576 3.78772 12
      vertex -1.53073 3.69552 0
      vertex -1.28576 3.78772 0
    endloop
  endfacet
  facet normal -0.812845 -0.582481 0
    outer loop
      vertex 3.32588 2.22228 0
      vertex 3.17341 2.43505 12
      vertex 3.17341 2.43505 0
    endloop
  endfacet
  facet normal -0.812845 -0.582481 0
    outer loop
      vertex 3.17341 2.43505 12
      vertex 3.32588 2.22228 0
      vertex 3.32588 2.22228 12
    endloop
  endfacet
  facet normal -0.935906 -0.352249 0
    outer loop
      vertex 3.78772 1.28576 0
      vertex 3.69552 1.53073 12
      vertex 3.69552 1.53073 0
    endloop
  endfacet
  facet normal -0.935906 -0.352249 0
    outer loop
      vertex 3.69552 1.53073 12
      vertex 3.78772 1.28576 0
      vertex 3.78772 1.28576 12
    endloop
  endfacet
  facet normal -0.986642 -0.162901 0
    outer loop
      vertex 3.96578 0.522104 0
      vertex 3.92314 0.780361 12
      vertex 3.92314 0.780361 0
    endloop
  endfacet
  facet normal -0.986642 -0.162901 0
    outer loop
      vertex 3.92314 0.780361 12
      vertex 3.96578 0.522104 0
      vertex 3.96578 0.522104 12
    endloop
  endfacet
  facet normal 0.0980314 -0.995183 0
    outer loop
      vertex -0.522104 3.96578 0
      vertex -0.261612 3.99144 12
      vertex -0.522104 3.96578 12
    endloop
  endfacet
  facet normal 0.0980314 -0.995183 0
    outer loop
      vertex -0.261612 3.99144 12
      vertex -0.522104 3.96578 0
      vertex -0.261612 3.99144 0
    endloop
  endfacet
  facet normal 0.412718 0.910859 -0
    outer loop
      vertex -1.53073 -3.69552 0
      vertex -1.76915 -3.58749 12
      vertex -1.53073 -3.69552 12
    endloop
  endfacet
  facet normal 0.412718 0.910859 0
    outer loop
      vertex -1.76915 -3.58749 12
      vertex -1.53073 -3.69552 0
      vertex -1.76915 -3.58749 0
    endloop
  endfacet
  facet normal -0.683576 0.729879 0
    outer loop
      vertex 2.82843 -2.82843 0
      vertex 2.63738 -3.00736 12
      vertex 2.82843 -2.82843 12
    endloop
  endfacet
  facet normal -0.683576 0.729879 0
    outer loop
      vertex 2.63738 -3.00736 12
      vertex 2.82843 -2.82843 0
      vertex 2.63738 -3.00736 0
    endloop
  endfacet
  facet normal 0.0327027 -0.999465 0
    outer loop
      vertex -0.261612 3.99144 0
      vertex 0 4 12
      vertex -0.261612 3.99144 12
    endloop
  endfacet
  facet normal 0.0327027 -0.999465 0
    outer loop
      vertex 0 4 12
      vertex -0.261612 3.99144 0
      vertex 0 4 0
    endloop
  endfacet
  facet normal 0.528061 0.849207 -0
    outer loop
      vertex -2 -3.4641 0
      vertex -2.22228 -3.32588 12
      vertex -2 -3.4641 12
    endloop
  endfacet
  facet normal 0.528061 0.849207 0
    outer loop
      vertex -2.22228 -3.32588 12
      vertex -2 -3.4641 0
      vertex -2.22228 -3.32588 0
    endloop
  endfacet
  facet normal 0.0327027 0.999465 -0
    outer loop
      vertex 0 -4 0
      vertex -0.261612 -3.99144 12
      vertex 0 -4 12
    endloop
  endfacet
  facet normal 0.0327027 0.999465 0
    outer loop
      vertex -0.261612 -3.99144 12
      vertex 0 -4 0
      vertex -0.261612 -3.99144 0
    endloop
  endfacet
  facet normal -0.412718 0.910859 0
    outer loop
      vertex 1.76915 -3.58749 0
      vertex 1.53073 -3.69552 12
      vertex 1.76915 -3.58749 12
    endloop
  endfacet
  facet normal -0.412718 0.910859 0
    outer loop
      vertex 1.53073 -3.69552 12
      vertex 1.76915 -3.58749 0
      vertex 1.53073 -3.69552 0
    endloop
  endfacet
  facet normal 0.995183 0.0980314 0
    outer loop
      vertex -3.96578 -0.522104 12
      vertex -3.99144 -0.261612 0
      vertex -3.99144 -0.261612 12
    endloop
  endfacet
  facet normal 0.995183 0.0980314 0
    outer loop
      vertex -3.99144 -0.261612 0
      vertex -3.96578 -0.522104 12
      vertex -3.96578 -0.522104 0
    endloop
  endfacet
  facet normal 0.227081 0.973876 -0
    outer loop
      vertex -0.780361 -3.92314 0
      vertex -1.03528 -3.8637 12
      vertex -0.780361 -3.92314 12
    endloop
  endfacet
  facet normal 0.227081 0.973876 0
    outer loop
      vertex -1.03528 -3.8637 12
      vertex -0.780361 -3.92314 0
      vertex -1.03528 -3.8637 0
    endloop
  endfacet
  facet normal 0.729879 0.683576 0
    outer loop
      vertex -2.82843 -2.82843 12
      vertex -3.00736 -2.63738 0
      vertex -3.00736 -2.63738 12
    endloop
  endfacet
  facet normal 0.729879 0.683576 0
    outer loop
      vertex -3.00736 -2.63738 0
      vertex -2.82843 -2.82843 12
      vertex -2.82843 -2.82843 0
    endloop
  endfacet
  facet normal 0.471391 -0.881924 0
    outer loop
      vertex -2 3.4641 0
      vertex -1.76915 3.58749 12
      vertex -2 3.4641 12
    endloop
  endfacet
  facet normal 0.471391 -0.881924 0
    outer loop
      vertex -1.76915 3.58749 12
      vertex -2 3.4641 0
      vertex -1.76915 3.58749 0
    endloop
  endfacet
  facet normal -0.973876 0.227081 0
    outer loop
      vertex 3.8637 -1.03528 0
      vertex 3.92314 -0.780361 12
      vertex 3.92314 -0.780361 0
    endloop
  endfacet
  facet normal -0.973876 0.227081 0
    outer loop
      vertex 3.92314 -0.780361 12
      vertex 3.8637 -1.03528 0
      vertex 3.8637 -1.03528 12
    endloop
  endfacet
  facet normal 0.162901 0.986642 -0
    outer loop
      vertex -0.522104 -3.96578 0
      vertex -0.780361 -3.92314 12
      vertex -0.522104 -3.96578 12
    endloop
  endfacet
  facet normal 0.162901 0.986642 0
    outer loop
      vertex -0.780361 -3.92314 12
      vertex -0.522104 -3.96578 0
      vertex -0.780361 -3.92314 0
    endloop
  endfacet
  facet normal -0.849207 0.528061 0
    outer loop
      vertex 3.32588 -2.22228 0
      vertex 3.4641 -2 12
      vertex 3.4641 -2 0
    endloop
  endfacet
  facet normal -0.849207 0.528061 0
    outer loop
      vertex 3.4641 -2 12
      vertex 3.32588 -2.22228 0
      vertex 3.32588 -2.22228 12
    endloop
  endfacet
  facet normal -0.812845 0.582481 0
    outer loop
      vertex 3.17341 -2.43505 0
      vertex 3.32588 -2.22228 12
      vertex 3.32588 -2.22228 0
    endloop
  endfacet
  facet normal -0.812845 0.582481 0
    outer loop
      vertex 3.32588 -2.22228 12
      vertex 3.17341 -2.43505 0
      vertex 3.17341 -2.43505 12
    endloop
  endfacet
  facet normal 0.881924 -0.471391 0
    outer loop
      vertex -3.58749 1.76915 12
      vertex -3.4641 2 0
      vertex -3.4641 2 12
    endloop
  endfacet
  facet normal 0.881924 -0.471391 0
    outer loop
      vertex -3.4641 2 0
      vertex -3.58749 1.76915 12
      vertex -3.58749 1.76915 0
    endloop
  endfacet
  facet normal 0.471391 0.881924 -0
    outer loop
      vertex -1.76915 -3.58749 0
      vertex -2 -3.4641 12
      vertex -1.76915 -3.58749 12
    endloop
  endfacet
  facet normal 0.471391 0.881924 0
    outer loop
      vertex -2 -3.4641 12
      vertex -1.76915 -3.58749 0
      vertex -2 -3.4641 0
    endloop
  endfacet
  facet normal -0.352249 -0.935906 0
    outer loop
      vertex 1.28576 3.78772 0
      vertex 1.53073 3.69552 12
      vertex 1.28576 3.78772 12
    endloop
  endfacet
  facet normal -0.352249 -0.935906 -0
    outer loop
      vertex 1.53073 3.69552 12
      vertex 1.28576 3.78772 0
      vertex 1.53073 3.69552 0
    endloop
  endfacet
  facet normal 0.881924 0.471391 0
    outer loop
      vertex -3.4641 -2 12
      vertex -3.58749 -1.76915 0
      vertex -3.58749 -1.76915 12
    endloop
  endfacet
  facet normal 0.881924 0.471391 0
    outer loop
      vertex -3.58749 -1.76915 0
      vertex -3.4641 -2 12
      vertex -3.4641 -2 0
    endloop
  endfacet
  facet normal 0.634398 0.773007 -0
    outer loop
      vertex -2.43505 -3.17341 0
      vertex -2.63738 -3.00736 12
      vertex -2.43505 -3.17341 12
    endloop
  endfacet
  facet normal 0.634398 0.773007 0
    outer loop
      vertex -2.63738 -3.00736 12
      vertex -2.43505 -3.17341 0
      vertex -2.63738 -3.00736 0
    endloop
  endfacet
endsolid OpenSCAD_Model
